Timestamp,Pendulo
2026-09-16 17:25:42.884898,254
2026-09-16 17:25:43.249621,255
2026-09-16 17:25:43.265858,256
2026-09-16 17:25:43.274025,257
2026-09-16 17:25:43.282159,258
2026-09-16 17:25:43.290413,259
2026-09-16 17:25:43.294422,260
2026-09-16 17:25:43.298587,261
2026-09-16 17:25:43.306751,262
2026-09-16 17:25:43.310870,263
2026-09-16 17:25:43.314958,264
2026-09-16 17:25:43.319193,265
2026-09-16 17:25:43.327203,266
2026-09-16 17:25:43.331477,267
2026-09-16 17:25:43.335486,268
2026-09-16 17:25:43.343609,269
2026-09-16 17:25:43.347720,270
2026-09-16 17:25:43.352064,271
2026-09-16 17:25:43.355984,272
2026-09-16 17:25:43.364143,273
2026-09-16 17:25:43.368308,274
2026-09-16 17:25:43.372346,275
2026-09-16 17:25:43.376430,276
2026-09-16 17:25:43.384549,277
2026-09-16 17:25:43.388703,278
2026-09-16 17:25:43.392823,279
2026-09-16 17:25:43.396893,280
2026-09-16 17:25:43.405069,281
2026-09-16 17:25:43.409209,282
2026-09-16 17:25:43.413388,283
2026-09-16 17:25:43.421460,284
2026-09-16 17:25:43.425586,285
2026-09-16 17:25:43.429721,286
2026-09-16 17:25:43.433846,288
2026-09-16 17:25:43.441996,292
2026-09-16 17:25:43.446155,296
2026-09-16 17:25:43.450135,300
2026-09-16 17:25:43.454290,304
2026-09-16 17:25:43.462562,309
2026-09-16 17:25:43.466614,314
2026-09-16 17:25:43.470608,319
2026-09-16 17:25:43.478855,324
2026-09-16 17:25:43.482946,330
2026-09-16 17:25:43.486968,335
2026-09-16 17:25:43.491189,341
2026-09-16 17:25:43.499336,348
2026-09-16 17:25:43.503336,354
2026-09-16 17:25:43.507456,361
2026-09-16 17:25:43.511593,367
2026-09-16 17:25:43.519697,374
2026-09-16 17:25:43.523830,382
2026-09-16 17:25:43.527982,389
2026-09-16 17:25:43.532102,396
2026-09-16 17:25:43.540247,404
2026-09-16 17:25:43.544390,412
2026-09-16 17:25:43.548646,420
2026-09-16 17:25:43.556594,428
2026-09-16 17:25:43.560727,437
2026-09-16 17:25:43.564828,445
2026-09-16 17:25:43.569231,453
2026-09-16 17:25:43.577087,462
2026-09-16 17:25:43.581215,471
2026-09-16 17:25:43.585315,480
2026-09-16 17:25:43.589390,488
2026-09-16 17:25:43.597567,497
2026-09-16 17:25:43.601697,506
2026-09-16 17:25:43.605804,515
2026-09-16 17:25:43.613949,524
2026-09-16 17:25:43.618193,533
2026-09-16 17:25:43.622188,542
2026-09-16 17:25:43.626296,551
2026-09-16 17:25:43.634495,560
2026-09-16 17:25:43.638546,568
2026-09-16 17:25:43.642660,577
2026-09-16 17:25:43.646773,586
2026-09-16 17:25:43.654916,594
2026-09-16 17:25:43.659083,603
2026-09-16 17:25:43.663235,611
2026-09-16 17:25:43.671337,619
2026-09-16 17:25:43.675394,627
2026-09-16 17:25:43.679520,635
2026-09-16 17:25:43.683636,643
2026-09-16 17:25:43.691732,650
2026-09-16 17:25:43.695905,658
2026-09-16 17:25:43.700357,665
2026-09-16 17:25:43.704073,672
2026-09-16 17:25:43.712290,679
2026-09-16 17:25:43.716371,685
2026-09-16 17:25:43.720461,692
2026-09-16 17:25:43.724596,698
2026-09-16 17:25:43.732844,704
2026-09-16 17:25:43.736877,709
2026-09-16 17:25:43.740973,715
2026-09-16 17:25:43.749102,720
2026-09-16 17:25:43.753335,725
2026-09-16 17:25:43.757348,730
2026-09-16 17:25:43.761421,735
2026-09-16 17:25:43.769697,739
2026-09-16 17:25:43.773726,743
2026-09-16 17:25:43.777824,747
2026-09-16 17:25:43.782080,751
2026-09-16 17:25:43.790062,754
2026-09-16 17:25:43.794413,757
2026-09-16 17:25:43.798400,760
2026-09-16 17:25:43.806435,763
2026-09-16 17:25:43.810588,765
2026-09-16 17:25:43.814719,768
2026-09-16 17:25:43.819115,770
2026-09-16 17:25:43.826944,771
2026-09-16 17:25:43.831053,773
2026-09-16 17:25:43.835187,774
2026-09-16 17:25:43.839353,775
2026-09-16 17:25:43.847440,774
2026-09-16 17:25:43.851563,773
2026-09-16 17:25:43.855658,772
2026-09-16 17:25:43.863803,771
2026-09-16 17:25:43.868328,770
2026-09-16 17:25:43.872072,769
2026-09-16 17:25:43.876194,768
2026-09-16 17:25:43.884566,767
2026-09-16 17:25:43.888386,766
2026-09-16 17:25:43.892506,765
2026-09-16 17:25:43.896643,764
2026-09-16 17:25:43.904783,763
2026-09-16 17:25:43.908900,762
2026-09-16 17:25:43.913538,761
2026-09-16 17:25:43.917274,758
2026-09-16 17:25:43.925220,755
2026-09-16 17:25:43.929408,752
2026-09-16 17:25:43.933492,749
2026-09-16 17:25:43.941599,745
2026-09-16 17:25:43.945748,741
2026-09-16 17:25:43.949867,737
2026-09-16 17:25:43.953952,733
2026-09-16 17:25:43.962111,728
2026-09-16 17:25:43.966253,723
2026-09-16 17:25:43.970447,718
2026-09-16 17:25:43.974424,713
2026-09-16 17:25:43.982884,708
2026-09-16 17:25:43.986800,702
2026-09-16 17:25:43.990814,696
2026-09-16 17:25:43.999356,690
2026-09-16 17:25:44.003210,683
2026-09-16 17:25:44.007212,677
2026-09-16 17:25:44.011346,670
2026-09-16 17:25:44.019524,663
2026-09-16 17:25:44.023634,656
2026-09-16 17:25:44.027720,649
2026-09-16 17:25:44.032083,641
2026-09-16 17:25:44.039978,634
2026-09-16 17:25:44.044092,626
2026-09-16 17:25:44.048302,618
2026-09-16 17:25:44.052322,610
2026-09-16 17:25:44.060484,602
2026-09-16 17:25:44.064901,594
2026-09-16 17:25:44.068692,585
2026-09-16 17:25:44.076846,577
2026-09-16 17:25:44.081063,568
2026-09-16 17:25:44.085196,559
2026-09-16 17:25:44.089184,551
2026-09-16 17:25:44.097302,542
2026-09-16 17:25:44.101442,533
2026-09-16 17:25:44.105547,524
2026-09-16 17:25:44.109668,515
2026-09-16 17:25:44.117837,507
2026-09-16 17:25:44.121969,498
2026-09-16 17:25:44.126202,489
2026-09-16 17:25:44.134278,480
2026-09-16 17:25:44.138331,472
2026-09-16 17:25:44.142389,463
2026-09-16 17:25:44.146591,455
2026-09-16 17:25:44.154656,446
2026-09-16 17:25:44.158925,438
2026-09-16 17:25:44.162902,430
2026-09-16 17:25:44.167113,422
2026-09-16 17:25:44.175152,414
2026-09-16 17:25:44.179365,406
2026-09-16 17:25:44.183716,399
2026-09-16 17:25:44.191536,391
2026-09-16 17:25:44.196002,384
2026-09-16 17:25:44.199762,377
2026-09-16 17:25:44.203921,370
2026-09-16 17:25:44.212065,363
2026-09-16 17:25:44.216254,357
2026-09-16 17:25:44.220210,350
2026-09-16 17:25:44.224330,344
2026-09-16 17:25:44.232760,339
2026-09-16 17:25:44.236629,333
2026-09-16 17:25:44.240701,327
2026-09-16 17:25:44.244858,322
2026-09-16 17:25:44.253113,317
2026-09-16 17:25:44.257063,313
2026-09-16 17:25:44.261252,308
2026-09-16 17:25:44.269395,304
2026-09-16 17:25:44.273481,300
2026-09-16 17:25:44.277598,296
2026-09-16 17:25:44.281701,292
2026-09-16 17:25:44.289823,289
2026-09-16 17:25:44.293963,286
2026-09-16 17:25:44.298094,283
2026-09-16 17:25:44.302287,281
2026-09-16 17:25:44.310321,278
2026-09-16 17:25:44.314435,276
2026-09-16 17:25:44.318642,274
2026-09-16 17:25:44.326721,273
2026-09-16 17:25:44.331102,271
2026-09-16 17:25:44.335332,270
2026-09-16 17:25:44.339116,269
2026-09-16 17:25:44.347295,270
2026-09-16 17:25:44.351409,271
2026-09-16 17:25:44.355412,272
2026-09-16 17:25:44.359537,273
2026-09-16 17:25:44.367736,274
2026-09-16 17:25:44.371796,275
2026-09-16 17:25:44.375909,276
2026-09-16 17:25:44.380017,277
2026-09-16 17:25:44.388249,278
2026-09-16 17:25:44.392294,279
2026-09-16 17:25:44.396521,280
2026-09-16 17:25:44.404496,281
2026-09-16 17:25:44.408661,282
2026-09-16 17:25:44.412776,285
2026-09-16 17:25:44.416901,287
2026-09-16 17:25:44.425050,290
2026-09-16 17:25:44.429147,294
2026-09-16 17:25:44.433502,297
2026-09-16 17:25:44.437335,301
2026-09-16 17:25:44.445491,305
2026-09-16 17:25:44.449673,309
2026-09-16 17:25:44.453732,313
2026-09-16 17:25:44.461896,318
2026-09-16 17:25:44.466082,323
2026-09-16 17:25:44.470120,328
2026-09-16 17:25:44.474248,333
2026-09-16 17:25:44.482415,339
2026-09-16 17:25:44.486535,344
2026-09-16 17:25:44.490572,350
2026-09-16 17:25:44.494722,356
2026-09-16 17:25:44.502903,363
2026-09-16 17:25:44.506973,369
2026-09-16 17:25:44.511108,376
2026-09-16 17:25:44.519529,383
2026-09-16 17:25:44.523354,390
2026-09-16 17:25:44.527505,398
2026-09-16 17:25:44.531571,405
2026-09-16 17:25:44.539683,413
2026-09-16 17:25:44.543844,420
2026-09-16 17:25:44.548054,428
2026-09-16 17:25:44.552238,436
2026-09-16 17:25:44.560223,445
2026-09-16 17:25:44.564370,453
2026-09-16 17:25:44.568417,461
2026-09-16 17:25:44.572557,470
2026-09-16 17:25:44.580917,478
2026-09-16 17:25:44.585079,487
2026-09-16 17:25:44.588931,496
2026-09-16 17:25:44.597069,504
2026-09-16 17:25:44.601437,513
2026-09-16 17:25:44.605318,522
2026-09-16 17:25:44.609376,530
2026-09-16 17:25:44.617808,539
2026-09-16 17:25:44.621672,548
2026-09-16 17:25:44.625788,556
2026-09-16 17:25:44.630146,565
2026-09-16 17:25:44.638126,573
2026-09-16 17:25:44.642162,582
2026-09-16 17:25:44.646273,590
2026-09-16 17:25:44.654534,598
2026-09-16 17:25:44.658552,606
2026-09-16 17:25:44.662666,614
2026-09-16 17:25:44.666762,622
2026-09-16 17:25:44.674876,630
2026-09-16 17:25:44.679084,638
2026-09-16 17:25:44.683132,645
2026-09-16 17:25:44.687287,652
2026-09-16 17:25:44.695350,659
2026-09-16 17:25:44.699628,666
2026-09-16 17:25:44.703656,673
2026-09-16 17:25:44.707795,679
2026-09-16 17:25:44.716108,685
2026-09-16 17:25:44.720026,692
2026-09-16 17:25:44.724153,697
2026-09-16 17:25:44.732311,703
2026-09-16 17:25:44.736536,708
2026-09-16 17:25:44.740485,714
2026-09-16 17:25:44.744616,719
2026-09-16 17:25:44.752767,723
2026-09-16 17:25:44.756911,728
2026-09-16 17:25:44.760973,732
2026-09-16 17:25:44.765340,736
2026-09-16 17:25:44.773236,740
2026-09-16 17:25:44.777317,744
2026-09-16 17:25:44.781590,747
2026-09-16 17:25:44.789675,750
2026-09-16 17:25:44.793730,753
2026-09-16 17:25:44.797910,755
2026-09-16 17:25:44.802024,758
2026-09-16 17:25:44.810228,760
2026-09-16 17:25:44.814457,762
2026-09-16 17:25:44.818302,764
2026-09-16 17:25:44.822400,765
2026-09-16 17:25:44.830567,766
2026-09-16 17:25:44.834762,767
2026-09-16 17:25:44.838867,766
2026-09-16 17:25:44.847076,765
2026-09-16 17:25:44.851071,764
2026-09-16 17:25:44.855229,763
2026-09-16 17:25:44.859337,762
2026-09-16 17:25:44.867472,761
2026-09-16 17:25:44.871547,760
2026-09-16 17:25:44.875652,759
2026-09-16 17:25:44.879772,758
2026-09-16 17:25:44.887901,757
2026-09-16 17:25:44.892063,756
2026-09-16 17:25:44.896401,755
2026-09-16 17:25:44.900346,754
2026-09-16 17:25:44.908391,752
2026-09-16 17:25:44.912867,749
2026-09-16 17:25:44.916875,746
2026-09-16 17:25:44.924794,743
2026-09-16 17:25:44.929108,740
2026-09-16 17:25:44.932982,736
2026-09-16 17:25:44.937255,732
2026-09-16 17:25:44.945337,728
2026-09-16 17:25:44.949406,724
2026-09-16 17:25:44.953667,719
2026-09-16 17:25:44.957922,714
2026-09-16 17:25:44.966199,709
2026-09-16 17:25:44.969874,704
2026-09-16 17:25:44.974053,698
2026-09-16 17:25:44.982111,693
2026-09-16 17:25:44.986327,687
2026-09-16 17:25:44.990408,681
2026-09-16 17:25:44.994470,674
2026-09-16 17:25:45.002627,668
2026-09-16 17:25:45.006801,661
2026-09-16 17:25:45.010829,654
2026-09-16 17:25:45.015034,647
2026-09-16 17:25:45.023115,640
2026-09-16 17:25:45.027233,632
2026-09-16 17:25:45.031664,625
2026-09-16 17:25:45.036195,617
2026-09-16 17:25:45.043637,609
2026-09-16 17:25:45.047696,601
2026-09-16 17:25:45.051870,593
2026-09-16 17:25:45.059944,585
2026-09-16 17:25:45.064180,577
2026-09-16 17:25:45.068506,569
2026-09-16 17:25:45.072255,560
2026-09-16 17:25:45.080786,552
2026-09-16 17:25:45.084614,543
2026-09-16 17:25:45.088774,534
2026-09-16 17:25:45.092744,526
2026-09-16 17:25:45.100969,517
2026-09-16 17:25:45.105087,509
2026-09-16 17:25:45.109215,500
2026-09-16 17:25:45.117409,492
2026-09-16 17:25:45.121429,483
2026-09-16 17:25:45.125506,475
2026-09-16 17:25:45.129705,466
2026-09-16 17:25:45.137753,458
2026-09-16 17:25:45.141882,450
2026-09-16 17:25:45.145999,442
2026-09-16 17:25:45.150213,434
2026-09-16 17:25:45.158263,426
2026-09-16 17:25:45.162578,418
2026-09-16 17:25:45.166577,411
2026-09-16 17:25:45.174739,403
2026-09-16 17:25:45.178755,396
2026-09-16 17:25:45.182857,389
2026-09-16 17:25:45.187068,382
2026-09-16 17:25:45.195145,375
2026-09-16 17:25:45.199342,369
2026-09-16 17:25:45.203436,362
2026-09-16 17:25:45.207510,356
2026-09-16 17:25:45.215667,350
2026-09-16 17:25:45.219878,344
2026-09-16 17:25:45.223916,339
2026-09-16 17:25:45.227971,334
2026-09-16 17:25:45.236081,328
2026-09-16 17:25:45.240294,324
2026-09-16 17:25:45.244339,319
2026-09-16 17:25:45.252472,315
2026-09-16 17:25:45.256602,310
2026-09-16 17:25:45.260724,307
2026-09-16 17:25:45.264808,303
2026-09-16 17:25:45.272964,299
2026-09-16 17:25:45.277101,296
2026-09-16 17:25:45.281434,293
2026-09-16 17:25:45.285281,290
2026-09-16 17:25:45.293472,288
2026-09-16 17:25:45.297546,286
2026-09-16 17:25:45.301776,284
2026-09-16 17:25:45.309853,282
2026-09-16 17:25:45.314313,280
2026-09-16 17:25:45.318191,279
2026-09-16 17:25:45.322258,278
2026-09-16 17:25:45.330270,277
2026-09-16 17:25:45.334411,278
2026-09-16 17:25:45.338581,279
2026-09-16 17:25:45.342687,280
2026-09-16 17:25:45.350854,281
2026-09-16 17:25:45.354929,282
2026-09-16 17:25:45.359132,283
2026-09-16 17:25:45.363134,284
2026-09-16 17:25:45.371312,285
2026-09-16 17:25:45.375457,286
2026-09-16 17:25:45.379514,287
2026-09-16 17:25:45.387696,288
2026-09-16 17:25:45.391813,289
2026-09-16 17:25:45.395886,290
2026-09-16 17:25:45.399988,292
2026-09-16 17:25:45.408162,295
2026-09-16 17:25:45.412254,298
2026-09-16 17:25:45.416436,302
2026-09-16 17:25:45.420518,305
2026-09-16 17:25:45.428603,309
2026-09-16 17:25:45.432947,313
2026-09-16 17:25:45.436901,317
2026-09-16 17:25:45.445073,321
2026-09-16 17:25:45.449127,326
2026-09-16 17:25:45.453335,331
2026-09-16 17:25:45.457501,336
2026-09-16 17:25:45.465471,342
2026-09-16 17:25:45.469653,347
2026-09-16 17:25:45.473821,353
2026-09-16 17:25:45.477875,359
2026-09-16 17:25:45.486067,365
2026-09-16 17:25:45.490154,371
2026-09-16 17:25:45.494252,378
2026-09-16 17:25:45.502367,385
2026-09-16 17:25:45.506535,392
2026-09-16 17:25:45.510611,399
2026-09-16 17:25:45.514771,406
2026-09-16 17:25:45.522842,413
2026-09-16 17:25:45.526978,421
2026-09-16 17:25:45.531190,429
2026-09-16 17:25:45.535289,436
2026-09-16 17:25:45.543346,444
2026-09-16 17:25:45.547416,452
2026-09-16 17:25:45.551559,460
2026-09-16 17:25:45.555762,469
2026-09-16 17:25:45.563791,477
2026-09-16 17:25:45.568015,485
2026-09-16 17:25:45.572121,494
2026-09-16 17:25:45.580273,502
2026-09-16 17:25:45.584372,511
2026-09-16 17:25:45.588510,519
2026-09-16 17:25:45.592567,528
2026-09-16 17:25:45.600889,536
2026-09-16 17:25:45.604830,545
2026-09-16 17:25:45.608937,553
2026-09-16 17:25:45.613088,561
2026-09-16 17:25:45.621191,570
2026-09-16 17:25:45.625286,578
2026-09-16 17:25:45.629607,586
2026-09-16 17:25:45.637561,594
2026-09-16 17:25:45.641872,602
2026-09-16 17:25:45.646005,610
2026-09-16 17:25:45.649956,617
2026-09-16 17:25:45.658090,625
2026-09-16 17:25:45.662512,632
2026-09-16 17:25:45.666339,640
2026-09-16 17:25:45.670405,647
2026-09-16 17:25:45.678558,654
2026-09-16 17:25:45.682872,660
2026-09-16 17:25:45.686771,667
2026-09-16 17:25:45.694879,673
2026-09-16 17:25:45.699187,679
2026-09-16 17:25:45.703137,685
2026-09-16 17:25:45.707310,691
2026-09-16 17:25:45.715423,696
2026-09-16 17:25:45.719810,702
2026-09-16 17:25:45.723656,707
2026-09-16 17:25:45.727755,712
2026-09-16 17:25:45.735902,716
2026-09-16 17:25:45.740026,721
2026-09-16 17:25:45.744129,725
2026-09-16 17:25:45.748400,729
2026-09-16 17:25:45.756527,732
2026-09-16 17:25:45.760478,736
2026-09-16 17:25:45.765068,739
2026-09-16 17:25:45.772714,742
2026-09-16 17:25:45.776857,745
2026-09-16 17:25:45.781031,747
2026-09-16 17:25:45.785319,750
2026-09-16 17:25:45.793240,752
2026-09-16 17:25:45.797563,754
2026-09-16 17:25:45.801503,755
2026-09-16 17:25:45.805581,756
2026-09-16 17:25:45.813753,758
2026-09-16 17:25:45.817896,757
2026-09-16 17:25:45.821969,756
2026-09-16 17:25:45.830134,755
2026-09-16 17:25:45.834296,754
2026-09-16 17:25:45.838327,753
2026-09-16 17:25:45.842427,752
2026-09-16 17:25:45.850612,751
2026-09-16 17:25:45.854689,750
2026-09-16 17:25:45.858805,749
2026-09-16 17:25:45.862910,748
2026-09-16 17:25:45.871114,747
2026-09-16 17:25:45.875205,746
2026-09-16 17:25:45.879267,745
2026-09-16 17:25:45.883361,744
2026-09-16 17:25:45.891570,742
2026-09-16 17:25:45.895728,739
2026-09-16 17:25:45.900027,736
2026-09-16 17:25:45.907933,733
2026-09-16 17:25:45.912078,730
2026-09-16 17:25:45.916234,726
2026-09-16 17:25:45.920289,722
2026-09-16 17:25:45.928355,718
2026-09-16 17:25:45.932489,714
2026-09-16 17:25:45.936633,709
2026-09-16 17:25:45.940804,704
2026-09-16 17:25:45.949266,699
2026-09-16 17:25:45.953000,694
2026-09-16 17:25:45.957211,688
2026-09-16 17:25:45.965260,683
2026-09-16 17:25:45.969353,677
2026-09-16 17:25:45.973494,670
2026-09-16 17:25:45.977605,664
2026-09-16 17:25:45.985761,658
2026-09-16 17:25:45.989919,651
2026-09-16 17:25:45.993979,644
2026-09-16 17:25:45.998249,637
2026-09-16 17:25:46.006235,630
2026-09-16 17:25:46.010396,623
2026-09-16 17:25:46.014485,615
2026-09-16 17:25:46.022704,608
2026-09-16 17:25:46.026740,600
2026-09-16 17:25:46.031046,592
2026-09-16 17:25:46.034992,584
2026-09-16 17:25:46.043104,576
2026-09-16 17:25:46.047199,568
2026-09-16 17:25:46.051544,560
2026-09-16 17:25:46.055447,551
2026-09-16 17:25:46.063559,543
2026-09-16 17:25:46.067727,535
2026-09-16 17:25:46.071875,526
2026-09-16 17:25:46.075930,518
2026-09-16 17:25:46.084382,510
2026-09-16 17:25:46.088255,501
2026-09-16 17:25:46.092317,493
2026-09-16 17:25:46.100399,485
2026-09-16 17:25:46.104617,476
2026-09-16 17:25:46.108651,468
2026-09-16 17:25:46.112839,460
2026-09-16 17:25:46.120920,452
2026-09-16 17:25:46.125124,444
2026-09-16 17:25:46.129121,436
2026-09-16 17:25:46.133451,429
2026-09-16 17:25:46.141392,421
2026-09-16 17:25:46.145824,414
2026-09-16 17:25:46.149689,406
2026-09-16 17:25:46.157782,399
2026-09-16 17:25:46.161897,392
2026-09-16 17:25:46.166291,386
2026-09-16 17:25:46.170193,379
2026-09-16 17:25:46.178340,373
2026-09-16 17:25:46.182561,366
2026-09-16 17:25:46.186518,360
2026-09-16 17:25:46.190602,355
2026-09-16 17:25:46.198823,349
2026-09-16 17:25:46.202869,344
2026-09-16 17:25:46.207026,338
2026-09-16 17:25:46.211369,333
2026-09-16 17:25:46.219299,329
2026-09-16 17:25:46.223401,324
2026-09-16 17:25:46.227451,320
2026-09-16 17:25:46.235646,316
2026-09-16 17:25:46.239798,312
2026-09-16 17:25:46.243828,308
2026-09-16 17:25:46.248204,305
2026-09-16 17:25:46.256100,302
2026-09-16 17:25:46.260432,299
2026-09-16 17:25:46.264324,296
2026-09-16 17:25:46.268500,294
2026-09-16 17:25:46.276612,291
2026-09-16 17:25:46.280740,290
2026-09-16 17:25:46.284884,288
2026-09-16 17:25:46.292966,286
2026-09-16 17:25:46.297204,285
2026-09-16 17:25:46.301296,284
2026-09-16 17:25:46.305277,285
2026-09-16 17:25:46.313722,286
2026-09-16 17:25:46.317644,287
2026-09-16 17:25:46.321741,288
2026-09-16 17:25:46.325802,289
2026-09-16 17:25:46.334141,290
2026-09-16 17:25:46.338115,291
2026-09-16 17:25:46.342194,292
2026-09-16 17:25:46.350348,293
2026-09-16 17:25:46.354442,294
2026-09-16 17:25:46.358570,295
2026-09-16 17:25:46.362696,296
2026-09-16 17:25:46.370767,297
2026-09-16 17:25:46.374917,298
2026-09-16 17:25:46.379007,301
2026-09-16 17:25:46.383384,303
2026-09-16 17:25:46.391303,306
2026-09-16 17:25:46.395411,310
2026-09-16 17:25:46.399801,313
2026-09-16 17:25:46.403582,317
2026-09-16 17:25:46.411990,321
2026-09-16 17:25:46.415893,325
2026-09-16 17:25:46.420049,330
2026-09-16 17:25:46.428155,335
2026-09-16 17:25:46.432442,339
2026-09-16 17:25:46.436395,345
2026-09-16 17:25:46.440522,350
2026-09-16 17:25:46.448885,355
2026-09-16 17:25:46.452749,361
2026-09-16 17:25:46.456850,367
2026-09-16 17:25:46.461408,373
2026-09-16 17:25:46.469127,380
2026-09-16 17:25:46.473294,386
2026-09-16 17:25:46.477298,393
2026-09-16 17:25:46.485498,400
2026-09-16 17:25:46.489665,407
2026-09-16 17:25:46.493717,414
2026-09-16 17:25:46.497824,421
2026-09-16 17:25:46.505978,429
2026-09-16 17:25:46.510124,436
2026-09-16 17:25:46.514310,444
2026-09-16 17:25:46.518395,452
2026-09-16 17:25:46.526509,460
2026-09-16 17:25:46.530565,468
2026-09-16 17:25:46.534762,476
2026-09-16 17:25:46.538754,484
2026-09-16 17:25:46.547323,492
2026-09-16 17:25:46.551237,500
2026-09-16 17:25:46.555242,509
2026-09-16 17:25:46.563545,517
2026-09-16 17:25:46.567589,525
2026-09-16 17:25:46.571591,533
2026-09-16 17:25:46.575648,542
2026-09-16 17:25:46.584006,550
2026-09-16 17:25:46.587934,558
2026-09-16 17:25:46.592043,566
2026-09-16 17:25:46.596203,574
2026-09-16 17:25:46.604290,582
2026-09-16 17:25:46.608377,590
2026-09-16 17:25:46.612486,598
2026-09-16 17:25:46.620676,605
2026-09-16 17:25:46.624808,613
2026-09-16 17:25:46.628893,620
2026-09-16 17:25:46.633392,627
2026-09-16 17:25:46.641135,635
2026-09-16 17:25:46.645252,641
2026-09-16 17:25:46.649405,648
2026-09-16 17:25:46.653497,655
2026-09-16 17:25:46.661606,661
2026-09-16 17:25:46.665945,667
2026-09-16 17:25:46.669863,673
2026-09-16 17:25:46.678045,679
2026-09-16 17:25:46.682201,685
2026-09-16 17:25:46.686292,690
2026-09-16 17:25:46.690440,696
2026-09-16 17:25:46.698538,701
2026-09-16 17:25:46.702641,705
2026-09-16 17:25:46.706771,710
2026-09-16 17:25:46.711074,714
2026-09-16 17:25:46.719025,718
2026-09-16 17:25:46.723122,722
2026-09-16 17:25:46.727247,726
2026-09-16 17:25:46.731645,729
2026-09-16 17:25:46.739490,732
2026-09-16 17:25:46.743599,735
2026-09-16 17:25:46.747765,738
2026-09-16 17:25:46.755829,741
2026-09-16 17:25:46.759981,743
2026-09-16 17:25:46.764377,745
2026-09-16 17:25:46.768267,747
2026-09-16 17:25:46.776375,748
2026-09-16 17:25:46.780514,749
2026-09-16 17:25:46.784565,750
2026-09-16 17:25:46.788687,751
2026-09-16 17:25:46.797063,750
2026-09-16 17:25:46.801026,749
2026-09-16 17:25:46.805067,748
2026-09-16 17:25:46.813285,747
2026-09-16 17:25:46.817397,746
2026-09-16 17:25:46.821440,745
2026-09-16 17:25:46.825568,744
2026-09-16 17:25:46.833750,743
2026-09-16 17:25:46.837821,742
2026-09-16 17:25:46.841933,741
2026-09-16 17:25:46.846109,740
2026-09-16 17:25:46.854186,739
2026-09-16 17:25:46.858298,737
2026-09-16 17:25:46.862456,735
2026-09-16 17:25:46.866581,732
2026-09-16 17:25:46.874694,729
2026-09-16 17:25:46.878868,726
2026-09-16 17:25:46.883255,722
2026-09-16 17:25:46.891082,718
2026-09-16 17:25:46.895374,714
2026-09-16 17:25:46.899270,710
2026-09-16 17:25:46.903421,706
2026-09-16 17:25:46.911513,701
2026-09-16 17:25:46.915902,697
2026-09-16 17:25:46.919776,691
2026-09-16 17:25:46.923828,686
2026-09-16 17:25:46.931965,681
2026-09-16 17:25:46.936145,675
2026-09-16 17:25:46.940323,669
2026-09-16 17:25:46.948414,663
2026-09-16 17:25:46.952539,657
2026-09-16 17:25:46.956633,651
2026-09-16 17:25:46.960724,644
2026-09-16 17:25:46.969074,637
2026-09-16 17:25:46.973021,630
2026-09-16 17:25:46.977130,623
2026-09-16 17:25:46.981315,616
2026-09-16 17:25:46.989343,609
2026-09-16 17:25:46.993478,601
2026-09-16 17:25:46.997820,593
2026-09-16 17:25:47.005824,586
2026-09-16 17:25:47.009882,578
2026-09-16 17:25:47.014042,570
2026-09-16 17:25:47.018343,562
2026-09-16 17:25:47.026205,554
2026-09-16 17:25:47.030406,546
2026-09-16 17:25:47.034498,538
2026-09-16 17:25:47.038523,530
2026-09-16 17:25:47.046746,522
2026-09-16 17:25:47.050880,513
2026-09-16 17:25:47.054935,505
2026-09-16 17:25:47.058996,497
2026-09-16 17:25:47.067476,489
2026-09-16 17:25:47.071440,481
2026-09-16 17:25:47.075408,473
2026-09-16 17:25:47.083638,465
2026-09-16 17:25:47.087723,457
2026-09-16 17:25:47.091812,449
2026-09-16 17:25:47.096354,442
2026-09-16 17:25:47.104134,434
2026-09-16 17:25:47.108199,427
2026-09-16 17:25:47.112338,420
2026-09-16 17:25:47.116429,412
2026-09-16 17:25:47.124537,405
2026-09-16 17:25:47.128635,399
2026-09-16 17:25:47.132968,392
2026-09-16 17:25:47.140892,385
2026-09-16 17:25:47.145000,379
2026-09-16 17:25:47.149234,373
2026-09-16 17:25:47.153312,367
2026-09-16 17:25:47.161347,361
2026-09-16 17:25:47.165586,356
2026-09-16 17:25:47.169631,350
2026-09-16 17:25:47.173817,345
2026-09-16 17:25:47.181836,340
2026-09-16 17:25:47.186025,336
2026-09-16 17:25:47.190227,331
2026-09-16 17:25:47.194208,327
2026-09-16 17:25:47.202439,323
2026-09-16 17:25:47.206470,319
2026-09-16 17:25:47.210583,315
2026-09-16 17:25:47.218765,312
2026-09-16 17:25:47.222930,309
2026-09-16 17:25:47.226980,306
2026-09-16 17:25:47.231124,303
2026-09-16 17:25:47.239270,301
2026-09-16 17:25:47.243317,299
2026-09-16 17:25:47.247505,297
2026-09-16 17:25:47.251580,295
2026-09-16 17:25:47.259725,294
2026-09-16 17:25:47.263803,292
2026-09-16 17:25:47.268193,291
2026-09-16 17:25:47.276099,292
2026-09-16 17:25:47.280642,293
2026-09-16 17:25:47.284654,294
2026-09-16 17:25:47.288412,295
2026-09-16 17:25:47.296585,296
2026-09-16 17:25:47.300732,297
2026-09-16 17:25:47.304853,298
2026-09-16 17:25:47.308889,299
2026-09-16 17:25:47.317345,300
2026-09-16 17:25:47.321149,301
2026-09-16 17:25:47.325273,302
2026-09-16 17:25:47.333680,303
2026-09-16 17:25:47.337533,304
2026-09-16 17:25:47.341710,305
2026-09-16 17:25:47.345761,308
2026-09-16 17:25:47.353920,310
2026-09-16 17:25:47.358150,313
2026-09-16 17:25:47.362300,317
2026-09-16 17:25:47.366499,320
2026-09-16 17:25:47.374413,324
2026-09-16 17:25:47.378513,328
2026-09-16 17:25:47.382664,332
2026-09-16 17:25:47.386787,337
2026-09-16 17:25:47.394909,341
2026-09-16 17:25:47.399013,346
2026-09-16 17:25:47.403221,351
2026-09-16 17:25:47.411262,356
2026-09-16 17:25:47.415414,362
2026-09-16 17:25:47.419534,368
2026-09-16 17:25:47.423638,373
2026-09-16 17:25:47.431732,379
2026-09-16 17:25:47.435919,386
2026-09-16 17:25:47.440050,392
2026-09-16 17:25:47.444120,399
2026-09-16 17:25:47.452301,405
2026-09-16 17:25:47.456450,412
2026-09-16 17:25:47.460448,419
2026-09-16 17:25:47.468649,426
2026-09-16 17:25:47.472813,434
2026-09-16 17:25:47.476830,441
2026-09-16 17:25:47.480936,449
2026-09-16 17:25:47.489144,456
2026-09-16 17:25:47.493236,464
2026-09-16 17:25:47.497560,472
2026-09-16 17:25:47.501528,480
2026-09-16 17:25:47.509569,488
2026-09-16 17:25:47.513681,496
2026-09-16 17:25:47.517792,504
2026-09-16 17:25:47.526032,512
2026-09-16 17:25:47.530207,520
2026-09-16 17:25:47.534313,528
2026-09-16 17:25:47.538322,536
2026-09-16 17:25:47.546547,544
2026-09-16 17:25:47.550612,552
2026-09-16 17:25:47.554691,560
2026-09-16 17:25:47.558759,568
2026-09-16 17:25:47.567146,576
2026-09-16 17:25:47.571241,583
2026-09-16 17:25:47.575150,591
2026-09-16 17:25:47.579271,599
2026-09-16 17:25:47.587440,606
2026-09-16 17:25:47.591519,613
2026-09-16 17:25:47.595630,620
2026-09-16 17:25:47.603757,627
2026-09-16 17:25:47.607959,634
2026-09-16 17:25:47.612005,641
2026-09-16 17:25:47.616148,648
2026-09-16 17:25:47.624324,654
2026-09-16 17:25:47.628414,660
2026-09-16 17:25:47.632595,666
2026-09-16 17:25:47.636629,672
2026-09-16 17:25:47.644989,677
2026-09-16 17:25:47.649127,683
2026-09-16 17:25:47.653032,688
2026-09-16 17:25:47.661235,693
2026-09-16 17:25:47.665507,698
2026-09-16 17:25:47.669611,702
2026-09-16 17:25:47.673447,707
2026-09-16 17:25:47.681706,711
2026-09-16 17:25:47.685737,715
2026-09-16 17:25:47.689868,718
2026-09-16 17:25:47.694237,722
2026-09-16 17:25:47.702136,725
2026-09-16 17:25:47.706331,728
2026-09-16 17:25:47.710388,731
2026-09-16 17:25:47.714479,733
2026-09-16 17:25:47.722795,735
2026-09-16 17:25:47.726768,737
2026-09-16 17:25:47.730874,739
2026-09-16 17:25:47.739012,741
2026-09-16 17:25:47.743128,742
2026-09-16 17:25:47.747274,743
2026-09-16 17:25:47.751382,744
2026-09-16 17:25:47.759465,743
2026-09-16 17:25:47.763564,742
2026-09-16 17:25:47.767736,741
2026-09-16 17:25:47.771839,740
2026-09-16 17:25:47.780196,739
2026-09-16 17:25:47.784199,738
2026-09-16 17:25:47.788265,737
2026-09-16 17:25:47.796364,736
2026-09-16 17:25:47.800629,735
2026-09-16 17:25:47.804658,734
2026-09-16 17:25:47.808687,733
2026-09-16 17:25:47.817015,732
2026-09-16 17:25:47.820974,731
2026-09-16 17:25:47.825054,728
2026-09-16 17:25:47.829392,726
2026-09-16 17:25:47.837343,723
2026-09-16 17:25:47.841424,720
2026-09-16 17:25:47.845705,716
2026-09-16 17:25:47.853671,712
2026-09-16 17:25:47.857817,709
2026-09-16 17:25:47.861878,705
2026-09-16 17:25:47.866269,700
2026-09-16 17:25:47.874182,696
2026-09-16 17:25:47.878261,691
2026-09-16 17:25:47.882421,686
2026-09-16 17:25:47.886491,681
2026-09-16 17:25:47.894633,676
2026-09-16 17:25:47.898823,670
2026-09-16 17:25:47.902888,664
2026-09-16 17:25:47.906966,658
2026-09-16 17:25:47.915345,652
2026-09-16 17:25:47.919288,646
2026-09-16 17:25:47.923442,639
2026-09-16 17:25:47.931475,633
2026-09-16 17:25:47.935667,626
2026-09-16 17:25:47.939801,619
2026-09-16 17:25:47.943885,612
2026-09-16 17:25:47.952092,605
2026-09-16 17:25:47.956210,598
2026-09-16 17:25:47.960223,590
2026-09-16 17:25:47.964533,583
2026-09-16 17:25:47.972489,575
2026-09-16 17:25:47.976567,567
2026-09-16 17:25:47.980726,560
2026-09-16 17:25:47.989203,552
2026-09-16 17:25:47.992964,544
2026-09-16 17:25:47.997361,536
2026-09-16 17:25:48.001191,528
2026-09-16 17:25:48.009344,520
2026-09-16 17:25:48.013401,512
2026-09-16 17:25:48.017616,504
2026-09-16 17:25:48.021699,496
2026-09-16 17:25:48.029801,488
2026-09-16 17:25:48.033916,480
2026-09-16 17:25:48.038071,473
2026-09-16 17:25:48.042192,465
2026-09-16 17:25:48.050377,457
2026-09-16 17:25:48.054499,450
2026-09-16 17:25:48.058566,442
2026-09-16 17:25:48.066735,435
2026-09-16 17:25:48.070813,428
2026-09-16 17:25:48.074934,421
2026-09-16 17:25:48.079001,414
2026-09-16 17:25:48.087199,407
2026-09-16 17:25:48.091292,400
2026-09-16 17:25:48.095430,394
2026-09-16 17:25:48.099591,388
2026-09-16 17:25:48.107696,381
2026-09-16 17:25:48.111849,375
2026-09-16 17:25:48.116316,370
2026-09-16 17:25:48.124084,364
2026-09-16 17:25:48.128144,359
2026-09-16 17:25:48.132287,354
2026-09-16 17:25:48.136389,349
2026-09-16 17:25:48.144509,344
2026-09-16 17:25:48.148676,339
2026-09-16 17:25:48.152743,335
2026-09-16 17:25:48.156818,331
2026-09-16 17:25:48.165080,327
2026-09-16 17:25:48.169218,323
2026-09-16 17:25:48.173247,320
2026-09-16 17:25:48.181403,317
2026-09-16 17:25:48.185595,314
2026-09-16 17:25:48.189612,311
2026-09-16 17:25:48.193729,309
2026-09-16 17:25:48.201848,306
2026-09-16 17:25:48.205981,304
2026-09-16 17:25:48.210129,302
2026-09-16 17:25:48.214478,301
2026-09-16 17:25:48.222525,300
2026-09-16 17:25:48.226465,298
2026-09-16 17:25:48.230657,297
2026-09-16 17:25:48.234760,298
2026-09-16 17:25:48.242815,299
2026-09-16 17:25:48.246972,300
2026-09-16 17:25:48.251262,301
2026-09-16 17:25:48.259230,302
2026-09-16 17:25:48.263353,303
2026-09-16 17:25:48.267505,304
2026-09-16 17:25:48.271570,305
2026-09-16 17:25:48.279945,306
2026-09-16 17:25:48.284144,307
2026-09-16 17:25:48.287910,308
2026-09-16 17:25:48.292031,309
2026-09-16 17:25:48.300282,310
2026-09-16 17:25:48.304291,312
2026-09-16 17:25:48.308416,315
2026-09-16 17:25:48.316633,318
2026-09-16 17:25:48.320665,321
2026-09-16 17:25:48.324783,324
2026-09-16 17:25:48.328886,328
2026-09-16 17:25:48.337086,332
2026-09-16 17:25:48.341193,336
2026-09-16 17:25:48.345277,340
2026-09-16 17:25:48.349450,344
2026-09-16 17:25:48.357514,349
2026-09-16 17:25:48.361635,354
2026-09-16 17:25:48.365737,359
2026-09-16 17:25:48.369852,364
2026-09-16 17:25:48.378003,370
2026-09-16 17:25:48.382410,376
2026-09-16 17:25:48.386224,381
2026-09-16 17:25:48.394452,388
2026-09-16 17:25:48.398586,394
2026-09-16 17:25:48.402618,400
2026-09-16 17:25:48.406705,407
2026-09-16 17:25:48.415139,413
2026-09-16 17:25:48.418941,420
2026-09-16 17:25:48.423085,427
2026-09-16 17:25:48.427244,434
2026-09-16 17:25:48.435451,442
2026-09-16 17:25:48.439483,449
2026-09-16 17:25:48.443603,456
2026-09-16 17:25:48.451800,464
2026-09-16 17:25:48.455969,472
2026-09-16 17:25:48.459975,479
2026-09-16 17:25:48.464294,487
2026-09-16 17:25:48.472223,495
2026-09-16 17:25:48.476302,503
2026-09-16 17:25:48.480509,511
2026-09-16 17:25:48.484633,518
2026-09-16 17:25:48.492712,526
2026-09-16 17:25:48.497098,534
2026-09-16 17:25:48.500983,542
2026-09-16 17:25:48.509109,550
2026-09-16 17:25:48.513329,558
2026-09-16 17:25:48.517409,565
2026-09-16 17:25:48.521431,573
2026-09-16 17:25:48.529656,580
2026-09-16 17:25:48.533944,588
2026-09-16 17:25:48.537797,595
2026-09-16 17:25:48.542356,602
2026-09-16 17:25:48.550227,610
2026-09-16 17:25:48.554198,617
2026-09-16 17:25:48.558293,623
2026-09-16 17:25:48.562473,630
2026-09-16 17:25:48.570527,637
2026-09-16 17:25:48.574693,643
2026-09-16 17:25:48.578786,649
2026-09-16 17:25:48.587206,655
2026-09-16 17:25:48.591044,661
2026-09-16 17:25:48.595152,667
2026-09-16 17:25:48.599520,672
2026-09-16 17:25:48.607391,677
2026-09-16 17:25:48.611558,682
2026-09-16 17:25:48.615894,687
2026-09-16 17:25:48.619724,692
2026-09-16 17:25:48.628278,696
2026-09-16 17:25:48.632297,701
2026-09-16 17:25:48.636135,705
2026-09-16 17:25:48.644507,708
2026-09-16 17:25:48.648605,712
2026-09-16 17:25:48.652467,715
2026-09-16 17:25:48.656578,718
2026-09-16 17:25:48.664839,721
2026-09-16 17:25:48.668868,724
2026-09-16 17:25:48.672961,726
2026-09-16 17:25:48.677161,729
2026-09-16 17:25:48.685349,730
2026-09-16 17:25:48.689305,732
2026-09-16 17:25:48.693543,734
2026-09-16 17:25:48.697844,735
2026-09-16 17:25:48.705724,736
2026-09-16 17:25:48.710117,737
2026-09-16 17:25:48.713962,736
2026-09-16 17:25:48.722104,735
2026-09-16 17:25:48.726235,734
2026-09-16 17:25:48.730418,733
2026-09-16 17:25:48.734448,732
2026-09-16 17:25:48.742595,731
2026-09-16 17:25:48.746811,730
2026-09-16 17:25:48.750902,729
2026-09-16 17:25:48.754917,728
2026-09-16 17:25:48.763484,727
2026-09-16 17:25:48.767270,726
2026-09-16 17:25:48.771389,725
2026-09-16 17:25:48.779438,724
2026-09-16 17:25:48.783634,721
2026-09-16 17:25:48.787692,718
2026-09-16 17:25:48.791811,716
2026-09-16 17:25:48.800034,712
2026-09-16 17:25:48.804127,709
2026-09-16 17:25:48.808181,705
2026-09-16 17:25:48.812380,701
2026-09-16 17:25:48.820403,697
2026-09-16 17:25:48.824539,693
2026-09-16 17:25:48.828979,688
2026-09-16 17:25:48.836821,684
2026-09-16 17:25:48.840903,679
2026-09-16 17:25:48.845027,674
2026-09-16 17:25:48.849273,668
2026-09-16 17:25:48.857283,663
2026-09-16 17:25:48.861361,657
2026-09-16 17:25:48.865592,651
2026-09-16 17:25:48.869618,645
2026-09-16 17:25:48.878037,639
2026-09-16 17:25:48.881962,632
2026-09-16 17:25:48.886041,626
2026-09-16 17:25:48.890145,619
2026-09-16 17:25:48.898351,612
2026-09-16 17:25:48.902458,605
2026-09-16 17:25:48.906512,598
2026-09-16 17:25:48.915028,591
2026-09-16 17:25:48.918732,584
2026-09-16 17:25:48.922864,576
2026-09-16 17:25:48.926972,569
2026-09-16 17:25:48.935101,561
2026-09-16 17:25:48.939254,554
2026-09-16 17:25:48.943342,546
2026-09-16 17:25:48.947502,538
2026-09-16 17:25:48.955542,531
2026-09-16 17:25:48.959714,523
2026-09-16 17:25:48.963820,515
2026-09-16 17:25:48.971960,507
2026-09-16 17:25:48.976394,500
2026-09-16 17:25:48.980306,492
2026-09-16 17:25:48.984307,484
2026-09-16 17:25:48.992501,477
2026-09-16 17:25:48.996648,469
2026-09-16 17:25:49.000674,462
2026-09-16 17:25:49.004787,454
2026-09-16 17:25:49.013018,447
2026-09-16 17:25:49.017157,440
2026-09-16 17:25:49.021136,433
2026-09-16 17:25:49.029451,426
2026-09-16 17:25:49.033456,419
2026-09-16 17:25:49.037547,412
2026-09-16 17:25:49.041654,406
2026-09-16 17:25:49.049889,399
2026-09-16 17:25:49.053926,393
2026-09-16 17:25:49.058049,387
2026-09-16 17:25:49.062160,381
2026-09-16 17:25:49.070305,375
2026-09-16 17:25:49.074405,370
2026-09-16 17:25:49.078600,365
2026-09-16 17:25:49.082894,360
2026-09-16 17:25:49.090764,355
2026-09-16 17:25:49.094993,350
2026-09-16 17:25:49.099304,346
2026-09-16 17:25:49.107142,341
2026-09-16 17:25:49.111363,337
2026-09-16 17:25:49.115620,333
2026-09-16 17:25:49.119465,330
2026-09-16 17:25:49.127899,326
2026-09-16 17:25:49.132063,323
2026-09-16 17:25:49.135866,320
2026-09-16 17:25:49.140011,318
2026-09-16 17:25:49.148203,315
2026-09-16 17:25:49.152243,313
2026-09-16 17:25:49.156343,311
2026-09-16 17:25:49.164775,309
2026-09-16 17:25:49.168693,307
2026-09-16 17:25:49.172714,306
2026-09-16 17:25:49.176837,305
2026-09-16 17:25:49.185017,304
2026-09-16 17:25:49.189118,305
2026-09-16 17:25:49.193238,306
2026-09-16 17:25:49.197587,307
2026-09-16 17:25:49.205417,308
2026-09-16 17:25:49.209583,309
2026-09-16 17:25:49.213681,310
2026-09-16 17:25:49.217793,311
2026-09-16 17:25:49.225969,312
2026-09-16 17:25:49.230419,313
2026-09-16 17:25:49.234184,314
2026-09-16 17:25:49.242322,315
2026-09-16 17:25:49.246443,316
2026-09-16 17:25:49.250632,317
2026-09-16 17:25:49.254680,319
2026-09-16 17:25:49.262807,322
2026-09-16 17:25:49.267072,325
2026-09-16 17:25:49.271044,328
2026-09-16 17:25:49.275150,331
2026-09-16 17:25:49.283617,335
2026-09-16 17:25:49.287409,339
2026-09-16 17:25:49.291577,343
2026-09-16 17:25:49.299913,347
2026-09-16 17:25:49.303805,351
2026-09-16 17:25:49.307905,356
2026-09-16 17:25:49.312118,361
2026-09-16 17:25:49.320177,366
2026-09-16 17:25:49.324286,371
2026-09-16 17:25:49.328397,376
2026-09-16 17:25:49.332612,382
2026-09-16 17:25:49.340649,388
2026-09-16 17:25:49.344769,394
2026-09-16 17:25:49.349138,400
2026-09-16 17:25:49.357101,406
2026-09-16 17:25:49.361136,412
2026-09-16 17:25:49.365676,419
2026-09-16 17:25:49.369379,426
2026-09-16 17:25:49.377496,433
2026-09-16 17:25:49.381998,440
2026-09-16 17:25:49.385735,447
2026-09-16 17:25:49.389832,454
2026-09-16 17:25:49.398256,461
2026-09-16 17:25:49.402103,469
2026-09-16 17:25:49.406241,476
2026-09-16 17:25:49.410326,484
2026-09-16 17:25:49.418550,491
2026-09-16 17:25:49.422604,499
2026-09-16 17:25:49.426723,506
2026-09-16 17:25:49.434945,514
2026-09-16 17:25:49.438967,522
2026-09-16 17:25:49.443140,529
2026-09-16 17:25:49.447210,537
2026-09-16 17:25:49.455300,545
2026-09-16 17:25:49.459501,552
2026-09-16 17:25:49.463627,560
2026-09-16 17:25:49.467664,567
2026-09-16 17:25:49.475813,575
2026-09-16 17:25:49.480217,582
2026-09-16 17:25:49.484132,589
2026-09-16 17:25:49.492214,596
2026-09-16 17:25:49.496406,603
2026-09-16 17:25:49.500510,610
2026-09-16 17:25:49.504554,617
2026-09-16 17:25:49.512927,624
2026-09-16 17:25:49.516806,630
2026-09-16 17:25:49.520930,636
2026-09-16 17:25:49.525032,643
2026-09-16 17:25:49.533273,649
2026-09-16 17:25:49.537302,654
2026-09-16 17:25:49.541391,660
2026-09-16 17:25:49.545512,666
2026-09-16 17:25:49.553667,671
2026-09-16 17:25:49.557784,676
2026-09-16 17:25:49.561882,681
2026-09-16 17:25:49.570149,685
2026-09-16 17:25:49.574155,690
2026-09-16 17:25:49.578515,694
2026-09-16 17:25:49.582454,698
2026-09-16 17:25:49.590525,702
2026-09-16 17:25:49.594926,706
2026-09-16 17:25:49.598831,709
2026-09-16 17:25:49.602843,712
2026-09-16 17:25:49.610997,715
2026-09-16 17:25:49.615383,718
2026-09-16 17:25:49.619257,720
2026-09-16 17:25:49.627345,722
2026-09-16 17:25:49.631628,724
2026-09-16 17:25:49.635592,726
2026-09-16 17:25:49.639696,728
2026-09-16 17:25:49.647930,729
2026-09-16 17:25:49.651999,730
2026-09-16 17:25:49.656120,731
2026-09-16 17:25:49.660235,730
2026-09-16 17:25:49.668389,729
2026-09-16 17:25:49.672476,728
2026-09-16 17:25:49.676599,727
2026-09-16 17:25:49.684803,726
2026-09-16 17:25:49.688855,725
2026-09-16 17:25:49.692969,724
2026-09-16 17:25:49.697187,723
2026-09-16 17:25:49.705224,722
2026-09-16 17:25:49.709353,721
2026-09-16 17:25:49.713534,720
2026-09-16 17:25:49.717639,719
2026-09-16 17:25:49.725708,718
2026-09-16 17:25:49.730096,716
2026-09-16 17:25:49.734030,713
2026-09-16 17:25:49.738048,710
2026-09-16 17:25:49.746447,707
2026-09-16 17:25:49.750564,704
2026-09-16 17:25:49.754419,701
2026-09-16 17:25:49.762849,697
2026-09-16 17:25:49.766857,693
2026-09-16 17:25:49.770812,689
2026-09-16 17:25:49.774919,684
2026-09-16 17:25:49.783218,680
2026-09-16 17:25:49.787189,675
2026-09-16 17:25:49.791318,670
2026-09-16 17:25:49.795378,665
2026-09-16 17:25:49.803587,659
2026-09-16 17:25:49.807664,654
2026-09-16 17:25:49.811760,648
2026-09-16 17:25:49.819923,642
2026-09-16 17:25:49.824051,636
2026-09-16 17:25:49.828157,630
2026-09-16 17:25:49.832275,624
2026-09-16 17:25:49.840390,617
2026-09-16 17:25:49.844627,610
2026-09-16 17:25:49.848640,604
2026-09-16 17:25:49.852764,597
2026-09-16 17:25:49.860885,590
2026-09-16 17:25:49.865288,582
2026-09-16 17:25:49.869142,575
2026-09-16 17:25:49.873239,568
2026-09-16 17:25:49.881618,561
2026-09-16 17:25:49.885490,553
2026-09-16 17:25:49.889617,546
2026-09-16 17:25:49.897816,538
2026-09-16 17:25:49.901924,531
2026-09-16 17:25:49.905944,523
2026-09-16 17:25:49.910437,515
2026-09-16 17:25:49.918278,508
2026-09-16 17:25:49.922344,500
2026-09-16 17:25:49.926478,493
2026-09-16 17:25:49.930569,485
2026-09-16 17:25:49.938674,478
2026-09-16 17:25:49.942832,471
2026-09-16 17:25:49.946947,463
2026-09-16 17:25:49.955108,456
2026-09-16 17:25:49.959242,449
2026-09-16 17:25:49.963432,442
2026-09-16 17:25:49.967427,435
2026-09-16 17:25:49.975580,428
2026-09-16 17:25:49.979687,422
2026-09-16 17:25:49.983846,415
2026-09-16 17:25:49.987975,409
2026-09-16 17:25:49.996424,403
2026-09-16 17:25:50.000278,396
2026-09-16 17:25:50.004282,391
2026-09-16 17:25:50.012431,385
2026-09-16 17:25:50.016541,379
2026-09-16 17:25:50.020668,374
2026-09-16 17:25:50.024777,369
2026-09-16 17:25:50.032987,364
2026-09-16 17:25:50.037036,359
2026-09-16 17:25:50.041155,354
2026-09-16 17:25:50.045276,350
2026-09-16 17:25:50.053390,346
2026-09-16 17:25:50.057523,342
2026-09-16 17:25:50.061715,338
2026-09-16 17:25:50.066078,335
2026-09-16 17:25:50.073896,331
2026-09-16 17:25:50.078049,328
2026-09-16 17:25:50.082434,325
2026-09-16 17:25:50.090289,323
2026-09-16 17:25:50.094415,320
2026-09-16 17:25:50.098511,318
2026-09-16 17:25:50.102619,316
2026-09-16 17:25:50.111020,315
2026-09-16 17:25:50.115299,313
2026-09-16 17:25:50.118988,312
2026-09-16 17:25:50.123179,311
2026-09-16 17:25:50.131352,310
2026-09-16 17:25:50.135327,311
2026-09-16 17:25:50.139503,312
2026-09-16 17:25:50.147667,313
2026-09-16 17:25:50.151819,314
2026-09-16 17:25:50.155827,315
2026-09-16 17:25:50.159990,316
2026-09-16 17:25:50.168199,317
2026-09-16 17:25:50.172216,318
2026-09-16 17:25:50.176361,319
2026-09-16 17:25:50.180439,320
2026-09-16 17:25:50.188546,321
2026-09-16 17:25:50.192976,322
2026-09-16 17:25:50.196896,323
2026-09-16 17:25:50.200990,325
2026-09-16 17:25:50.209200,328
2026-09-16 17:25:50.213233,331
2026-09-16 17:25:50.217406,334
2026-09-16 17:25:50.225459,337
2026-09-16 17:25:50.229663,341
2026-09-16 17:25:50.233763,344
2026-09-16 17:25:50.237795,348
2026-09-16 17:25:50.245976,353
2026-09-16 17:25:50.250387,357
2026-09-16 17:25:50.254161,362
2026-09-16 17:25:50.258275,366
2026-09-16 17:25:50.266566,371
2026-09-16 17:25:50.270522,377
2026-09-16 17:25:50.274677,382
2026-09-16 17:25:50.283056,387
2026-09-16 17:25:50.286923,393
2026-09-16 17:25:50.291013,399
2026-09-16 17:25:50.295313,405
2026-09-16 17:25:50.303287,411
2026-09-16 17:25:50.307358,418
2026-09-16 17:25:50.311596,424
2026-09-16 17:25:50.315641,431
2026-09-16 17:25:50.323787,438
2026-09-16 17:25:50.328162,444
2026-09-16 17:25:50.332072,451
2026-09-16 17:25:50.340188,459
2026-09-16 17:25:50.344263,466
2026-09-16 17:25:50.348341,473
2026-09-16 17:25:50.352507,480
2026-09-16 17:25:50.360941,488
2026-09-16 17:25:50.364807,495
2026-09-16 17:25:50.368856,503
2026-09-16 17:25:50.372961,510
2026-09-16 17:25:50.381402,517
2026-09-16 17:25:50.385252,525
2026-09-16 17:25:50.389370,532
2026-09-16 17:25:50.393534,540
2026-09-16 17:25:50.401564,547
2026-09-16 17:25:50.405713,555
2026-09-16 17:25:50.409851,562
2026-09-16 17:25:50.418028,569
2026-09-16 17:25:50.422138,576
2026-09-16 17:25:50.426244,584
2026-09-16 17:25:50.430415,591
2026-09-16 17:25:50.438725,597
2026-09-16 17:25:50.443231,604
2026-09-16 17:25:50.447096,611
2026-09-16 17:25:50.450873,617
2026-09-16 17:25:50.458958,624
2026-09-16 17:25:50.463258,630
2026-09-16 17:25:50.467190,636
2026-09-16 17:25:50.475319,642
2026-09-16 17:25:50.479543,648
2026-09-16 17:25:50.483659,653
2026-09-16 17:25:50.487621,659
2026-09-16 17:25:50.495899,664
2026-09-16 17:25:50.499931,669
2026-09-16 17:25:50.504014,674
2026-09-16 17:25:50.508215,678
2026-09-16 17:25:50.516537,683
2026-09-16 17:25:50.520373,687
2026-09-16 17:25:50.524550,691
2026-09-16 17:25:50.528919,695
2026-09-16 17:25:50.536804,698
2026-09-16 17:25:50.540995,702
2026-09-16 17:25:50.545335,705
2026-09-16 17:25:50.553255,708
2026-09-16 17:25:50.557308,710
2026-09-16 17:25:50.561610,713
2026-09-16 17:25:50.565891,715
2026-09-16 17:25:50.573655,717
2026-09-16 17:25:50.578376,719
2026-09-16 17:25:50.581886,721
2026-09-16 17:25:50.585995,722
2026-09-16 17:25:50.594230,723
2026-09-16 17:25:50.598358,724
2026-09-16 17:25:50.602375,723
2026-09-16 17:25:50.610851,722
2026-09-16 17:25:50.614645,721
2026-09-16 17:25:50.618738,720
2026-09-16 17:25:50.622861,719
2026-09-16 17:25:50.631076,718
2026-09-16 17:25:50.635250,717
2026-09-16 17:25:50.639237,716
2026-09-16 17:25:50.643344,715
2026-09-16 17:25:50.651544,714
2026-09-16 17:25:50.655582,713
2026-09-16 17:25:50.660094,712
2026-09-16 17:25:50.667946,711
2026-09-16 17:25:50.671980,709
2026-09-16 17:25:50.676197,707
2026-09-16 17:25:50.680455,704
2026-09-16 17:25:50.688480,701
2026-09-16 17:25:50.692828,698
2026-09-16 17:25:50.696660,694
2026-09-16 17:25:50.700764,691
2026-09-16 17:25:50.708838,687
2026-09-16 17:25:50.713065,683
2026-09-16 17:25:50.717326,678
2026-09-16 17:25:50.721197,674
2026-09-16 17:25:50.729371,669
2026-09-16 17:25:50.733529,664
2026-09-16 17:25:50.737573,659
2026-09-16 17:25:50.745782,654
2026-09-16 17:25:50.749889,649
2026-09-16 17:25:50.753909,643
2026-09-16 17:25:50.758039,637
2026-09-16 17:25:50.766423,631
2026-09-16 17:25:50.770305,625
2026-09-16 17:25:50.774431,619
2026-09-16 17:25:50.778610,613
2026-09-16 17:25:50.786666,606
2026-09-16 17:25:50.790797,599
2026-09-16 17:25:50.795190,593
2026-09-16 17:25:50.803025,586
2026-09-16 17:25:50.807185,579
2026-09-16 17:25:50.811280,572
2026-09-16 17:25:50.815375,565
2026-09-16 17:25:50.823532,558
2026-09-16 17:25:50.827719,550
2026-09-16 17:25:50.832018,543
2026-09-16 17:25:50.835869,536
2026-09-16 17:25:50.844291,528
2026-09-16 17:25:50.848253,521
2026-09-16 17:25:50.852228,513
2026-09-16 17:25:50.856362,506
2026-09-16 17:25:50.864580,499
2026-09-16 17:25:50.868592,491
2026-09-16 17:25:50.872713,484
2026-09-16 17:25:50.880964,477
2026-09-16 17:25:50.884979,470
2026-09-16 17:25:50.889158,463
2026-09-16 17:25:50.893239,455
2026-09-16 17:25:50.901408,449
2026-09-16 17:25:50.905471,442
2026-09-16 17:25:50.910010,435
2026-09-16 17:25:50.913809,428
2026-09-16 17:25:50.921823,422
2026-09-16 17:25:50.925967,416
2026-09-16 17:25:50.930090,409
2026-09-16 17:25:50.938194,403
2026-09-16 17:25:50.942407,398
2026-09-16 17:25:50.946535,392
2026-09-16 17:25:50.950538,386
2026-09-16 17:25:50.958712,381
2026-09-16 17:25:50.962908,376
2026-09-16 17:25:50.967003,371
2026-09-16 17:25:50.971055,366
2026-09-16 17:25:50.979282,361
2026-09-16 17:25:50.983407,357
2026-09-16 17:25:50.987417,353
2026-09-16 17:25:50.995743,349
2026-09-16 17:25:50.999774,345
2026-09-16 17:25:51.003833,341
2026-09-16 17:25:51.008260,338
2026-09-16 17:25:51.016217,335
2026-09-16 17:25:51.020205,332
2026-09-16 17:25:51.024343,329
2026-09-16 17:25:51.028646,326
2026-09-16 17:25:51.036534,324
2026-09-16 17:25:51.040645,322
2026-09-16 17:25:51.045039,320
2026-09-16 17:25:51.049223,319
2026-09-16 17:25:51.057014,317
2026-09-16 17:25:51.061441,316
2026-09-16 17:25:51.065277,315
2026-09-16 17:25:51.073379,316
2026-09-16 17:25:51.077544,317
2026-09-16 17:25:51.081712,318
2026-09-16 17:25:51.085733,319
2026-09-16 17:25:51.093954,320
2026-09-16 17:25:51.098115,321
2026-09-16 17:25:51.102184,322
2026-09-16 17:25:51.106252,323
2026-09-16 17:25:51.114547,324
2026-09-16 17:25:51.118473,325
2026-09-16 17:25:51.122581,326
2026-09-16 17:25:51.130996,327
2026-09-16 17:25:51.134844,328
2026-09-16 17:25:51.139049,329
2026-09-16 17:25:51.143392,332
2026-09-16 17:25:51.151303,335
2026-09-16 17:25:51.155360,337
2026-09-16 17:25:51.159586,341
2026-09-16 17:25:51.163898,344
2026-09-16 17:25:51.171696,348
2026-09-16 17:25:51.176078,351
2026-09-16 17:25:51.180341,355
2026-09-16 17:25:51.188102,360
2026-09-16 17:25:51.192243,364
2026-09-16 17:25:51.196430,369
2026-09-16 17:25:51.200436,374
2026-09-16 17:25:51.208573,379
2026-09-16 17:25:51.212766,384
2026-09-16 17:25:51.216870,389
2026-09-16 17:25:51.220923,395
2026-09-16 17:25:51.229379,400
2026-09-16 17:25:51.233318,406
2026-09-16 17:25:51.237318,412
2026-09-16 17:25:51.241377,418
2026-09-16 17:25:51.249585,425
2026-09-16 17:25:51.253659,431
2026-09-16 17:25:51.257801,438
2026-09-16 17:25:51.266001,444
2026-09-16 17:25:51.270042,451
2026-09-16 17:25:51.274147,458
2026-09-16 17:25:51.278525,465
2026-09-16 17:25:51.286396,472
2026-09-16 17:25:51.290531,479
2026-09-16 17:25:51.294902,486
2026-09-16 17:25:51.298815,494
2026-09-16 17:25:51.306899,501
2026-09-16 17:25:51.311103,508
2026-09-16 17:25:51.315310,515
2026-09-16 17:25:51.323295,523
2026-09-16 17:25:51.327461,530
2026-09-16 17:25:51.331827,537
2026-09-16 17:25:51.335629,545
2026-09-16 17:25:51.344021,552
2026-09-16 17:25:51.348150,559
2026-09-16 17:25:51.351994,566
2026-09-16 17:25:51.356206,573
2026-09-16 17:25:51.364290,580
2026-09-16 17:25:51.368350,587
2026-09-16 17:25:51.372473,594
2026-09-16 17:25:51.376591,600
2026-09-16 17:25:51.384815,607
2026-09-16 17:25:51.388863,613
2026-09-16 17:25:51.392969,619
2026-09-16 17:25:51.401185,626
2026-09-16 17:25:51.405235,632
2026-09-16 17:25:51.409331,637
2026-09-16 17:25:51.413631,643
2026-09-16 17:25:51.421553,648
2026-09-16 17:25:51.425730,654
2026-09-16 17:25:51.430095,659
2026-09-16 17:25:51.433921,664
2026-09-16 17:25:51.442122,669
2026-09-16 17:25:51.446420,673
2026-09-16 17:25:51.450366,677
2026-09-16 17:25:51.458448,682
2026-09-16 17:25:51.462561,686
2026-09-16 17:25:51.466737,689
2026-09-16 17:25:51.470802,693
2026-09-16 17:25:51.479192,696
2026-09-16 17:25:51.483038,699
2026-09-16 17:25:51.487200,702
2026-09-16 17:25:51.491278,705
2026-09-16 17:25:51.499484,707
2026-09-16 17:25:51.503549,710
2026-09-16 17:25:51.507651,712
2026-09-16 17:25:51.515909,713
2026-09-16 17:25:51.519905,715
2026-09-16 17:25:51.524041,716
2026-09-16 17:25:51.528203,717
2026-09-16 17:25:51.536278,718
2026-09-16 17:25:51.540396,717
2026-09-16 17:25:51.544517,716
2026-09-16 17:25:51.548888,715
2026-09-16 17:25:51.556763,714
2026-09-16 17:25:51.560883,713
2026-09-16 17:25:51.565298,712
2026-09-16 17:25:51.569186,711
2026-09-16 17:25:51.577224,710
2026-09-16 17:25:51.581593,709
2026-09-16 17:25:51.585498,708
2026-09-16 17:25:51.593627,707
2026-09-16 17:25:51.598004,706
2026-09-16 17:25:51.601843,705
2026-09-16 17:25:51.605980,704
2026-09-16 17:25:51.614263,701
2026-09-16 17:25:51.618252,699
2026-09-16 17:25:51.622365,696
2026-09-16 17:25:51.626447,692
2026-09-16 17:25:51.634662,689
2026-09-16 17:25:51.638738,685
2026-09-16 17:25:51.642826,682
2026-09-16 17:25:51.651046,678
2026-09-16 17:25:51.655142,673
2026-09-16 17:25:51.659237,669
2026-09-16 17:25:51.663398,664
2026-09-16 17:25:51.671429,660
2026-09-16 17:25:51.675584,655
2026-09-16 17:25:51.679698,649
2026-09-16 17:25:51.683799,644
2026-09-16 17:25:51.691937,639
2026-09-16 17:25:51.696335,633
2026-09-16 17:25:51.700178,627
2026-09-16 17:25:51.704284,621
2026-09-16 17:25:51.712444,615
2026-09-16 17:25:51.716630,609
2026-09-16 17:25:51.720643,602
2026-09-16 17:25:51.728807,596
2026-09-16 17:25:51.733055,589
2026-09-16 17:25:51.737049,582
2026-09-16 17:25:51.741209,576
2026-09-16 17:25:51.749365,569
2026-09-16 17:25:51.753417,562
2026-09-16 17:25:51.757532,555
2026-09-16 17:25:51.761629,548
2026-09-16 17:25:51.769777,540
2026-09-16 17:25:51.773896,533
2026-09-16 17:25:51.778016,526
2026-09-16 17:25:51.786130,519
2026-09-16 17:25:51.790262,512
2026-09-16 17:25:51.794356,504
2026-09-16 17:25:51.798494,497
2026-09-16 17:25:51.806646,490
2026-09-16 17:25:51.811015,483
2026-09-16 17:25:51.815137,476
2026-09-16 17:25:51.818967,469
2026-09-16 17:25:51.827356,462
2026-09-16 17:25:51.831463,455
2026-09-16 17:25:51.835326,449
2026-09-16 17:25:51.843894,442
2026-09-16 17:25:51.847897,435
2026-09-16 17:25:51.851761,429
2026-09-16 17:25:51.855869,423
2026-09-16 17:25:51.864281,417
2026-09-16 17:25:51.868162,411
2026-09-16 17:25:51.872255,405
2026-09-16 17:25:51.876352,399
2026-09-16 17:25:51.884457,394
2026-09-16 17:25:51.888586,388
2026-09-16 17:25:51.892958,383
2026-09-16 17:25:51.896877,378
2026-09-16 17:25:51.904920,373
2026-09-16 17:25:51.909559,369
2026-09-16 17:25:51.913339,364
2026-09-16 17:25:51.921325,360
2026-09-16 17:25:51.925521,356
2026-09-16 17:25:51.929689,352
2026-09-16 17:25:51.933679,348
2026-09-16 17:25:51.942067,345
2026-09-16 17:25:51.946017,342
2026-09-16 17:25:51.950141,339
2026-09-16 17:25:51.954211,336
2026-09-16 17:25:51.962363,333
2026-09-16 17:25:51.966413,331
2026-09-16 17:25:51.970552,329
2026-09-16 17:25:51.978792,327
2026-09-16 17:25:51.982791,325
2026-09-16 17:25:51.986904,324
2026-09-16 17:25:51.991004,323
2026-09-16 17:25:51.999274,322
2026-09-16 17:25:52.003327,321
2026-09-16 17:25:52.007394,322
2026-09-16 17:25:52.012070,323
2026-09-16 17:25:52.019647,324
2026-09-16 17:25:52.023779,325
2026-09-16 17:25:52.028138,326
2026-09-16 17:25:52.032136,327
2026-09-16 17:25:52.040161,328
2026-09-16 17:25:52.044514,329
2026-09-16 17:25:52.048460,330
2026-09-16 17:25:52.056517,331
2026-09-16 17:25:52.061154,332
2026-09-16 17:25:52.064756,333
2026-09-16 17:25:52.068852,334
2026-09-16 17:25:52.077278,336
2026-09-16 17:25:52.081157,339
2026-09-16 17:25:52.085249,342
2026-09-16 17:25:52.089349,345
2026-09-16 17:25:52.097556,348
2026-09-16 17:25:52.101613,351
2026-09-16 17:25:52.105735,355
2026-09-16 17:25:52.113941,359
2026-09-16 17:25:52.117994,363
2026-09-16 17:25:52.122142,367
2026-09-16 17:25:52.126451,372
2026-09-16 17:25:52.134389,376
2026-09-16 17:25:52.138462,381
2026-09-16 17:25:52.142637,386
2026-09-16 17:25:52.146940,391
2026-09-16 17:25:52.154822,397
2026-09-16 17:25:52.159290,402
2026-09-16 17:25:52.163066,408
2026-09-16 17:25:52.171221,414
2026-09-16 17:25:52.175518,420
2026-09-16 17:25:52.179517,426
2026-09-16 17:25:52.183597,432
2026-09-16 17:25:52.191709,438
2026-09-16 17:25:52.195904,445
2026-09-16 17:25:52.200086,451
2026-09-16 17:25:52.204057,458
2026-09-16 17:25:52.212283,465
2026-09-16 17:25:52.216369,472
2026-09-16 17:25:52.220383,479
2026-09-16 17:25:52.224518,486
2026-09-16 17:25:52.232736,493
2026-09-16 17:25:52.236895,500
2026-09-16 17:25:52.241373,507
2026-09-16 17:25:52.249222,514
2026-09-16 17:25:52.253195,521
2026-09-16 17:25:52.257288,528
2026-09-16 17:25:52.261623,535
2026-09-16 17:25:52.269576,542
2026-09-16 17:25:52.273654,549
2026-09-16 17:25:52.278023,556
2026-09-16 17:25:52.281977,563
2026-09-16 17:25:52.290019,570
2026-09-16 17:25:52.294288,577
2026-09-16 17:25:52.298350,584
2026-09-16 17:25:52.306390,590
2026-09-16 17:25:52.310513,597
2026-09-16 17:25:52.314878,603
2026-09-16 17:25:52.318741,609
2026-09-16 17:25:52.326949,616
2026-09-16 17:25:52.331391,622
2026-09-16 17:25:52.335198,627
2026-09-16 17:25:52.339242,633
2026-09-16 17:25:52.347374,639
2026-09-16 17:25:52.351519,644
2026-09-16 17:25:52.355579,649
2026-09-16 17:25:52.359707,654
2026-09-16 17:25:52.367928,659
2026-09-16 17:25:52.371941,664
2026-09-16 17:25:52.376085,668
2026-09-16 17:25:52.384273,673
2026-09-16 17:25:52.388331,677
2026-09-16 17:25:52.392445,681
2026-09-16 17:25:52.396938,684
2026-09-16 17:25:52.404682,688
2026-09-16 17:25:52.408831,691
2026-09-16 17:25:52.413227,694
2026-09-16 17:25:52.417110,697
2026-09-16 17:25:52.425211,699
2026-09-16 17:25:52.429402,702
2026-09-16 17:25:52.433531,704
2026-09-16 17:25:52.441575,706
2026-09-16 17:25:52.445992,708
2026-09-16 17:25:52.449800,709
2026-09-16 17:25:52.453948,711
2026-09-16 17:25:52.462385,712
2026-09-16 17:25:52.466283,713
2026-09-16 17:25:52.470294,712
2026-09-16 17:25:52.474398,711
2026-09-16 17:25:52.482624,710
2026-09-16 17:25:52.486666,709
2026-09-16 17:25:52.490777,708
2026-09-16 17:25:52.499187,707
2026-09-16 17:25:52.503080,706
2026-09-16 17:25:52.507198,705
2026-09-16 17:25:52.511509,704
2026-09-16 17:25:52.519426,703
2026-09-16 17:25:52.523542,702
2026-09-16 17:25:52.528076,701
2026-09-16 17:25:52.531811,700
2026-09-16 17:25:52.539888,699
2026-09-16 17:25:52.544029,697
2026-09-16 17:25:52.548176,694
2026-09-16 17:25:52.552235,691
2026-09-16 17:25:52.560358,688
2026-09-16 17:25:52.564488,685
2026-09-16 17:25:52.568607,681
2026-09-16 17:25:52.576775,677
2026-09-16 17:25:52.580865,673
2026-09-16 17:25:52.584973,669
2026-09-16 17:25:52.589101,665
2026-09-16 17:25:52.597230,660
2026-09-16 17:25:52.601345,655
2026-09-16 17:25:52.605453,651
2026-09-16 17:25:52.609610,645
2026-09-16 17:25:52.617790,640
2026-09-16 17:25:52.621841,635
2026-09-16 17:25:52.625964,629
2026-09-16 17:25:52.634133,623
2026-09-16 17:25:52.638232,618
2026-09-16 17:25:52.642582,612
2026-09-16 17:25:52.646492,605
2026-09-16 17:25:52.654583,599
2026-09-16 17:25:52.658721,593
2026-09-16 17:25:52.663313,586
2026-09-16 17:25:52.666915,580
2026-09-16 17:25:52.675133,573
2026-09-16 17:25:52.679461,566
2026-09-16 17:25:52.683360,560
2026-09-16 17:25:52.687407,553
2026-09-16 17:25:52.695917,546
2026-09-16 17:25:52.699669,539
2026-09-16 17:25:52.703823,532
2026-09-16 17:25:52.712217,525
2026-09-16 17:25:52.716160,518
2026-09-16 17:25:52.720387,511
2026-09-16 17:25:52.724550,504
2026-09-16 17:25:52.732448,497
2026-09-16 17:25:52.736513,490
2026-09-16 17:25:52.740653,483
2026-09-16 17:25:52.745022,476
2026-09-16 17:25:52.752894,469
2026-09-16 17:25:52.757057,462
2026-09-16 17:25:52.761440,456
2026-09-16 17:25:52.769322,449
2026-09-16 17:25:52.773376,443
2026-09-16 17:25:52.777505,437
2026-09-16 17:25:52.781629,430
2026-09-16 17:25:52.789772,424
2026-09-16 17:25:52.794315,418
2026-09-16 17:25:52.798099,412
2026-09-16 17:25:52.802102,407
2026-09-16 17:25:52.810240,401
2026-09-16 17:25:52.814412,396
2026-09-16 17:25:52.818487,391
2026-09-16 17:25:52.826880,386
2026-09-16 17:25:52.830870,381
2026-09-16 17:25:52.834859,376
2026-09-16 17:25:52.838953,372
2026-09-16 17:25:52.847384,368
2026-09-16 17:25:52.851253,363
2026-09-16 17:25:52.855369,360
2026-09-16 17:25:52.859517,356
2026-09-16 17:25:52.867725,352
2026-09-16 17:25:52.871702,349
2026-09-16 17:25:52.875841,346
2026-09-16 17:25:52.880234,343
2026-09-16 17:25:52.888194,341
2026-09-16 17:25:52.892250,338
2026-09-16 17:25:52.896355,336
2026-09-16 17:25:52.904455,334
2026-09-16 17:25:52.908952,332
2026-09-16 17:25:52.912818,331
2026-09-16 17:25:52.916875,329
2026-09-16 17:25:52.924964,328
2026-09-16 17:25:52.929211,327
2026-09-16 17:25:52.933185,328
2026-09-16 17:25:52.937338,329
2026-09-16 17:25:52.945549,330
2026-09-16 17:25:52.949617,331
2026-09-16 17:25:52.953678,332
2026-09-16 17:25:52.962068,333
2026-09-16 17:25:52.966014,334
2026-09-16 17:25:52.970046,335
2026-09-16 17:25:52.974224,336
2026-09-16 17:25:52.982618,337
2026-09-16 17:25:52.986414,338
2026-09-16 17:25:52.990981,339
2026-09-16 17:25:52.994737,340
2026-09-16 17:25:53.002786,341
2026-09-16 17:25:53.006915,343
2026-09-16 17:25:53.011126,345
2026-09-16 17:25:53.019189,348
2026-09-16 17:25:53.023359,351
2026-09-16 17:25:53.027714,355
2026-09-16 17:25:53.031574,358
2026-09-16 17:25:53.039646,362
2026-09-16 17:25:53.044057,366
2026-09-16 17:25:53.047940,370
2026-09-16 17:25:53.051990,374
2026-09-16 17:25:53.060264,379
2026-09-16 17:25:53.064355,383
2026-09-16 17:25:53.068365,388
2026-09-16 17:25:53.072491,393
2026-09-16 17:25:53.081046,398
2026-09-16 17:25:53.084734,404
2026-09-16 17:25:53.088833,409
2026-09-16 17:25:53.097089,415
2026-09-16 17:25:53.101256,421
2026-09-16 17:25:53.105209,427
2026-09-16 17:25:53.109426,433
2026-09-16 17:25:53.117466,439
2026-09-16 17:25:53.121605,445
2026-09-16 17:25:53.125706,452
2026-09-16 17:25:53.129871,458
2026-09-16 17:25:53.137929,465
2026-09-16 17:25:53.142119,471
2026-09-16 17:25:53.146266,478
2026-09-16 17:25:53.154340,485
2026-09-16 17:25:53.158451,492
2026-09-16 17:25:53.162553,499
2026-09-16 17:25:53.166644,506
2026-09-16 17:25:53.174796,513
2026-09-16 17:25:53.178961,520
2026-09-16 17:25:53.183033,527
2026-09-16 17:25:53.187209,533
2026-09-16 17:25:53.195292,540
2026-09-16 17:25:53.199418,547
2026-09-16 17:25:53.203609,554
2026-09-16 17:25:53.207636,561
2026-09-16 17:25:53.215815,568
2026-09-16 17:25:53.219918,574
2026-09-16 17:25:53.224029,581
2026-09-16 17:25:53.232287,587
2026-09-16 17:25:53.236378,594
2026-09-16 17:25:53.240477,600
2026-09-16 17:25:53.244455,606
2026-09-16 17:25:53.252928,612
2026-09-16 17:25:53.256804,618
2026-09-16 17:25:53.260978,624
2026-09-16 17:25:53.265083,629
2026-09-16 17:25:53.273179,635
2026-09-16 17:25:53.277388,640
2026-09-16 17:25:53.281463,645
2026-09-16 17:25:53.289584,650
2026-09-16 17:25:53.293744,655
2026-09-16 17:25:53.297853,659
2026-09-16 17:25:53.301869,664
2026-09-16 17:25:53.310083,668
2026-09-16 17:25:53.314497,672
2026-09-16 17:25:53.318239,676
2026-09-16 17:25:53.322404,679
2026-09-16 17:25:53.330782,683
2026-09-16 17:25:53.334621,686
2026-09-16 17:25:53.338691,689
2026-09-16 17:25:53.347312,692
2026-09-16 17:25:53.351021,694
2026-09-16 17:25:53.355095,697
2026-09-16 17:25:53.359457,699
2026-09-16 17:25:53.367344,701
2026-09-16 17:25:53.371443,703
2026-09-16 17:25:53.375613,704
2026-09-16 17:25:53.379687,705
2026-09-16 17:25:53.387874,706
2026-09-16 17:25:53.391994,707
2026-09-16 17:25:53.396430,706
2026-09-16 17:25:53.400311,705
2026-09-16 17:25:53.408404,704
2026-09-16 17:25:53.412499,703
2026-09-16 17:25:53.416659,702
2026-09-16 17:25:53.424714,701
2026-09-16 17:25:53.428918,700
2026-09-16 17:25:53.433033,699
2026-09-16 17:25:53.437099,698
2026-09-16 17:25:53.445479,697
2026-09-16 17:25:53.449414,696
2026-09-16 17:25:53.453454,695
2026-09-16 17:25:53.457797,694
2026-09-16 17:25:53.465733,693
2026-09-16 17:25:53.469830,691
2026-09-16 17:25:53.474081,688
2026-09-16 17:25:53.482154,685
2026-09-16 17:25:53.486161,682
2026-09-16 17:25:53.490282,679
2026-09-16 17:25:53.494374,675
2026-09-16 17:25:53.502739,671
2026-09-16 17:25:53.506656,667
2026-09-16 17:25:53.511003,663
2026-09-16 17:25:53.514875,659
2026-09-16 17:25:53.523062,655
2026-09-16 17:25:53.527410,650
2026-09-16 17:25:53.531334,645
2026-09-16 17:25:53.535402,640
2026-09-16 17:25:53.543717,635
2026-09-16 17:25:53.548007,630
2026-09-16 17:25:53.551744,624
2026-09-16 17:25:53.559863,619
2026-09-16 17:25:53.563991,613
2026-09-16 17:25:53.568197,607
2026-09-16 17:25:53.572192,601
2026-09-16 17:25:53.580395,595
2026-09-16 17:25:53.584492,588
2026-09-16 17:25:53.588631,582
2026-09-16 17:25:53.593144,576
2026-09-16 17:25:53.600896,569
2026-09-16 17:25:53.605044,562
2026-09-16 17:25:53.609091,556
2026-09-16 17:25:53.617274,549
2026-09-16 17:25:53.621501,542
2026-09-16 17:25:53.625467,535
2026-09-16 17:25:53.629568,529
2026-09-16 17:25:53.637705,522
2026-09-16 17:25:53.642247,515
2026-09-16 17:25:53.646048,508
2026-09-16 17:25:53.650087,501
2026-09-16 17:25:53.658245,494
2026-09-16 17:25:53.662324,488
2026-09-16 17:25:53.666483,481
2026-09-16 17:25:53.674648,474
2026-09-16 17:25:53.678939,468
2026-09-16 17:25:53.682832,461
2026-09-16 17:25:53.686991,455
2026-09-16 17:25:53.695263,448
2026-09-16 17:25:53.699323,442
2026-09-16 17:25:53.703298,436
2026-09-16 17:25:53.707370,430
2026-09-16 17:25:53.715612,424
2026-09-16 17:25:53.719669,418
2026-09-16 17:25:53.723771,413
2026-09-16 17:25:53.727965,407
2026-09-16 17:25:53.736018,402
2026-09-16 17:25:53.740197,397
2026-09-16 17:25:53.744226,392
2026-09-16 17:25:53.752511,387
2026-09-16 17:25:53.756552,382
2026-09-16 17:25:53.760645,378
2026-09-16 17:25:53.764831,373
2026-09-16 17:25:53.772919,369
2026-09-16 17:25:53.777274,365
2026-09-16 17:25:53.781445,362
2026-09-16 17:25:53.785323,358
2026-09-16 17:25:53.793352,355
2026-09-16 17:25:53.797583,352
2026-09-16 17:25:53.801597,349
2026-09-16 17:25:53.809764,346
2026-09-16 17:25:53.813960,343
2026-09-16 17:25:53.818027,341
2026-09-16 17:25:53.822114,339
2026-09-16 17:25:53.830450,337
2026-09-16 17:25:53.834409,336
2026-09-16 17:25:53.838445,334
2026-09-16 17:25:53.842584,333
2026-09-16 17:25:53.850739,332
2026-09-16 17:25:53.854912,331
2026-09-16 17:25:53.858969,332
2026-09-16 17:25:53.863162,333
2026-09-16 17:25:53.871286,334
2026-09-16 17:25:53.875327,335
2026-09-16 17:25:53.879616,336
2026-09-16 17:25:53.887622,337
2026-09-16 17:25:53.891766,338
2026-09-16 17:25:53.895906,339
2026-09-16 17:25:53.900023,340
2026-09-16 17:25:53.908413,341
2026-09-16 17:25:53.912314,342
2026-09-16 17:25:53.916583,343
2026-09-16 17:25:53.920482,344
2026-09-16 17:25:53.928583,345
2026-09-16 17:25:53.932714,348
2026-09-16 17:25:53.936894,351
2026-09-16 17:25:53.945122,354
2026-09-16 17:25:53.949133,357
2026-09-16 17:25:53.953237,360
2026-09-16 17:25:53.957292,364
2026-09-16 17:25:53.965571,367
2026-09-16 17:25:53.969539,371
2026-09-16 17:25:53.973686,375
2026-09-16 17:25:53.977774,380
2026-09-16 17:25:53.985936,384
2026-09-16 17:25:53.990060,389
2026-09-16 17:25:53.994606,394
2026-09-16 17:25:54.002309,399
2026-09-16 17:25:54.006441,404
2026-09-16 17:25:54.010518,409
2026-09-16 17:25:54.014707,415
2026-09-16 17:25:54.022813,420
2026-09-16 17:25:54.026921,426
2026-09-16 17:25:54.031009,432
2026-09-16 17:25:54.035132,438
2026-09-16 17:25:54.043268,444
2026-09-16 17:25:54.047570,450
2026-09-16 17:25:54.051540,457
2026-09-16 17:25:54.055634,463
2026-09-16 17:25:54.063697,470
2026-09-16 17:25:54.067913,476
2026-09-16 17:25:54.071985,483
2026-09-16 17:25:54.080246,489
2026-09-16 17:25:54.084308,496
2026-09-16 17:25:54.088356,503
2026-09-16 17:25:54.092445,510
2026-09-16 17:25:54.100636,517
2026-09-16 17:25:54.104768,523
2026-09-16 17:25:54.108860,530
2026-09-16 17:25:54.113019,537
2026-09-16 17:25:54.121149,544
2026-09-16 17:25:54.125206,550
2026-09-16 17:25:54.129286,557
2026-09-16 17:25:54.137552,563
2026-09-16 17:25:54.141632,570
2026-09-16 17:25:54.145771,576
2026-09-16 17:25:54.149801,583
2026-09-16 17:25:54.157992,589
2026-09-16 17:25:54.162322,595
2026-09-16 17:25:54.166414,601
2026-09-16 17:25:54.170369,607
2026-09-16 17:25:54.178559,613
2026-09-16 17:25:54.182606,618
2026-09-16 17:25:54.186819,624
2026-09-16 17:25:54.190782,629
2026-09-16 17:25:54.198941,635
2026-09-16 17:25:54.203113,640
2026-09-16 17:25:54.207251,644
2026-09-16 17:25:54.215503,649
2026-09-16 17:25:54.219439,654
2026-09-16 17:25:54.223556,658
2026-09-16 17:25:54.227853,662
2026-09-16 17:25:54.235818,666
2026-09-16 17:25:54.239932,670
2026-09-16 17:25:54.244011,673
2026-09-16 17:25:54.248108,677
2026-09-16 17:25:54.256319,680
2026-09-16 17:25:54.260330,683
2026-09-16 17:25:54.264491,686
2026-09-16 17:25:54.272673,688
2026-09-16 17:25:54.276759,691
2026-09-16 17:25:54.281267,693
2026-09-16 17:25:54.285026,695
2026-09-16 17:25:54.293143,696
2026-09-16 17:25:54.297249,698
2026-09-16 17:25:54.301451,699
2026-09-16 17:25:54.305475,700
2026-09-16 17:25:54.313660,701
2026-09-16 17:25:54.317772,700
2026-09-16 17:25:54.321868,699
2026-09-16 17:25:54.330056,698
2026-09-16 17:25:54.334250,697
2026-09-16 17:25:54.338216,696
2026-09-16 17:25:54.342363,695
2026-09-16 17:25:54.350491,694
2026-09-16 17:25:54.354809,693
2026-09-16 17:25:54.358695,692
2026-09-16 17:25:54.362800,691
2026-09-16 17:25:54.371037,690
2026-09-16 17:25:54.375091,689
2026-09-16 17:25:54.379213,688
2026-09-16 17:25:54.383414,687
2026-09-16 17:25:54.391444,685
2026-09-16 17:25:54.395568,682
2026-09-16 17:25:54.399710,680
2026-09-16 17:25:54.407841,676
2026-09-16 17:25:54.411917,673
2026-09-16 17:25:54.416159,670
2026-09-16 17:25:54.420265,666
2026-09-16 17:25:54.428561,662
2026-09-16 17:25:54.432477,658
2026-09-16 17:25:54.436548,654
2026-09-16 17:25:54.440706,650
2026-09-16 17:25:54.448942,645
2026-09-16 17:25:54.452930,640
2026-09-16 17:25:54.457017,636
2026-09-16 17:25:54.465273,631
2026-09-16 17:25:54.469353,625
2026-09-16 17:25:54.473398,620
2026-09-16 17:25:54.477530,614
2026-09-16 17:25:54.485679,609
2026-09-16 17:25:54.489780,603
2026-09-16 17:25:54.493889,597
2026-09-16 17:25:54.498251,591
2026-09-16 17:25:54.506173,585
2026-09-16 17:25:54.510268,579
2026-09-16 17:25:54.514450,573
2026-09-16 17:25:54.518471,566
2026-09-16 17:25:54.526719,560
2026-09-16 17:25:54.530850,553
2026-09-16 17:25:54.534911,547
2026-09-16 17:25:54.543267,540
2026-09-16 17:25:54.547431,533
2026-09-16 17:25:54.551266,527
2026-09-16 17:25:54.555347,520
2026-09-16 17:25:54.563463,513
2026-09-16 17:25:54.567633,507
2026-09-16 17:25:54.571745,500
2026-09-16 17:25:54.576089,493
2026-09-16 17:25:54.584023,487
2026-09-16 17:25:54.588117,480
2026-09-16 17:25:54.592448,474
2026-09-16 17:25:54.600378,467
2026-09-16 17:25:54.604495,461
2026-09-16 17:25:54.608611,454
2026-09-16 17:25:54.613119,448
2026-09-16 17:25:54.620899,442
2026-09-16 17:25:54.624984,436
2026-09-16 17:25:54.629387,430
2026-09-16 17:25:54.633295,425
2026-09-16 17:25:54.641363,419
2026-09-16 17:25:54.645450,413
2026-09-16 17:25:54.649639,408
2026-09-16 17:25:54.657700,403
2026-09-16 17:25:54.661814,398
2026-09-16 17:25:54.665964,393
2026-09-16 17:25:54.670103,388
2026-09-16 17:25:54.678210,384
2026-09-16 17:25:54.682369,379
2026-09-16 17:25:54.686384,375
2026-09-16 17:25:54.690522,371
2026-09-16 17:25:54.698899,368
2026-09-16 17:25:54.702773,364
2026-09-16 17:25:54.706892,361
2026-09-16 17:25:54.711301,357
2026-09-16 17:25:54.719232,354
2026-09-16 17:25:54.723288,352
2026-09-16 17:25:54.727424,349
2026-09-16 17:25:54.735572,347
2026-09-16 17:25:54.739701,344
2026-09-16 17:25:54.743876,342
2026-09-16 17:25:54.747884,341
2026-09-16 17:25:54.756057,339
2026-09-16 17:25:54.760289,338
2026-09-16 17:25:54.764519,337
2026-09-16 17:25:54.768409,336
2026-09-16 17:25:54.776504,335
2026-09-16 17:25:54.780869,336
2026-09-16 17:25:54.784762,337
2026-09-16 17:25:54.792887,338
2026-09-16 17:25:54.797279,339
2026-09-16 17:25:54.801159,340
2026-09-16 17:25:54.805306,341
2026-09-16 17:25:54.813418,342
2026-09-16 17:25:54.817545,343
2026-09-16 17:25:54.821607,344
2026-09-16 17:25:54.825710,345
2026-09-16 17:25:54.833885,346
2026-09-16 17:25:54.837990,347
2026-09-16 17:25:54.842070,348
2026-09-16 17:25:54.850323,350
2026-09-16 17:25:54.854397,353
2026-09-16 17:25:54.858447,355
2026-09-16 17:25:54.862633,358
2026-09-16 17:25:54.870749,361
2026-09-16 17:25:54.874830,365
2026-09-16 17:25:54.879029,368
2026-09-16 17:25:54.883092,372
2026-09-16 17:25:54.891229,376
2026-09-16 17:25:54.895312,380
2026-09-16 17:25:54.899505,384
2026-09-16 17:25:54.903627,389
2026-09-16 17:25:54.911674,393
2026-09-16 17:25:54.915798,398
2026-09-16 17:25:54.919965,403
2026-09-16 17:25:54.928066,408
2026-09-16 17:25:54.932227,414
2026-09-16 17:25:54.936351,419
2026-09-16 17:25:54.940416,425
2026-09-16 17:25:54.948586,430
2026-09-16 17:25:54.952675,436
2026-09-16 17:25:54.956826,442
2026-09-16 17:25:54.961141,448
2026-09-16 17:25:54.969026,454
2026-09-16 17:25:54.973212,460
2026-09-16 17:25:54.977267,467
2026-09-16 17:25:54.985454,473
2026-09-16 17:25:54.989564,480
2026-09-16 17:25:54.993636,486
2026-09-16 17:25:54.997828,493
2026-09-16 17:25:55.005919,499
2026-09-16 17:25:55.010015,506
2026-09-16 17:25:55.014301,512
2026-09-16 17:25:55.018286,519
2026-09-16 17:25:55.026353,526
2026-09-16 17:25:55.030582,532
2026-09-16 17:25:55.034667,539
2026-09-16 17:25:55.038759,545
2026-09-16 17:25:55.047161,552
2026-09-16 17:25:55.051078,558
2026-09-16 17:25:55.055125,565
2026-09-16 17:25:55.063321,571
2026-09-16 17:25:55.067396,577
2026-09-16 17:25:55.071521,583
2026-09-16 17:25:55.075582,589
2026-09-16 17:25:55.083771,595
2026-09-16 17:25:55.087873,601
2026-09-16 17:25:55.091954,607
2026-09-16 17:25:55.096339,612
2026-09-16 17:25:55.104256,618
2026-09-16 17:25:55.108332,623
2026-09-16 17:25:55.112449,628
2026-09-16 17:25:55.120636,633
2026-09-16 17:25:55.124715,638
2026-09-16 17:25:55.128816,643
2026-09-16 17:25:55.132959,647
2026-09-16 17:25:55.141090,652
2026-09-16 17:25:55.145198,656
2026-09-16 17:25:55.149358,660
2026-09-16 17:25:55.153527,664
2026-09-16 17:25:55.161555,667
2026-09-16 17:25:55.165668,670
2026-09-16 17:25:55.169846,674
2026-09-16 17:25:55.177942,677
2026-09-16 17:25:55.182130,679
2026-09-16 17:25:55.186280,682
2026-09-16 17:25:55.190326,684
2026-09-16 17:25:55.198554,687
2026-09-16 17:25:55.202616,688
2026-09-16 17:25:55.206683,690
2026-09-16 17:25:55.210833,692
2026-09-16 17:25:55.218960,693
2026-09-16 17:25:55.223070,694
2026-09-16 17:25:55.227222,695
2026-09-16 17:25:55.231338,694
2026-09-16 17:25:55.239392,693
2026-09-16 17:25:55.243515,692
2026-09-16 17:25:55.247623,691
2026-09-16 17:25:55.255805,690
2026-09-16 17:25:55.259891,689
2026-09-16 17:25:55.264074,688
2026-09-16 17:25:55.268182,687
2026-09-16 17:25:55.276266,686
2026-09-16 17:25:55.280350,685
2026-09-16 17:25:55.284540,684
2026-09-16 17:25:55.288637,683
2026-09-16 17:25:55.296941,682
2026-09-16 17:25:55.300885,681
2026-09-16 17:25:55.304979,680
2026-09-16 17:25:55.313254,677
2026-09-16 17:25:55.317320,675
2026-09-16 17:25:55.321397,672
2026-09-16 17:25:55.325486,669
2026-09-16 17:25:55.333655,665
2026-09-16 17:25:55.337759,662
2026-09-16 17:25:55.341832,658
2026-09-16 17:25:55.345929,654
2026-09-16 17:25:55.354205,650
2026-09-16 17:25:55.358226,646
2026-09-16 17:25:55.362361,641
2026-09-16 17:25:55.366482,637
2026-09-16 17:25:55.374600,632
2026-09-16 17:25:55.378700,627
2026-09-16 17:25:55.382821,622
2026-09-16 17:25:55.390989,617
2026-09-16 17:25:55.395067,612
2026-09-16 17:25:55.399223,606
2026-09-16 17:25:55.403359,600
2026-09-16 17:25:55.411428,595
2026-09-16 17:25:55.415530,589
2026-09-16 17:25:55.419714,583
2026-09-16 17:25:55.423810,577
2026-09-16 17:25:55.431983,571
2026-09-16 17:25:55.436109,564
2026-09-16 17:25:55.440292,558
2026-09-16 17:25:55.448375,552
2026-09-16 17:25:55.452492,545
2026-09-16 17:25:55.456561,539
2026-09-16 17:25:55.460632,532
2026-09-16 17:25:55.468849,526
2026-09-16 17:25:55.472939,519
2026-09-16 17:25:55.477005,513
2026-09-16 17:25:55.481233,506
2026-09-16 17:25:55.489296,500
2026-09-16 17:25:55.493350,493
2026-09-16 17:25:55.497472,487
2026-09-16 17:25:55.505672,480
2026-09-16 17:25:55.510245,474
2026-09-16 17:25:55.513953,468
2026-09-16 17:25:55.517995,461
2026-09-16 17:25:55.526202,455
2026-09-16 17:25:55.530254,449
2026-09-16 17:25:55.534369,443
2026-09-16 17:25:55.538484,437
2026-09-16 17:25:55.546662,432
2026-09-16 17:25:55.550779,426
2026-09-16 17:25:55.554889,421
2026-09-16 17:25:55.559230,415
2026-09-16 17:25:55.567220,410
2026-09-16 17:25:55.571266,405
2026-09-16 17:25:55.575329,400
2026-09-16 17:25:55.583550,395
2026-09-16 17:25:55.587627,391
2026-09-16 17:25:55.591786,386
2026-09-16 17:25:55.595906,382
2026-09-16 17:25:55.603976,378
2026-09-16 17:25:55.608078,374
2026-09-16 17:25:55.612300,370
2026-09-16 17:25:55.616345,367
2026-09-16 17:25:55.624444,364
2026-09-16 17:25:55.628561,360
2026-09-16 17:25:55.632684,357
2026-09-16 17:25:55.640852,355
2026-09-16 17:25:55.645026,352
2026-09-16 17:25:55.649118,350
2026-09-16 17:25:55.653300,348
2026-09-16 17:25:55.661366,346
2026-09-16 17:25:55.665400,344
2026-09-16 17:25:55.669592,343
2026-09-16 17:25:55.673691,341
2026-09-16 17:25:55.681769,340
2026-09-16 17:25:55.685947,339
2026-09-16 17:25:55.690043,340
2026-09-16 17:25:55.694135,341
2026-09-16 17:25:55.702464,342
2026-09-16 17:25:55.706402,343
2026-09-16 17:25:55.710519,344
2026-09-16 17:25:55.718695,345
2026-09-16 17:25:55.722820,346
2026-09-16 17:25:55.726890,347
2026-09-16 17:25:55.730997,348
2026-09-16 17:25:55.739220,349
2026-09-16 17:25:55.743258,350
2026-09-16 17:25:55.747441,351
2026-09-16 17:25:55.751506,352
2026-09-16 17:25:55.759626,353
2026-09-16 17:25:55.763973,354
2026-09-16 17:25:55.767938,356
2026-09-16 17:25:55.776018,359
2026-09-16 17:25:55.780214,362
2026-09-16 17:25:55.784300,365
2026-09-16 17:25:55.788385,368
2026-09-16 17:25:55.796569,372
2026-09-16 17:25:55.800647,376
2026-09-16 17:25:55.804744,380
2026-09-16 17:25:55.808823,384
2026-09-16 17:25:55.817000,388
2026-09-16 17:25:55.821126,392
2026-09-16 17:25:55.825221,397
2026-09-16 17:25:55.833388,402
2026-09-16 17:25:55.837557,406
2026-09-16 17:25:55.841589,412
2026-09-16 17:25:55.845702,417
2026-09-16 17:25:55.853897,422
2026-09-16 17:25:55.857973,428
2026-09-16 17:25:55.862066,433
2026-09-16 17:25:55.866299,439
2026-09-16 17:25:55.874355,445
2026-09-16 17:25:55.878486,451
2026-09-16 17:25:55.882663,457
2026-09-16 17:25:55.886693,463
2026-09-16 17:25:55.894796,469
2026-09-16 17:25:55.898963,475
2026-09-16 17:25:55.903309,481
2026-09-16 17:25:55.911621,488
2026-09-16 17:25:55.915379,494
2026-09-16 17:25:55.919469,501
2026-09-16 17:25:55.923560,507
2026-09-16 17:25:55.931641,513
2026-09-16 17:25:55.935938,520
2026-09-16 17:25:55.939932,526
2026-09-16 17:25:55.944362,533
2026-09-16 17:25:55.952231,539
2026-09-16 17:25:55.956428,546
2026-09-16 17:25:55.960390,552
2026-09-16 17:25:55.968559,558
2026-09-16 17:25:55.972697,564
2026-09-16 17:25:55.976758,571
2026-09-16 17:25:55.980866,577
2026-09-16 17:25:55.989020,583
2026-09-16 17:25:55.993217,588
2026-09-16 17:25:55.997269,594
2026-09-16 17:25:56.001356,600
2026-09-16 17:25:56.009481,605
2026-09-16 17:25:56.013701,611
2026-09-16 17:25:56.017709,616
2026-09-16 17:25:56.021885,621
2026-09-16 17:25:56.030197,626
2026-09-16 17:25:56.034108,631
2026-09-16 17:25:56.038234,636
2026-09-16 17:25:56.046562,640
2026-09-16 17:25:56.050502,644
2026-09-16 17:25:56.054656,649
2026-09-16 17:25:56.058969,653
2026-09-16 17:25:56.066852,656
2026-09-16 17:25:56.071066,660
2026-09-16 17:25:56.075191,663
2026-09-16 17:25:56.079342,667
2026-09-16 17:25:56.087455,670
2026-09-16 17:25:56.091538,673
2026-09-16 17:25:56.095653,675
2026-09-16 17:25:56.103720,678
2026-09-16 17:25:56.107830,680
2026-09-16 17:25:56.112230,682
2026-09-16 17:25:56.116182,684
2026-09-16 17:25:56.124223,685
2026-09-16 17:25:56.128397,687
2026-09-16 17:25:56.132429,688
2026-09-16 17:25:56.136664,689
2026-09-16 17:25:56.144747,690
2026-09-16 17:25:56.148796,689
2026-09-16 17:25:56.152983,688
2026-09-16 17:25:56.161064,687
2026-09-16 17:25:56.165216,686
2026-09-16 17:25:56.169350,685
2026-09-16 17:25:56.173367,684
2026-09-16 17:25:56.182101,683
2026-09-16 17:25:56.185665,682
2026-09-16 17:25:56.189763,681
2026-09-16 17:25:56.194150,680
2026-09-16 17:25:56.202073,679
2026-09-16 17:25:56.206213,678
2026-09-16 17:25:56.210268,677
2026-09-16 17:25:56.214463,676
2026-09-16 17:25:56.222520,674
2026-09-16 17:25:56.226646,672
2026-09-16 17:25:56.231000,669
2026-09-16 17:25:56.238911,666
2026-09-16 17:25:56.243012,663
2026-09-16 17:25:56.247229,659
2026-09-16 17:25:56.251251,656
2026-09-16 17:25:56.259503,652
2026-09-16 17:25:56.263609,648
2026-09-16 17:25:56.267646,644
2026-09-16 17:25:56.271705,640
2026-09-16 17:25:56.279891,635
2026-09-16 17:25:56.283974,631
2026-09-16 17:25:56.288139,626
2026-09-16 17:25:56.296466,621
2026-09-16 17:25:56.300460,616
2026-09-16 17:25:56.304442,611
2026-09-16 17:25:56.308582,606
2026-09-16 17:25:56.316778,600
2026-09-16 17:25:56.320865,595
2026-09-16 17:25:56.324965,589
2026-09-16 17:25:56.329161,583
2026-09-16 17:25:56.337219,577
2026-09-16 17:25:56.341397,571
2026-09-16 17:25:56.345615,565
2026-09-16 17:25:56.349626,559
2026-09-16 17:25:56.357729,553
2026-09-16 17:25:56.361830,547
2026-09-16 17:25:56.366229,540
2026-09-16 17:25:56.374119,534
2026-09-16 17:25:56.378217,528
2026-09-16 17:25:56.382324,521
2026-09-16 17:25:56.386421,515
2026-09-16 17:25:56.394561,509
2026-09-16 17:25:56.398666,502
2026-09-16 17:25:56.402829,496
2026-09-16 17:25:56.406925,490
2026-09-16 17:25:56.415221,483
2026-09-16 17:25:56.419294,477
2026-09-16 17:25:56.423346,471
2026-09-16 17:25:56.431496,465
2026-09-16 17:25:56.435588,459
2026-09-16 17:25:56.439682,453
2026-09-16 17:25:56.443752,447
2026-09-16 17:25:56.452039,441
2026-09-16 17:25:56.456031,436
2026-09-16 17:25:56.460118,430
2026-09-16 17:25:56.464350,425
2026-09-16 17:25:56.472432,419
2026-09-16 17:25:56.476493,414
2026-09-16 17:25:56.480706,409
2026-09-16 17:25:56.488807,404
2026-09-16 17:25:56.492891,400
2026-09-16 17:25:56.496996,395
2026-09-16 17:25:56.501158,391
2026-09-16 17:25:56.509282,387
2026-09-16 17:25:56.513465,383
2026-09-16 17:25:56.517534,379
2026-09-16 17:25:56.521640,375
2026-09-16 17:25:56.529971,372
2026-09-16 17:25:56.533889,368
2026-09-16 17:25:56.538019,365
2026-09-16 17:25:56.542505,362
2026-09-16 17:25:56.550281,359
2026-09-16 17:25:56.554396,357
2026-09-16 17:25:56.558467,355
2026-09-16 17:25:56.566656,353
2026-09-16 17:25:56.570765,351
2026-09-16 17:25:56.574842,349
2026-09-16 17:25:56.579252,347
2026-09-16 17:25:56.587150,346
2026-09-16 17:25:56.591222,345
2026-09-16 17:25:56.595317,344
2026-09-16 17:25:56.599564,345
2026-09-16 17:25:56.607614,346
2026-09-16 17:25:56.611676,347
2026-09-16 17:25:56.615881,348
2026-09-16 17:25:56.623963,349
2026-09-16 17:25:56.628067,350
2026-09-16 17:25:56.632313,351
2026-09-16 17:25:56.636373,352
2026-09-16 17:25:56.644476,353
2026-09-16 17:25:56.648626,354
2026-09-16 17:25:56.652731,355
2026-09-16 17:25:56.656806,356
2026-09-16 17:25:56.664990,357
2026-09-16 17:25:56.669080,358
2026-09-16 17:25:56.673274,359
2026-09-16 17:25:56.681376,361
2026-09-16 17:25:56.685476,364
2026-09-16 17:25:56.689570,367
2026-09-16 17:25:56.693644,370
2026-09-16 17:25:56.701858,373
2026-09-16 17:25:56.705938,376
2026-09-16 17:25:56.710044,380
2026-09-16 17:25:56.714403,384
2026-09-16 17:25:56.722295,388
2026-09-16 17:25:56.726561,392
2026-09-16 17:25:56.730802,396
2026-09-16 17:25:56.734647,401
2026-09-16 17:25:56.742750,405
2026-09-16 17:25:56.746887,410
2026-09-16 17:25:56.751073,415
2026-09-16 17:25:56.759206,420
2026-09-16 17:25:56.763507,425
2026-09-16 17:25:56.767406,431
2026-09-16 17:25:56.771507,436
2026-09-16 17:25:56.779654,442
2026-09-16 17:25:56.783761,447
2026-09-16 17:25:56.787859,453
2026-09-16 17:25:56.791946,459
2026-09-16 17:25:56.800156,465
2026-09-16 17:25:56.804289,471
2026-09-16 17:25:56.808545,477
2026-09-16 17:25:56.816542,483
2026-09-16 17:25:56.820650,489
2026-09-16 17:25:56.824943,496
2026-09-16 17:25:56.829065,502
2026-09-16 17:25:56.836993,508
2026-09-16 17:25:56.841437,515
2026-09-16 17:25:56.845348,521
2026-09-16 17:25:56.849390,527
2026-09-16 17:25:56.857471,534
2026-09-16 17:25:56.861559,540
2026-09-16 17:25:56.865727,546
2026-09-16 17:25:56.869850,552
2026-09-16 17:25:56.878048,558
2026-09-16 17:25:56.882160,564
2026-09-16 17:25:56.886328,570
2026-09-16 17:25:56.894392,576
2026-09-16 17:25:56.898449,582
2026-09-16 17:25:56.902591,588
2026-09-16 17:25:56.906680,594
2026-09-16 17:25:56.914855,599
2026-09-16 17:25:56.918973,604
2026-09-16 17:25:56.923069,610
2026-09-16 17:25:56.927131,615
2026-09-16 17:25:56.935501,620
2026-09-16 17:25:56.939404,625
2026-09-16 17:25:56.943522,629
2026-09-16 17:25:56.951758,634
2026-09-16 17:25:56.955804,638
2026-09-16 17:25:56.960324,643
2026-09-16 17:25:56.964096,647
2026-09-16 17:25:56.972232,650
2026-09-16 17:25:56.976283,654
2026-09-16 17:25:56.980610,658
2026-09-16 17:25:56.984542,661
2026-09-16 17:25:56.992847,664
2026-09-16 17:25:56.996834,667
2026-09-16 17:25:57.000895,670
2026-09-16 17:25:57.008995,672
2026-09-16 17:25:57.013226,675
2026-09-16 17:25:57.017292,677
2026-09-16 17:25:57.021386,679
2026-09-16 17:25:57.029492,681
2026-09-16 17:25:57.033709,682
2026-09-16 17:25:57.037749,683
2026-09-16 17:25:57.041825,685
2026-09-16 17:25:57.050008,686
2026-09-16 17:25:57.054111,685
2026-09-16 17:25:57.058238,684
2026-09-16 17:25:57.062302,683
2026-09-16 17:25:57.070491,682
2026-09-16 17:25:57.074656,681
2026-09-16 17:25:57.078928,680
2026-09-16 17:25:57.086839,679
2026-09-16 17:25:57.091224,678
2026-09-16 17:25:57.095237,677
2026-09-16 17:25:57.099314,676
2026-09-16 17:25:57.107300,675
2026-09-16 17:25:57.111553,674
2026-09-16 17:25:57.115573,673
2026-09-16 17:25:57.119713,672
2026-09-16 17:25:57.127880,671
2026-09-16 17:25:57.131972,670
2026-09-16 17:25:57.136126,667
2026-09-16 17:25:57.144217,664
2026-09-16 17:25:57.148371,661
2026-09-16 17:25:57.152434,658
2026-09-16 17:25:57.156586,655
2026-09-16 17:25:57.164917,651
2026-09-16 17:25:57.168872,647
2026-09-16 17:25:57.172887,644
2026-09-16 17:25:57.177021,640
2026-09-16 17:25:57.185312,635
2026-09-16 17:25:57.189249,631
2026-09-16 17:25:57.193298,626
2026-09-16 17:25:57.197481,622
2026-09-16 17:25:57.205654,617
2026-09-16 17:25:57.209785,612
2026-09-16 17:25:57.213875,607
2026-09-16 17:25:57.222004,602
2026-09-16 17:25:57.226226,596
2026-09-16 17:25:57.230263,591
2026-09-16 17:25:57.234347,585
2026-09-16 17:25:57.242861,579
2026-09-16 17:25:57.246878,574
2026-09-16 17:25:57.250700,568
2026-09-16 17:25:57.254842,562
2026-09-16 17:25:57.263069,556
2026-09-16 17:25:57.267199,550
2026-09-16 17:25:57.271306,544
2026-09-16 17:25:57.279552,538
2026-09-16 17:25:57.283570,531
2026-09-16 17:25:57.287661,525
2026-09-16 17:25:57.291753,519
2026-09-16 17:25:57.299881,513
2026-09-16 17:25:57.303970,506
2026-09-16 17:25:57.308051,500
2026-09-16 17:25:57.312240,494
2026-09-16 17:25:57.320295,488
2026-09-16 17:25:57.324419,482
2026-09-16 17:25:57.328539,476
2026-09-16 17:25:57.336811,470
2026-09-16 17:25:57.340837,464
2026-09-16 17:25:57.344949,458
2026-09-16 17:25:57.349110,452
2026-09-16 17:25:57.357238,447
2026-09-16 17:25:57.361300,441
2026-09-16 17:25:57.366337,435
2026-09-16 17:25:57.370308,430
2026-09-16 17:25:57.377611,425
2026-09-16 17:25:57.381793,420
2026-09-16 17:25:57.385894,415
2026-09-16 17:25:57.390032,410
2026-09-16 17:25:57.398208,405
2026-09-16 17:25:57.402294,401
2026-09-16 17:25:57.406373,396
2026-09-16 17:25:57.414550,392
2026-09-16 17:25:57.418710,388
2026-09-16 17:25:57.422793,384
2026-09-16 17:25:57.426906,381
2026-09-16 17:25:57.435030,377
2026-09-16 17:25:57.439235,374
2026-09-16 17:25:57.443275,371
2026-09-16 17:25:57.447455,368
2026-09-16 17:25:57.455499,365
2026-09-16 17:25:57.459615,362
2026-09-16 17:25:57.463741,360
2026-09-16 17:25:57.471922,358
2026-09-16 17:25:57.475977,356
2026-09-16 17:25:57.480141,354
2026-09-16 17:25:57.484269,353
2026-09-16 17:25:57.492423,351
2026-09-16 17:25:57.496507,350
2026-09-16 17:25:57.500635,349
2026-09-16 17:25:57.504728,348
2026-09-16 17:25:57.512830,349
2026-09-16 17:25:57.516981,350
2026-09-16 17:25:57.521061,351
2026-09-16 17:25:57.525280,352
2026-09-16 17:25:57.533396,353
2026-09-16 17:25:57.537460,354
2026-09-16 17:25:57.541579,355
2026-09-16 17:25:57.549733,356
2026-09-16 17:25:57.553853,357
2026-09-16 17:25:57.557963,358
2026-09-16 17:25:57.562053,359
2026-09-16 17:25:57.570227,360
2026-09-16 17:25:57.574361,361
2026-09-16 17:25:57.578646,362
2026-09-16 17:25:57.582567,363
2026-09-16 17:25:57.590694,366
2026-09-16 17:25:57.594825,369
2026-09-16 17:25:57.598944,371
2026-09-16 17:25:57.607100,375
2026-09-16 17:25:57.611256,378
2026-09-16 17:25:57.615340,381
2026-09-16 17:25:57.619385,385
2026-09-16 17:25:57.627581,389
2026-09-16 17:25:57.631668,393
2026-09-16 17:25:57.635773,397
2026-09-16 17:25:57.639909,401
2026-09-16 17:25:57.648020,406
2026-09-16 17:25:57.652626,410
2026-09-16 17:25:57.656283,415
2026-09-16 17:25:57.664511,420
2026-09-16 17:25:57.668561,425
2026-09-16 17:25:57.672647,430
2026-09-16 17:25:57.676773,435
2026-09-16 17:25:57.684928,441
2026-09-16 17:25:57.689017,446
2026-09-16 17:25:57.693135,452
2026-09-16 17:25:57.697243,458
2026-09-16 17:25:57.705351,464
2026-09-16 17:25:57.709496,469
2026-09-16 17:25:57.713604,475
2026-09-16 17:25:57.717761,481
2026-09-16 17:25:57.725856,487
2026-09-16 17:25:57.730007,493
2026-09-16 17:25:57.734129,500
2026-09-16 17:25:57.742237,506
2026-09-16 17:25:57.746332,512
2026-09-16 17:25:57.750503,518
2026-09-16 17:25:57.754573,524
2026-09-16 17:25:57.762740,530
2026-09-16 17:25:57.766885,536
2026-09-16 17:25:57.770955,543
2026-09-16 17:25:57.775351,549
2026-09-16 17:25:57.783303,555
2026-09-16 17:25:57.787321,561
2026-09-16 17:25:57.791434,566
2026-09-16 17:25:57.799582,572
2026-09-16 17:25:57.803702,578
2026-09-16 17:25:57.808305,584
2026-09-16 17:25:57.812299,589
2026-09-16 17:25:57.820082,594
2026-09-16 17:25:57.824257,600
2026-09-16 17:25:57.828547,605
2026-09-16 17:25:57.832564,610
2026-09-16 17:25:57.840570,615
2026-09-16 17:25:57.844960,620
2026-09-16 17:25:57.848882,624
2026-09-16 17:25:57.852906,629
2026-09-16 17:25:57.861361,633
2026-09-16 17:25:57.865395,637
2026-09-16 17:25:57.869295,641
2026-09-16 17:25:57.877552,645
2026-09-16 17:25:57.881638,649
2026-09-16 17:25:57.886015,652
2026-09-16 17:25:57.889783,656
2026-09-16 17:25:57.897974,659
2026-09-16 17:25:57.902316,662
2026-09-16 17:25:57.906137,664
2026-09-16 17:25:57.910529,667
2026-09-16 17:25:57.918409,669
2026-09-16 17:25:57.922522,671
2026-09-16 17:25:57.926689,673
2026-09-16 17:25:57.934789,675
2026-09-16 17:25:57.938918,677
2026-09-16 17:25:57.943119,678
2026-09-16 17:25:57.947426,679
2026-09-16 17:25:57.955520,680
2026-09-16 17:25:57.959478,681
2026-09-16 17:25:57.963575,680
2026-09-16 17:25:57.967613,679
2026-09-16 17:25:57.976006,678
2026-09-16 17:25:57.979872,677
2026-09-16 17:25:57.983991,676
2026-09-16 17:25:57.992289,675
2026-09-16 17:25:57.996312,674
2026-09-16 17:25:58.000384,673
2026-09-16 17:25:58.004483,672
2026-09-16 17:25:58.012622,671
2026-09-16 17:25:58.016750,670
2026-09-16 17:25:58.020854,669
2026-09-16 17:25:58.024937,668
2026-09-16 17:25:58.033117,667
2026-09-16 17:25:58.037227,666
2026-09-16 17:25:58.041343,663
2026-09-16 17:25:58.045407,660
2026-09-16 17:25:58.053560,657
2026-09-16 17:25:58.057732,654
2026-09-16 17:25:58.061902,651
2026-09-16 17:25:58.069966,648
2026-09-16 17:25:58.074152,644
2026-09-16 17:25:58.078501,640
2026-09-16 17:25:58.082375,636
2026-09-16 17:25:58.090440,632
2026-09-16 17:25:58.094621,628
2026-09-16 17:25:58.098738,624
2026-09-16 17:25:58.102784,619
2026-09-16 17:25:58.111218,614
2026-09-16 17:25:58.115038,609
2026-09-16 17:25:58.119184,604
2026-09-16 17:25:58.127319,599
2026-09-16 17:25:58.131559,594
2026-09-16 17:25:58.135556,589
2026-09-16 17:25:58.139971,583
2026-09-16 17:25:58.147868,578
2026-09-16 17:25:58.151921,572
2026-09-16 17:25:58.156051,566
2026-09-16 17:25:58.160193,560
2026-09-16 17:25:58.168413,555
2026-09-16 17:25:58.172429,549
2026-09-16 17:25:58.177009,543
2026-09-16 17:25:58.180615,537
2026-09-16 17:25:58.188778,531
2026-09-16 17:25:58.192890,525
2026-09-16 17:25:58.197002,519
2026-09-16 17:25:58.205204,512
2026-09-16 17:25:58.209268,506
2026-09-16 17:25:58.213687,500
2026-09-16 17:25:58.217494,494
2026-09-16 17:25:58.226005,488
2026-09-16 17:25:58.229746,482
2026-09-16 17:25:58.233873,476
2026-09-16 17:25:58.237967,471
2026-09-16 17:25:58.246209,465
2026-09-16 17:25:58.250244,459
2026-09-16 17:25:58.254368,453
2026-09-16 17:25:58.262756,448
2026-09-16 17:25:58.266596,442
2026-09-16 17:25:58.271152,437
2026-09-16 17:25:58.274948,432
2026-09-16 17:25:58.283029,427
2026-09-16 17:25:58.287104,422
2026-09-16 17:25:58.291244,417
2026-09-16 17:25:58.295576,412
2026-09-16 17:25:58.303458,408
2026-09-16 17:25:58.307598,403
2026-09-16 17:25:58.311971,399
2026-09-16 17:25:58.319846,395
2026-09-16 17:25:58.324034,391
2026-09-16 17:25:58.328184,387
2026-09-16 17:25:58.332287,384
2026-09-16 17:25:58.340365,380
2026-09-16 17:25:58.344501,377
2026-09-16 17:25:58.348583,374
2026-09-16 17:25:58.352683,371
2026-09-16 17:25:58.360884,369
2026-09-16 17:25:58.365028,366
2026-09-16 17:25:58.369068,364
2026-09-16 17:25:58.373155,362
2026-09-16 17:25:58.381405,360
2026-09-16 17:25:58.385433,358
2026-09-16 17:25:58.389853,357
2026-09-16 17:25:58.397652,355
2026-09-16 17:25:58.401905,354
2026-09-16 17:25:58.405914,353
2026-09-16 17:25:58.410354,354
2026-09-16 17:25:58.418410,355
2026-09-16 17:25:58.422276,356
2026-09-16 17:25:58.426482,357
2026-09-16 17:25:58.430625,358
2026-09-16 17:25:58.438654,359
2026-09-16 17:25:58.443026,360
2026-09-16 17:25:58.447196,361
2026-09-16 17:25:58.455029,362
2026-09-16 17:25:58.459492,363
2026-09-16 17:25:58.463343,364
2026-09-16 17:25:58.467387,365
2026-09-16 17:25:58.475595,366
2026-09-16 17:25:58.479911,367
2026-09-16 17:25:58.483729,368
2026-09-16 17:25:58.487879,369
2026-09-16 17:25:58.496048,372
2026-09-16 17:25:58.500122,374
2026-09-16 17:25:58.504262,377
2026-09-16 17:25:58.508331,380
2026-09-16 17:25:58.516572,383
2026-09-16 17:25:58.520607,387
2026-09-16 17:25:58.524961,390
2026-09-16 17:25:58.532915,394
2026-09-16 17:25:58.536970,398
2026-09-16 17:25:58.541160,402
2026-09-16 17:25:58.545333,407
2026-09-16 17:25:58.553336,411
2026-09-16 17:25:58.557459,416
2026-09-16 17:25:58.561825,420
2026-09-16 17:25:58.565654,425
2026-09-16 17:25:58.573810,430
2026-09-16 17:25:58.578243,435
2026-09-16 17:25:58.582052,440
2026-09-16 17:25:58.590227,446
2026-09-16 17:25:58.594414,451
2026-09-16 17:25:58.598497,457
2026-09-16 17:25:58.602547,462
2026-09-16 17:25:58.610927,468
2026-09-16 17:25:58.614863,474
2026-09-16 17:25:58.619025,479
2026-09-16 17:25:58.623128,485
2026-09-16 17:25:58.631286,491
2026-09-16 17:25:58.635296,497
2026-09-16 17:25:58.639441,503
2026-09-16 17:25:58.647791,509
2026-09-16 17:25:58.651679,515
2026-09-16 17:25:58.656016,521
2026-09-16 17:25:58.659977,527
2026-09-16 17:25:58.668048,533
2026-09-16 17:25:58.672639,539
2026-09-16 17:25:58.676378,545
2026-09-16 17:25:58.680458,551
2026-09-16 17:25:58.688962,557
2026-09-16 17:25:58.692886,563
2026-09-16 17:25:58.696852,568
2026-09-16 17:25:58.700868,574
2026-09-16 17:25:58.709093,579
2026-09-16 17:25:58.713237,585
2026-09-16 17:25:58.717270,590
2026-09-16 17:25:58.725439,596
2026-09-16 17:25:58.729594,601
2026-09-16 17:25:58.733612,606
2026-09-16 17:25:58.738020,611
2026-09-16 17:25:58.745956,615
2026-09-16 17:25:58.749991,620
2026-09-16 17:25:58.754181,624
2026-09-16 17:25:58.758534,629
2026-09-16 17:25:58.766375,633
2026-09-16 17:25:58.770519,637
2026-09-16 17:25:58.774669,641
2026-09-16 17:25:58.782721,644
2026-09-16 17:25:58.787276,648
2026-09-16 17:25:58.791006,651
2026-09-16 17:25:58.795388,654
2026-09-16 17:25:58.803223,657
2026-09-16 17:25:58.807429,660
2026-09-16 17:25:58.811536,663
2026-09-16 17:25:58.815540,665
2026-09-16 17:25:58.823776,667
2026-09-16 17:25:58.828139,669
2026-09-16 17:25:58.832008,671
2026-09-16 17:25:58.840090,673
2026-09-16 17:25:58.844348,674
2026-09-16 17:25:58.848409,675
2026-09-16 17:25:58.852408,676
2026-09-16 17:25:58.860658,677
2026-09-16 17:25:58.864747,676
2026-09-16 17:25:58.868906,675
2026-09-16 17:25:58.873008,674
2026-09-16 17:25:58.881016,673
2026-09-16 17:25:58.885236,672
2026-09-16 17:25:58.889279,671
2026-09-16 17:25:58.893372,670
2026-09-16 17:25:58.901614,669
2026-09-16 17:25:58.905903,668
2026-09-16 17:25:58.909861,667
2026-09-16 17:25:58.917904,666
2026-09-16 17:25:58.922036,665
2026-09-16 17:25:58.926250,664
2026-09-16 17:25:58.930277,663
2026-09-16 17:25:58.938403,662
2026-09-16 17:25:58.942612,660
2026-09-16 17:25:58.946740,658
2026-09-16 17:25:58.950765,655
2026-09-16 17:25:58.959217,652
2026-09-16 17:25:58.963009,649
2026-09-16 17:25:58.967108,646
2026-09-16 17:25:58.975325,642
2026-09-16 17:25:58.979594,639
2026-09-16 17:25:58.983492,635
2026-09-16 17:25:58.987612,631
2026-09-16 17:25:58.995840,627
2026-09-16 17:25:58.999887,622
2026-09-16 17:25:59.004005,618
2026-09-16 17:25:59.008087,613
2026-09-16 17:25:59.016289,609
2026-09-16 17:25:59.020358,604
2026-09-16 17:25:59.024470,599
2026-09-16 17:25:59.028539,594
2026-09-16 17:25:59.036723,589
2026-09-16 17:25:59.041093,583
2026-09-16 17:25:59.045354,578
2026-09-16 17:25:59.053095,572
2026-09-16 17:25:59.057251,567
2026-09-16 17:25:59.061418,561
2026-09-16 17:25:59.065515,556
2026-09-16 17:25:59.073576,550
2026-09-16 17:25:59.077955,544
2026-09-16 17:25:59.081811,538
2026-09-16 17:25:59.085890,532
2026-09-16 17:25:59.094077,526
2026-09-16 17:25:59.098309,520
2026-09-16 17:25:59.102282,514
2026-09-16 17:25:59.110574,509
2026-09-16 17:25:59.114636,503
2026-09-16 17:25:59.118684,497
2026-09-16 17:25:59.123017,491
2026-09-16 17:25:59.131001,485
2026-09-16 17:25:59.135061,479
2026-09-16 17:25:59.139153,473
2026-09-16 17:25:59.143352,468
2026-09-16 17:25:59.151418,462
2026-09-16 17:25:59.155580,457
2026-09-16 17:25:59.159743,451
2026-09-16 17:25:59.167770,446
2026-09-16 17:25:59.171950,441
2026-09-16 17:25:59.176106,436
2026-09-16 17:25:59.180233,431
2026-09-16 17:25:59.188411,426
2026-09-16 17:25:59.192605,421
2026-09-16 17:25:59.196573,416
2026-09-16 17:25:59.200605,412
2026-09-16 17:25:59.208880,407
2026-09-16 17:25:59.213122,403
2026-09-16 17:25:59.216987,399
2026-09-16 17:25:59.221109,395
2026-09-16 17:25:59.229354,392
2026-09-16 17:25:59.233357,388
2026-09-16 17:25:59.237490,385
2026-09-16 17:25:59.245695,381
2026-09-16 17:25:59.249737,378
2026-09-16 17:25:59.253860,376
2026-09-16 17:25:59.258053,373
2026-09-16 17:25:59.266189,370
2026-09-16 17:25:59.270241,368
2026-09-16 17:25:59.274782,366
2026-09-16 17:25:59.278536,364
2026-09-16 17:25:59.286603,362
2026-09-16 17:25:59.290791,361
2026-09-16 17:25:59.295090,360
2026-09-16 17:25:59.302942,359
2026-09-16 17:25:59.307351,358
2026-09-16 17:25:59.311267,357
2026-09-16 17:25:59.315380,358
2026-09-16 17:25:59.323495,359
2026-09-16 17:25:59.327588,360
2026-09-16 17:25:59.331683,361
2026-09-16 17:25:59.335803,362
2026-09-16 17:25:59.344011,363
2026-09-16 17:25:59.348112,364
2026-09-16 17:25:59.352145,365
2026-09-16 17:25:59.356281,366
2026-09-16 17:25:59.364479,367
2026-09-16 17:25:59.368606,368
2026-09-16 17:25:59.372669,369
2026-09-16 17:25:59.380890,370
2026-09-16 17:25:59.384933,371
2026-09-16 17:25:59.389042,373
2026-09-16 17:25:59.393410,375
2026-09-16 17:25:59.401345,378
2026-09-16 17:25:59.405401,380
2026-09-16 17:25:59.409803,383
2026-09-16 17:25:59.413721,387
2026-09-16 17:25:59.421771,390
2026-09-16 17:25:59.425843,393
2026-09-16 17:25:59.430096,397
2026-09-16 17:25:59.438246,401
2026-09-16 17:25:59.442391,405
2026-09-16 17:25:59.446484,409
2026-09-16 17:25:59.450491,413
2026-09-16 17:25:59.458715,418
2026-09-16 17:25:59.463014,422
2026-09-16 17:25:59.466856,427
2026-09-16 17:25:59.470978,432
2026-09-16 17:25:59.479360,437
2026-09-16 17:25:59.483262,442
2026-09-16 17:25:59.487342,447
2026-09-16 17:25:59.495590,452
2026-09-16 17:25:59.499632,458
2026-09-16 17:25:59.503734,463
2026-09-16 17:25:59.507842,469
2026-09-16 17:25:59.516011,474
2026-09-16 17:25:59.520111,480
2026-09-16 17:25:59.524523,486
2026-09-16 17:25:59.528410,492
2026-09-16 17:25:59.536467,497
2026-09-16 17:25:59.540855,503
2026-09-16 17:25:59.544949,509
2026-09-16 17:25:59.548820,515
2026-09-16 17:25:59.557303,521
2026-09-16 17:25:59.561156,527
2026-09-16 17:25:59.565239,533
2026-09-16 17:25:59.573362,538
2026-09-16 17:25:59.577451,544
2026-09-16 17:25:59.581530,550
2026-09-16 17:25:59.585645,556
2026-09-16 17:25:59.594077,561
2026-09-16 17:25:59.597990,567
2026-09-16 17:25:59.602020,572
2026-09-16 17:25:59.606145,578
2026-09-16 17:25:59.614371,583
2026-09-16 17:25:59.618391,588
2026-09-16 17:25:59.622523,593
2026-09-16 17:25:59.630734,598
2026-09-16 17:25:59.634787,603
2026-09-16 17:25:59.638912,608
2026-09-16 17:25:59.643492,613
2026-09-16 17:25:59.651521,617
2026-09-16 17:25:59.655353,622
2026-09-16 17:25:59.659480,626
2026-09-16 17:25:59.663807,630
2026-09-16 17:25:59.671641,634
2026-09-16 17:25:59.675837,637
2026-09-16 17:25:59.680141,641
2026-09-16 17:25:59.683987,644
2026-09-16 17:25:59.692596,648
2026-09-16 17:25:59.696345,651
2026-09-16 17:25:59.700435,654
2026-09-16 17:25:59.708586,656
2026-09-16 17:25:59.712923,659
2026-09-16 17:25:59.716746,661
2026-09-16 17:25:59.720863,663
2026-09-16 17:25:59.729274,665
2026-09-16 17:25:59.733113,667
2026-09-16 17:25:59.737269,669
2026-09-16 17:25:59.741412,670
2026-09-16 17:25:59.749475,671
2026-09-16 17:25:59.753582,672
2026-09-16 17:25:59.758069,673
2026-09-16 17:25:59.765903,672
2026-09-16 17:25:59.769959,671
2026-09-16 17:25:59.774226,670
2026-09-16 17:25:59.778357,669
2026-09-16 17:25:59.786339,668
2026-09-16 17:25:59.790776,667
2026-09-16 17:25:59.794653,666
2026-09-16 17:25:59.798697,665
2026-09-16 17:25:59.807077,664
2026-09-16 17:25:59.811014,663
2026-09-16 17:25:59.815057,662
2026-09-16 17:25:59.823475,661
2026-09-16 17:25:59.827419,660
2026-09-16 17:25:59.831509,659
2026-09-16 17:25:59.835550,658
2026-09-16 17:25:59.844069,656
2026-09-16 17:25:59.847883,654
2026-09-16 17:25:59.851942,651
2026-09-16 17:25:59.856035,648
2026-09-16 17:25:59.864284,645
2026-09-16 17:25:59.868301,642
2026-09-16 17:25:59.872479,638
2026-09-16 17:25:59.876886,635
2026-09-16 17:25:59.884818,631
2026-09-16 17:25:59.888790,627
2026-09-16 17:25:59.892972,623
2026-09-16 17:25:59.901082,619
2026-09-16 17:25:59.905161,614
2026-09-16 17:25:59.909338,610
2026-09-16 17:25:59.913461,605
2026-09-16 17:25:59.921522,600
2026-09-16 17:25:59.925895,596
2026-09-16 17:25:59.929900,591
2026-09-16 17:25:59.933860,586
2026-09-16 17:25:59.942276,580
2026-09-16 17:25:59.946208,575
2026-09-16 17:25:59.950276,570
2026-09-16 17:25:59.958582,564
2026-09-16 17:25:59.962603,559
2026-09-16 17:25:59.966623,553
2026-09-16 17:25:59.970733,548
2026-09-16 17:25:59.978933,542
2026-09-16 17:25:59.982985,536
2026-09-16 17:25:59.987106,530
2026-09-16 17:25:59.991287,525
2026-09-16 17:25:59.999407,519
2026-09-16 17:26:00.003516,513
2026-09-16 17:26:00.007885,507
2026-09-16 17:26:00.011700,501
2026-09-16 17:26:00.019862,496
2026-09-16 17:26:00.024259,490
2026-09-16 17:26:00.028073,484
2026-09-16 17:26:00.036236,479
2026-09-16 17:26:00.040585,473
2026-09-16 17:26:00.044523,468
2026-09-16 17:26:00.048621,462
2026-09-16 17:26:00.056947,457
2026-09-16 17:26:00.061078,452
2026-09-16 17:26:00.064916,446
2026-09-16 17:26:00.069039,441
2026-09-16 17:26:00.077325,436
2026-09-16 17:26:00.081382,431
2026-09-16 17:26:00.085440,427
2026-09-16 17:26:00.093827,422
2026-09-16 17:26:00.097749,418
2026-09-16 17:26:00.101825,413
2026-09-16 17:26:00.105937,409
2026-09-16 17:26:00.114095,405
2026-09-16 17:26:00.118255,401
2026-09-16 17:26:00.122386,397
2026-09-16 17:26:00.126551,394
2026-09-16 17:26:00.134504,390
2026-09-16 17:26:00.138670,387
2026-09-16 17:26:00.142880,384
2026-09-16 17:26:00.150897,381
2026-09-16 17:26:00.155094,378
2026-09-16 17:26:00.159453,376
2026-09-16 17:26:00.163601,373
2026-09-16 17:26:00.171415,371
2026-09-16 17:26:00.175525,369
2026-09-16 17:26:00.179719,368
2026-09-16 17:26:00.183753,366
2026-09-16 17:26:00.192142,365
2026-09-16 17:26:00.196115,363
2026-09-16 17:26:00.200111,362
2026-09-16 17:26:00.204291,361
2026-09-16 17:26:00.212576,362
2026-09-16 17:26:00.216507,363
2026-09-16 17:26:00.220617,364
2026-09-16 17:26:00.228859,365
2026-09-16 17:26:00.232886,366
2026-09-16 17:26:00.236998,367
2026-09-16 17:26:00.241374,368
2026-09-16 17:26:00.249269,369
2026-09-16 17:26:00.253349,370
2026-09-16 17:26:00.257690,371
2026-09-16 17:26:00.261665,372
2026-09-16 17:26:00.269700,373
2026-09-16 17:26:00.273840,374
2026-09-16 17:26:00.277953,375
2026-09-16 17:26:00.286083,376
2026-09-16 17:26:00.290261,377
2026-09-16 17:26:00.294561,379
2026-09-16 17:26:00.298490,381
2026-09-16 17:26:00.306590,384
2026-09-16 17:26:00.311068,387
2026-09-16 17:26:00.314796,390
2026-09-16 17:26:00.318922,394
2026-09-16 17:26:00.327316,397
2026-09-16 17:26:00.331248,401
2026-09-16 17:26:00.335284,405
2026-09-16 17:26:00.343563,409
2026-09-16 17:26:00.347636,413
2026-09-16 17:26:00.351699,417
2026-09-16 17:26:00.355804,422
2026-09-16 17:26:00.363983,426
2026-09-16 17:26:00.368070,431
2026-09-16 17:26:00.372179,436
2026-09-16 17:26:00.376293,440
2026-09-16 17:26:00.384389,445
2026-09-16 17:26:00.388545,451
2026-09-16 17:26:00.392654,456
2026-09-16 17:26:00.396822,461
2026-09-16 17:26:00.404920,466
2026-09-16 17:26:00.409324,472
2026-09-16 17:26:00.413132,477
2026-09-16 17:26:00.421297,483
2026-09-16 17:26:00.425368,489
2026-09-16 17:26:00.429619,494
2026-09-16 17:26:00.433623,500
2026-09-16 17:26:00.442235,506
2026-09-16 17:26:00.445900,511
2026-09-16 17:26:00.450008,517
2026-09-16 17:26:00.454134,523
2026-09-16 17:26:00.462521,529
2026-09-16 17:26:00.466388,534
2026-09-16 17:26:00.470493,540
2026-09-16 17:26:00.478649,546
2026-09-16 17:26:00.482815,551
2026-09-16 17:26:00.486891,557
2026-09-16 17:26:00.491001,562
2026-09-16 17:26:00.499210,568
2026-09-16 17:26:00.503268,573
2026-09-16 17:26:00.507383,578
2026-09-16 17:26:00.511435,583
2026-09-16 17:26:00.519574,588
2026-09-16 17:26:00.523722,593
2026-09-16 17:26:00.527906,598
2026-09-16 17:26:00.532369,603
2026-09-16 17:26:00.540200,607
2026-09-16 17:26:00.544377,612
2026-09-16 17:26:00.548329,616
2026-09-16 17:26:00.556504,620
2026-09-16 17:26:00.560622,624
2026-09-16 17:26:00.564739,628
2026-09-16 17:26:00.568854,632
2026-09-16 17:26:00.577008,635
2026-09-16 17:26:00.581131,639
2026-09-16 17:26:00.585160,642
2026-09-16 17:26:00.589289,645
2026-09-16 17:26:00.597455,648
2026-09-16 17:26:00.601515,651
2026-09-16 17:26:00.605901,653
2026-09-16 17:26:00.613834,656
2026-09-16 17:26:00.617931,658
2026-09-16 17:26:00.622037,660
2026-09-16 17:26:00.626245,662
2026-09-16 17:26:00.634278,663
2026-09-16 17:26:00.638418,665
2026-09-16 17:26:00.642811,666
2026-09-16 17:26:00.646703,667
2026-09-16 17:26:00.655003,668
2026-09-16 17:26:00.658992,667
2026-09-16 17:26:00.663470,666
2026-09-16 17:26:00.671220,665
2026-09-16 17:26:00.675519,664
2026-09-16 17:26:00.679441,663
2026-09-16 17:26:00.683486,662
2026-09-16 17:26:00.691884,661
2026-09-16 17:26:00.695858,660
2026-09-16 17:26:00.699859,659
2026-09-16 17:26:00.703986,658
2026-09-16 17:26:00.712244,657
2026-09-16 17:26:00.716249,656
2026-09-16 17:26:00.720349,655
2026-09-16 17:26:00.724451,654
2026-09-16 17:26:00.732663,653
2026-09-16 17:26:00.736713,652
2026-09-16 17:26:00.740918,650
2026-09-16 17:26:00.749063,647
2026-09-16 17:26:00.753101,644
2026-09-16 17:26:00.757371,641
2026-09-16 17:26:00.761420,638
2026-09-16 17:26:00.769460,635
2026-09-16 17:26:00.773658,631
2026-09-16 17:26:00.777980,628
2026-09-16 17:26:00.781928,624
2026-09-16 17:26:00.789955,620
2026-09-16 17:26:00.794093,616
2026-09-16 17:26:00.798242,612
2026-09-16 17:26:00.806294,607
2026-09-16 17:26:00.810469,603
2026-09-16 17:26:00.814707,598
2026-09-16 17:26:00.818647,594
2026-09-16 17:26:00.826794,589
2026-09-16 17:26:00.830916,584
2026-09-16 17:26:00.834999,579
2026-09-16 17:26:00.839119,574
2026-09-16 17:26:00.847274,568
2026-09-16 17:26:00.851374,563
2026-09-16 17:26:00.855483,558
2026-09-16 17:26:00.859597,552
2026-09-16 17:26:00.867754,547
2026-09-16 17:26:00.871873,541
2026-09-16 17:26:00.875986,536
2026-09-16 17:26:00.884221,530
2026-09-16 17:26:00.888392,524
2026-09-16 17:26:00.892391,519
2026-09-16 17:26:00.896575,513
2026-09-16 17:26:00.904638,508
2026-09-16 17:26:00.908845,502
2026-09-16 17:26:00.913197,496
2026-09-16 17:26:00.916964,491
2026-09-16 17:26:00.925345,485
2026-09-16 17:26:00.929228,480
2026-09-16 17:26:00.933323,474
2026-09-16 17:26:00.941508,469
2026-09-16 17:26:00.945619,463
2026-09-16 17:26:00.949728,458
2026-09-16 17:26:00.953866,453
2026-09-16 17:26:00.962061,448
2026-09-16 17:26:00.966126,443
2026-09-16 17:26:00.970273,438
2026-09-16 17:26:00.974608,433
2026-09-16 17:26:00.982467,429
2026-09-16 17:26:00.986600,424
2026-09-16 17:26:00.990978,420
2026-09-16 17:26:00.998841,415
2026-09-16 17:26:01.003029,411
2026-09-16 17:26:01.007106,407
2026-09-16 17:26:01.011381,404
2026-09-16 17:26:01.019286,400
2026-09-16 17:26:01.023460,396
2026-09-16 17:26:01.027860,393
2026-09-16 17:26:01.031661,390
2026-09-16 17:26:01.040268,387
2026-09-16 17:26:01.044032,384
2026-09-16 17:26:01.048136,381
2026-09-16 17:26:01.052190,379
2026-09-16 17:26:01.060532,376
2026-09-16 17:26:01.064533,374
2026-09-16 17:26:01.068547,372
2026-09-16 17:26:01.076937,371
2026-09-16 17:26:01.080882,369
2026-09-16 17:26:01.084891,368
2026-09-16 17:26:01.089034,366
2026-09-16 17:26:01.097281,365
2026-09-16 17:26:01.101275,364
2026-09-16 17:26:01.105372,365
2026-09-16 17:26:01.109878,366
2026-09-16 17:26:01.117635,367
2026-09-16 17:26:01.121780,368
2026-09-16 17:26:01.125959,369
2026-09-16 17:26:01.134051,370
2026-09-16 17:26:01.138184,371
2026-09-16 17:26:01.142668,372
2026-09-16 17:26:01.146499,373
2026-09-16 17:26:01.154535,374
2026-09-16 17:26:01.158895,375
2026-09-16 17:26:01.162792,376
2026-09-16 17:26:01.166843,377
2026-09-16 17:26:01.175369,378
2026-09-16 17:26:01.179112,379
2026-09-16 17:26:01.183276,380
2026-09-16 17:26:01.187350,381
2026-09-16 17:26:01.195564,384
2026-09-16 17:26:01.199672,387
2026-09-16 17:26:01.203802,390
2026-09-16 17:26:01.211908,393
2026-09-16 17:26:01.216034,396
2026-09-16 17:26:01.220201,399
2026-09-16 17:26:01.224365,403
2026-09-16 17:26:01.232388,407
2026-09-16 17:26:01.236506,411
2026-09-16 17:26:01.240567,415
2026-09-16 17:26:01.244683,419
2026-09-16 17:26:01.252866,423
2026-09-16 17:26:01.256952,428
2026-09-16 17:26:01.261071,432
2026-09-16 17:26:01.269277,437
2026-09-16 17:26:01.273402,442
2026-09-16 17:26:01.277475,447
2026-09-16 17:26:01.281564,452
2026-09-16 17:26:01.289728,457
2026-09-16 17:26:01.293841,462
2026-09-16 17:26:01.297928,467
2026-09-16 17:26:01.302080,472
2026-09-16 17:26:01.310249,478
2026-09-16 17:26:01.314322,483
2026-09-16 17:26:01.318429,489
2026-09-16 17:26:01.326633,494
2026-09-16 17:26:01.330751,500
2026-09-16 17:26:01.334789,505
2026-09-16 17:26:01.338928,511
2026-09-16 17:26:01.347079,516
2026-09-16 17:26:01.351182,522
2026-09-16 17:26:01.355319,528
2026-09-16 17:26:01.359823,533
2026-09-16 17:26:01.367579,539
2026-09-16 17:26:01.371683,544
2026-09-16 17:26:01.375772,550
2026-09-16 17:26:01.379865,555
2026-09-16 17:26:01.387991,560
2026-09-16 17:26:01.392191,566
2026-09-16 17:26:01.396456,571
2026-09-16 17:26:01.404374,576
2026-09-16 17:26:01.408646,581
2026-09-16 17:26:01.412658,586
2026-09-16 17:26:01.416739,591
2026-09-16 17:26:01.424893,595
2026-09-16 17:26:01.429100,600
2026-09-16 17:26:01.433113,604
2026-09-16 17:26:01.437274,609
2026-09-16 17:26:01.445364,613
2026-09-16 17:26:01.449479,617
2026-09-16 17:26:01.453608,621
2026-09-16 17:26:01.461830,625
2026-09-16 17:26:01.465864,628
2026-09-16 17:26:01.469992,632
2026-09-16 17:26:01.474368,635
2026-09-16 17:26:01.482325,638
2026-09-16 17:26:01.486349,641
2026-09-16 17:26:01.490630,644
2026-09-16 17:26:01.494648,647
2026-09-16 17:26:01.502738,649
2026-09-16 17:26:01.506851,651
2026-09-16 17:26:01.511287,653
2026-09-16 17:26:01.515059,655
2026-09-16 17:26:01.523364,657
2026-09-16 17:26:01.527416,659
2026-09-16 17:26:01.531425,660
2026-09-16 17:26:01.539596,661
2026-09-16 17:26:01.543981,662
2026-09-16 17:26:01.547833,663
2026-09-16 17:26:01.551942,662
2026-09-16 17:26:01.560069,661
2026-09-16 17:26:01.564253,660
2026-09-16 17:26:01.568324,659
2026-09-16 17:26:01.572376,658
2026-09-16 17:26:01.580592,657
2026-09-16 17:26:01.584692,656
2026-09-16 17:26:01.588782,655
2026-09-16 17:26:01.597008,654
2026-09-16 17:26:01.601085,653
2026-09-16 17:26:01.605181,652
2026-09-16 17:26:01.609393,651
2026-09-16 17:26:01.617399,650
2026-09-16 17:26:01.621533,649
2026-09-16 17:26:01.625911,648
2026-09-16 17:26:01.629750,647
2026-09-16 17:26:01.637892,644
2026-09-16 17:26:01.642331,642
2026-09-16 17:26:01.646345,639
2026-09-16 17:26:01.654311,636
2026-09-16 17:26:01.658511,633
2026-09-16 17:26:01.662808,630
2026-09-16 17:26:01.666629,626
2026-09-16 17:26:01.674871,623
2026-09-16 17:26:01.679151,619
2026-09-16 17:26:01.683007,615
2026-09-16 17:26:01.687133,611
2026-09-16 17:26:01.695479,607
2026-09-16 17:26:01.699358,603
2026-09-16 17:26:01.703495,598
2026-09-16 17:26:01.707686,594
2026-09-16 17:26:01.715744,589
2026-09-16 17:26:01.719872,584
2026-09-16 17:26:01.724273,580
2026-09-16 17:26:01.732158,575
2026-09-16 17:26:01.736278,570
2026-09-16 17:26:01.740589,564
2026-09-16 17:26:01.744511,559
2026-09-16 17:26:01.752602,554
2026-09-16 17:26:01.756830,549
2026-09-16 17:26:01.760913,543
2026-09-16 17:26:01.764931,538
2026-09-16 17:26:01.773194,532
2026-09-16 17:26:01.777369,527
2026-09-16 17:26:01.781318,521
2026-09-16 17:26:01.789451,516
2026-09-16 17:26:01.793907,510
2026-09-16 17:26:01.797685,505
2026-09-16 17:26:01.801827,499
2026-09-16 17:26:01.810272,494
2026-09-16 17:26:01.814049,489
2026-09-16 17:26:01.818155,483
2026-09-16 17:26:01.822696,478
2026-09-16 17:26:01.830492,472
2026-09-16 17:26:01.835044,467
2026-09-16 17:26:01.838654,462
2026-09-16 17:26:01.842839,457
2026-09-16 17:26:01.850954,452
2026-09-16 17:26:01.855304,447
2026-09-16 17:26:01.859276,442
2026-09-16 17:26:01.867326,437
2026-09-16 17:26:01.871777,433
2026-09-16 17:26:01.875581,428
2026-09-16 17:26:01.879693,424
2026-09-16 17:26:01.888113,420
2026-09-16 17:26:01.891860,416
2026-09-16 17:26:01.896093,412
2026-09-16 17:26:01.900124,408
2026-09-16 17:26:01.908362,404
2026-09-16 17:26:01.912432,401
2026-09-16 17:26:01.916492,397
2026-09-16 17:26:01.924872,394
2026-09-16 17:26:01.928751,391
2026-09-16 17:26:01.932844,388
2026-09-16 17:26:01.936986,385
2026-09-16 17:26:01.945363,383
2026-09-16 17:26:01.949266,380
2026-09-16 17:26:01.953352,378
2026-09-16 17:26:01.957526,376
2026-09-16 17:26:01.965599,374
2026-09-16 17:26:01.969720,373
2026-09-16 17:26:01.974319,371
2026-09-16 17:26:01.982041,370
2026-09-16 17:26:01.986107,369
2026-09-16 17:26:01.990283,368
2026-09-16 17:26:01.994583,367
2026-09-16 17:26:02.002472,368
2026-09-16 17:26:02.006918,369
2026-09-16 17:26:02.010798,370
2026-09-16 17:26:02.014786,371
2026-09-16 17:26:02.022942,372
2026-09-16 17:26:02.027144,373
2026-09-16 17:26:02.031187,374
2026-09-16 17:26:02.035292,375
2026-09-16 17:26:02.043565,376
2026-09-16 17:26:02.047626,377
2026-09-16 17:26:02.051670,378
2026-09-16 17:26:02.060222,379
2026-09-16 17:26:02.063897,380
2026-09-16 17:26:02.068080,381
2026-09-16 17:26:02.072160,382
2026-09-16 17:26:02.080343,383
2026-09-16 17:26:02.084404,385
2026-09-16 17:26:02.088530,388
2026-09-16 17:26:02.092707,390
2026-09-16 17:26:02.100812,393
2026-09-16 17:26:02.104896,396
2026-09-16 17:26:02.109132,400
2026-09-16 17:26:02.117190,403
2026-09-16 17:26:02.121388,407
2026-09-16 17:26:02.125450,410
2026-09-16 17:26:02.129628,414
2026-09-16 17:26:02.137650,418
2026-09-16 17:26:02.141867,423
2026-09-16 17:26:02.146336,427
2026-09-16 17:26:02.149989,431
2026-09-16 17:26:02.158383,436
2026-09-16 17:26:02.162333,440
2026-09-16 17:26:02.166383,445
2026-09-16 17:26:02.170483,450
2026-09-16 17:26:02.178882,455
2026-09-16 17:26:02.182747,460
2026-09-16 17:26:02.186858,465
2026-09-16 17:26:02.195081,470
2026-09-16 17:26:02.199109,475
2026-09-16 17:26:02.203289,481
2026-09-16 17:26:02.207388,486
2026-09-16 17:26:02.215477,491
2026-09-16 17:26:02.219605,497
2026-09-16 17:26:02.223789,502
2026-09-16 17:26:02.228075,508
2026-09-16 17:26:02.235959,513
2026-09-16 17:26:02.240456,518
2026-09-16 17:26:02.244494,524
2026-09-16 17:26:02.252331,529
2026-09-16 17:26:02.256839,535
2026-09-16 17:26:02.260870,540
2026-09-16 17:26:02.264661,545
2026-09-16 17:26:02.272887,551
2026-09-16 17:26:02.276928,556
2026-09-16 17:26:02.281124,561
2026-09-16 17:26:02.285159,566
2026-09-16 17:26:02.293311,571
2026-09-16 17:26:02.297418,576
2026-09-16 17:26:02.301577,581
2026-09-16 17:26:02.309750,586
2026-09-16 17:26:02.313803,590
2026-09-16 17:26:02.317917,595
2026-09-16 17:26:02.322040,599
2026-09-16 17:26:02.330327,604
2026-09-16 17:26:02.334272,608
2026-09-16 17:26:02.338385,612
2026-09-16 17:26:02.342686,616
2026-09-16 17:26:02.350664,619
2026-09-16 17:26:02.354781,623
2026-09-16 17:26:02.359001,626
2026-09-16 17:26:02.362994,630
2026-09-16 17:26:02.371190,633
2026-09-16 17:26:02.375749,636
2026-09-16 17:26:02.379483,639
2026-09-16 17:26:02.387530,641
2026-09-16 17:26:02.391639,644
2026-09-16 17:26:02.396053,646
2026-09-16 17:26:02.399863,648
2026-09-16 17:26:02.408004,650
2026-09-16 17:26:02.412263,652
2026-09-16 17:26:02.416291,653
2026-09-16 17:26:02.420371,655
2026-09-16 17:26:02.428486,656
2026-09-16 17:26:02.432589,657
2026-09-16 17:26:02.436730,658
2026-09-16 17:26:02.444938,657
2026-09-16 17:26:02.448995,656
2026-09-16 17:26:02.453112,655
2026-09-16 17:26:02.457458,654
2026-09-16 17:26:02.465334,653
2026-09-16 17:26:02.469463,652
2026-09-16 17:26:02.473580,651
2026-09-16 17:26:02.477969,650
2026-09-16 17:26:02.485850,649
2026-09-16 17:26:02.490035,648
2026-09-16 17:26:02.494328,647
2026-09-16 17:26:02.502247,646
2026-09-16 17:26:02.506341,645
2026-09-16 17:26:02.510518,644
2026-09-16 17:26:02.514567,643
2026-09-16 17:26:02.522955,642
2026-09-16 17:26:02.526929,641
2026-09-16 17:26:02.530914,638
2026-09-16 17:26:02.535041,636
2026-09-16 17:26:02.543494,633
2026-09-16 17:26:02.547364,630
2026-09-16 17:26:02.551414,627
2026-09-16 17:26:02.555524,623
2026-09-16 17:26:02.563651,620
2026-09-16 17:26:02.567850,616
2026-09-16 17:26:02.571922,612
2026-09-16 17:26:02.580042,609
2026-09-16 17:26:02.584279,605
2026-09-16 17:26:02.588553,600
2026-09-16 17:26:02.592479,596
2026-09-16 17:26:02.600530,592
2026-09-16 17:26:02.604657,587
2026-09-16 17:26:02.608767,583
2026-09-16 17:26:02.612946,578
2026-09-16 17:26:02.621031,573
2026-09-16 17:26:02.625399,568
2026-09-16 17:26:02.629570,563
2026-09-16 17:26:02.637382,558
2026-09-16 17:26:02.641561,553
2026-09-16 17:26:02.645739,548
2026-09-16 17:26:02.649758,543
2026-09-16 17:26:02.658284,537
2026-09-16 17:26:02.662111,532
2026-09-16 17:26:02.666111,527
2026-09-16 17:26:02.670291,521
2026-09-16 17:26:02.678424,516
2026-09-16 17:26:02.682475,511
2026-09-16 17:26:02.686611,505
2026-09-16 17:26:02.690707,500
2026-09-16 17:26:02.698875,494
2026-09-16 17:26:02.702970,489
2026-09-16 17:26:02.707092,484
2026-09-16 17:26:02.715275,479
2026-09-16 17:26:02.719362,473
2026-09-16 17:26:02.723484,468
2026-09-16 17:26:02.727657,463
2026-09-16 17:26:02.735694,458
2026-09-16 17:26:02.739838,453
2026-09-16 17:26:02.744234,449
2026-09-16 17:26:02.748074,444
2026-09-16 17:26:02.756251,439
2026-09-16 17:26:02.760418,435
2026-09-16 17:26:02.764512,430
2026-09-16 17:26:02.772583,426
2026-09-16 17:26:02.776968,422
2026-09-16 17:26:02.780820,418
2026-09-16 17:26:02.784903,414
2026-09-16 17:26:02.793066,410
2026-09-16 17:26:02.797288,406
2026-09-16 17:26:02.801275,403
2026-09-16 17:26:02.805382,400
2026-09-16 17:26:02.813529,396
2026-09-16 17:26:02.817639,393
2026-09-16 17:26:02.821789,391
2026-09-16 17:26:02.830023,388
2026-09-16 17:26:02.834022,385
2026-09-16 17:26:02.838142,383
2026-09-16 17:26:02.842303,381
2026-09-16 17:26:02.850499,379
2026-09-16 17:26:02.854542,377
2026-09-16 17:26:02.858645,375
2026-09-16 17:26:02.862745,374
2026-09-16 17:26:02.870875,373
2026-09-16 17:26:02.875012,371
2026-09-16 17:26:02.879242,370
2026-09-16 17:26:02.883325,371
2026-09-16 17:26:02.891590,372
2026-09-16 17:26:02.895499,373
2026-09-16 17:26:02.899755,374
2026-09-16 17:26:02.907756,375
2026-09-16 17:26:02.912127,376
2026-09-16 17:26:02.915975,377
2026-09-16 17:26:02.920088,378
2026-09-16 17:26:02.928329,379
2026-09-16 17:26:02.932329,380
2026-09-16 17:26:02.936466,381
2026-09-16 17:26:02.940583,382
2026-09-16 17:26:02.948713,383
2026-09-16 17:26:02.952832,384
2026-09-16 17:26:02.957244,385
2026-09-16 17:26:02.965141,386
2026-09-16 17:26:02.969268,387
2026-09-16 17:26:02.973430,388
2026-09-16 17:26:02.977529,391
2026-09-16 17:26:02.985604,393
2026-09-16 17:26:02.990304,396
2026-09-16 17:26:02.993943,399
2026-09-16 17:26:02.997927,403
2026-09-16 17:26:03.006096,406
2026-09-16 17:26:03.010308,409
2026-09-16 17:26:03.014322,413
2026-09-16 17:26:03.018399,417
2026-09-16 17:26:03.026862,421
2026-09-16 17:26:03.030683,425
2026-09-16 17:26:03.034782,429
2026-09-16 17:26:03.042986,433
2026-09-16 17:26:03.047157,438
2026-09-16 17:26:03.051161,442
2026-09-16 17:26:03.055395,447
2026-09-16 17:26:03.063517,451
2026-09-16 17:26:03.067533,456
2026-09-16 17:26:03.071664,461
2026-09-16 17:26:03.075789,466
2026-09-16 17:26:03.083906,471
2026-09-16 17:26:03.088032,476
2026-09-16 17:26:03.092226,481
2026-09-16 17:26:03.100272,487
2026-09-16 17:26:03.104426,492
2026-09-16 17:26:03.108886,497
2026-09-16 17:26:03.112723,502
2026-09-16 17:26:03.120779,508
2026-09-16 17:26:03.124963,513
2026-09-16 17:26:03.129130,518
2026-09-16 17:26:03.133116,524
2026-09-16 17:26:03.141549,529
2026-09-16 17:26:03.145638,534
2026-09-16 17:26:03.149504,540
2026-09-16 17:26:03.157793,545
2026-09-16 17:26:03.162047,550
2026-09-16 17:26:03.165971,555
2026-09-16 17:26:03.170035,560
2026-09-16 17:26:03.178237,565
2026-09-16 17:26:03.182284,570
2026-09-16 17:26:03.186367,575
2026-09-16 17:26:03.190449,579
2026-09-16 17:26:03.198612,584
2026-09-16 17:26:03.202733,589
2026-09-16 17:26:03.206837,593
2026-09-16 17:26:03.211383,597
2026-09-16 17:26:03.219079,601
2026-09-16 17:26:03.223291,606
2026-09-16 17:26:03.227424,609
2026-09-16 17:26:03.235481,613
2026-09-16 17:26:03.239609,617
2026-09-16 17:26:03.244096,620
2026-09-16 17:26:03.247814,624
2026-09-16 17:26:03.255971,627
2026-09-16 17:26:03.260085,630
2026-09-16 17:26:03.264215,633
2026-09-16 17:26:03.268332,636
2026-09-16 17:26:03.276459,638
2026-09-16 17:26:03.280760,641
2026-09-16 17:26:03.284654,643
2026-09-16 17:26:03.292936,645
2026-09-16 17:26:03.296996,647
2026-09-16 17:26:03.301069,648
2026-09-16 17:26:03.305200,650
2026-09-16 17:26:03.313353,651
2026-09-16 17:26:03.317465,652
2026-09-16 17:26:03.321532,653
2026-09-16 17:26:03.325934,654
2026-09-16 17:26:03.333784,653
2026-09-16 17:26:03.337908,652
2026-09-16 17:26:03.342102,651
2026-09-16 17:26:03.346202,650
2026-09-16 17:26:03.354310,649
2026-09-16 17:26:03.358394,648
2026-09-16 17:26:03.362566,647
2026-09-16 17:26:03.370652,646
2026-09-16 17:26:03.375043,645
2026-09-16 17:26:03.378867,644
2026-09-16 17:26:03.382996,643
2026-09-16 17:26:03.391217,642
2026-09-16 17:26:03.395376,641
2026-09-16 17:26:03.399359,640
2026-09-16 17:26:03.403494,639
2026-09-16 17:26:03.411678,638
2026-09-16 17:26:03.415722,637
2026-09-16 17:26:03.419876,634
2026-09-16 17:26:03.428089,632
2026-09-16 17:26:03.432134,629
2026-09-16 17:26:03.436317,626
2026-09-16 17:26:03.440612,623
2026-09-16 17:26:03.448489,620
2026-09-16 17:26:03.452606,616
2026-09-16 17:26:03.456720,613
2026-09-16 17:26:03.461244,609
2026-09-16 17:26:03.468965,605
2026-09-16 17:26:03.473232,601
2026-09-16 17:26:03.477482,597
2026-09-16 17:26:03.485341,593
2026-09-16 17:26:03.489542,589
2026-09-16 17:26:03.493670,584
2026-09-16 17:26:03.497679,580
2026-09-16 17:26:03.505851,575
2026-09-16 17:26:03.510228,570
2026-09-16 17:26:03.514054,566
2026-09-16 17:26:03.518201,561
2026-09-16 17:26:03.526407,556
2026-09-16 17:26:03.530473,551
2026-09-16 17:26:03.534555,546
2026-09-16 17:26:03.538687,541
2026-09-16 17:26:03.546833,535
2026-09-16 17:26:03.550964,530
2026-09-16 17:26:03.555059,525
2026-09-16 17:26:03.563295,520
2026-09-16 17:26:03.567355,515
2026-09-16 17:26:03.571424,509
2026-09-16 17:26:03.575651,504
2026-09-16 17:26:03.583639,499
2026-09-16 17:26:03.587785,494
2026-09-16 17:26:03.591897,488
2026-09-16 17:26:03.596006,483
2026-09-16 17:26:03.604146,478
2026-09-16 17:26:03.608297,473
2026-09-16 17:26:03.612390,468
2026-09-16 17:26:03.620540,463
2026-09-16 17:26:03.624644,458
2026-09-16 17:26:03.628760,454
2026-09-16 17:26:03.632871,449
2026-09-16 17:26:03.641004,444
2026-09-16 17:26:03.645297,440
2026-09-16 17:26:03.649325,435
2026-09-16 17:26:03.653371,431
2026-09-16 17:26:03.661552,427
2026-09-16 17:26:03.665610,423
2026-09-16 17:26:03.669723,419
2026-09-16 17:26:03.673829,415
2026-09-16 17:26:03.682048,412
2026-09-16 17:26:03.686145,408
2026-09-16 17:26:03.690479,405
2026-09-16 17:26:03.698400,402
2026-09-16 17:26:03.702466,399
2026-09-16 17:26:03.706581,396
2026-09-16 17:26:03.710961,393
2026-09-16 17:26:03.718827,390
2026-09-16 17:26:03.723359,388
2026-09-16 17:26:03.727240,386
2026-09-16 17:26:03.731220,384
2026-09-16 17:26:03.739428,382
2026-09-16 17:26:03.743526,380
2026-09-16 17:26:03.747618,378
2026-09-16 17:26:03.755947,377
2026-09-16 17:26:03.759934,376
2026-09-16 17:26:03.763911,375
2026-09-16 17:26:03.768043,374
2026-09-16 17:26:03.776365,373
2026-09-16 17:26:03.780423,374
2026-09-16 17:26:03.784410,375
2026-09-16 17:26:03.788624,376
2026-09-16 17:26:03.796654,377
2026-09-16 17:26:03.800951,378
2026-09-16 17:26:03.805148,379
2026-09-16 17:26:03.813139,380
2026-09-16 17:26:03.817516,381
2026-09-16 17:26:03.821318,382
2026-09-16 17:26:03.825459,383
2026-09-16 17:26:03.833515,384
2026-09-16 17:26:03.837680,385
2026-09-16 17:26:03.841788,386
2026-09-16 17:26:03.846003,387
2026-09-16 17:26:03.854044,388
2026-09-16 17:26:03.858158,389
2026-09-16 17:26:03.862412,391
2026-09-16 17:26:03.866373,394
2026-09-16 17:26:03.874959,397
2026-09-16 17:26:03.878988,400
2026-09-16 17:26:03.882739,403
2026-09-16 17:26:03.891023,406
2026-09-16 17:26:03.895300,409
2026-09-16 17:26:03.899138,413
2026-09-16 17:26:03.903474,416
2026-09-16 17:26:03.911459,420
2026-09-16 17:26:03.915512,424
2026-09-16 17:26:03.919609,428
2026-09-16 17:26:03.923728,432
2026-09-16 17:26:03.931922,436
2026-09-16 17:26:03.935957,441
2026-09-16 17:26:03.940107,445
2026-09-16 17:26:03.948278,450
2026-09-16 17:26:03.952352,454
2026-09-16 17:26:03.956787,459
2026-09-16 17:26:03.960859,464
2026-09-16 17:26:03.968724,469
2026-09-16 17:26:03.972857,474
2026-09-16 17:26:03.977068,479
2026-09-16 17:26:03.981076,484
2026-09-16 17:26:03.989327,489
2026-09-16 17:26:03.993428,494
2026-09-16 17:26:03.997406,499
2026-09-16 17:26:04.001606,504
2026-09-16 17:26:04.010155,509
2026-09-16 17:26:04.013801,515
2026-09-16 17:26:04.017925,520
2026-09-16 17:26:04.026205,525
2026-09-16 17:26:04.030225,530
2026-09-16 17:26:04.034324,535
2026-09-16 17:26:04.038377,540
2026-09-16 17:26:04.046539,545
2026-09-16 17:26:04.050657,550
2026-09-16 17:26:04.054801,555
2026-09-16 17:26:04.059198,560
2026-09-16 17:26:04.067000,565
2026-09-16 17:26:04.071210,570
2026-09-16 17:26:04.075433,574
2026-09-16 17:26:04.083385,579
2026-09-16 17:26:04.087536,583
2026-09-16 17:26:04.091644,588
2026-09-16 17:26:04.095777,592
2026-09-16 17:26:04.103971,596
2026-09-16 17:26:04.108128,600
2026-09-16 17:26:04.112133,604
2026-09-16 17:26:04.116335,608
2026-09-16 17:26:04.124412,611
2026-09-16 17:26:04.128542,615
2026-09-16 17:26:04.132610,618
2026-09-16 17:26:04.140768,622
2026-09-16 17:26:04.144887,625
2026-09-16 17:26:04.149007,627
2026-09-16 17:26:04.153104,630
2026-09-16 17:26:04.161362,633
2026-09-16 17:26:04.165360,635
2026-09-16 17:26:04.169480,637
2026-09-16 17:26:04.173608,640
2026-09-16 17:26:04.181730,641
2026-09-16 17:26:04.185849,643
2026-09-16 17:26:04.189992,645
2026-09-16 17:26:04.194077,646
2026-09-16 17:26:04.202278,647
2026-09-16 17:26:04.206537,648
2026-09-16 17:26:04.210518,649
2026-09-16 17:26:04.218571,650
2026-09-16 17:26:04.222707,649
2026-09-16 17:26:04.227091,648
2026-09-16 17:26:04.230944,647
2026-09-16 17:26:04.239375,646
2026-09-16 17:26:04.243316,645
2026-09-16 17:26:04.247385,644
2026-09-16 17:26:04.251386,643
2026-09-16 17:26:04.259612,642
2026-09-16 17:26:04.263793,641
2026-09-16 17:26:04.267794,640
2026-09-16 17:26:04.276041,639
2026-09-16 17:26:04.280152,638
2026-09-16 17:26:04.284201,637
2026-09-16 17:26:04.288364,636
2026-09-16 17:26:04.296489,635
2026-09-16 17:26:04.300554,634
2026-09-16 17:26:04.304657,632
2026-09-16 17:26:04.308866,630
2026-09-16 17:26:04.316956,627
2026-09-16 17:26:04.321037,624
2026-09-16 17:26:04.325260,621
2026-09-16 17:26:04.333303,618
2026-09-16 17:26:04.337402,615
2026-09-16 17:26:04.341620,611
2026-09-16 17:26:04.345717,608
2026-09-16 17:26:04.353776,604
2026-09-16 17:26:04.358142,600
2026-09-16 17:26:04.362087,596
2026-09-16 17:26:04.366124,592
2026-09-16 17:26:04.374255,588
2026-09-16 17:26:04.378428,584
2026-09-16 17:26:04.382482,580
2026-09-16 17:26:04.386598,575
2026-09-16 17:26:04.394990,570
2026-09-16 17:26:04.398873,566
2026-09-16 17:26:04.402998,561
2026-09-16 17:26:04.411233,556
2026-09-16 17:26:04.415307,551
2026-09-16 17:26:04.419363,546
2026-09-16 17:26:04.423459,542
2026-09-16 17:26:04.431597,536
2026-09-16 17:26:04.435726,531
2026-09-16 17:26:04.439826,526
2026-09-16 17:26:04.444054,521
2026-09-16 17:26:04.452146,516
2026-09-16 17:26:04.456316,511
2026-09-16 17:26:04.460771,506
2026-09-16 17:26:04.468537,501
2026-09-16 17:26:04.472593,496
2026-09-16 17:26:04.476862,491
2026-09-16 17:26:04.480807,486
2026-09-16 17:26:04.489050,481
2026-09-16 17:26:04.493148,476
2026-09-16 17:26:04.497286,471
2026-09-16 17:26:04.501349,466
2026-09-16 17:26:04.509557,461
2026-09-16 17:26:04.513584,457
2026-09-16 17:26:04.517709,452
2026-09-16 17:26:04.521895,447
2026-09-16 17:26:04.530027,443
2026-09-16 17:26:04.534036,439
2026-09-16 17:26:04.538206,434
2026-09-16 17:26:04.546387,430
2026-09-16 17:26:04.550390,426
2026-09-16 17:26:04.554550,423
2026-09-16 17:26:04.558933,419
2026-09-16 17:26:04.566756,415
2026-09-16 17:26:04.570929,412
2026-09-16 17:26:04.575250,408
2026-09-16 17:26:04.579237,405
2026-09-16 17:26:04.587245,402
2026-09-16 17:26:04.591420,399
2026-09-16 17:26:04.595545,397
2026-09-16 17:26:04.603660,394
2026-09-16 17:26:04.608030,392
2026-09-16 17:26:04.612292,389
2026-09-16 17:26:04.615999,387
2026-09-16 17:26:04.624136,385
2026-09-16 17:26:04.628571,384
2026-09-16 17:26:04.632378,382
2026-09-16 17:26:04.636485,381
2026-09-16 17:26:04.644901,380
2026-09-16 17:26:04.648766,379
2026-09-16 17:26:04.652872,378
2026-09-16 17:26:04.661105,377
2026-09-16 17:26:04.665142,378
2026-09-16 17:26:04.669318,379
2026-09-16 17:26:04.673453,380
2026-09-16 17:26:04.681537,381
2026-09-16 17:26:04.685619,382
2026-09-16 17:26:04.689710,383
2026-09-16 17:26:04.694321,384
2026-09-16 17:26:04.701971,385
2026-09-16 17:26:04.706342,386
2026-09-16 17:26:04.710314,387
2026-09-16 17:26:04.714351,388
2026-09-16 17:26:04.722431,389
2026-09-16 17:26:04.726864,390
2026-09-16 17:26:04.730697,391
2026-09-16 17:26:04.738826,392
2026-09-16 17:26:04.743312,393
2026-09-16 17:26:04.747066,394
2026-09-16 17:26:04.751215,397
2026-09-16 17:26:04.759400,399
2026-09-16 17:26:04.763433,402
2026-09-16 17:26:04.767557,405
2026-09-16 17:26:04.771669,408
2026-09-16 17:26:04.779777,411
2026-09-16 17:26:04.783932,415
2026-09-16 17:26:04.788037,418
2026-09-16 17:26:04.796291,422
2026-09-16 17:26:04.800522,426
2026-09-16 17:26:04.804407,429
2026-09-16 17:26:04.808537,433
2026-09-16 17:26:04.816674,438
2026-09-16 17:26:04.820800,442
2026-09-16 17:26:04.825003,446
2026-09-16 17:26:04.829157,451
2026-09-16 17:26:04.837248,455
2026-09-16 17:26:04.841319,460
2026-09-16 17:26:04.845636,464
2026-09-16 17:26:04.849507,469
2026-09-16 17:26:04.857777,474
2026-09-16 17:26:04.862025,479
2026-09-16 17:26:04.865892,484
2026-09-16 17:26:04.874285,489
2026-09-16 17:26:04.878247,494
2026-09-16 17:26:04.882368,499
2026-09-16 17:26:04.886359,504
2026-09-16 17:26:04.894512,509
2026-09-16 17:26:04.898637,514
2026-09-16 17:26:04.902756,519
2026-09-16 17:26:04.906845,524
2026-09-16 17:26:04.915060,529
2026-09-16 17:26:04.919110,534
2026-09-16 17:26:04.923263,539
2026-09-16 17:26:04.931349,544
2026-09-16 17:26:04.935493,549
2026-09-16 17:26:04.939592,554
2026-09-16 17:26:04.943845,559
2026-09-16 17:26:04.951844,563
2026-09-16 17:26:04.955976,568
2026-09-16 17:26:04.960091,572
2026-09-16 17:26:04.964201,577
2026-09-16 17:26:04.972332,581
2026-09-16 17:26:04.976490,586
2026-09-16 17:26:04.980564,590
2026-09-16 17:26:04.988720,594
2026-09-16 17:26:04.993143,598
2026-09-16 17:26:04.996947,601
2026-09-16 17:26:05.001146,605
2026-09-16 17:26:05.009306,609
2026-09-16 17:26:05.013423,612
2026-09-16 17:26:05.017387,615
2026-09-16 17:26:05.021552,619
2026-09-16 17:26:05.029792,622
2026-09-16 17:26:05.033809,624
2026-09-16 17:26:05.037921,627
2026-09-16 17:26:05.042123,630
2026-09-16 17:26:05.050359,632
2026-09-16 17:26:05.054382,634
2026-09-16 17:26:05.058440,636
2026-09-16 17:26:05.066546,638
2026-09-16 17:26:05.070680,640
2026-09-16 17:26:05.075055,641
2026-09-16 17:26:05.079010,643
2026-09-16 17:26:05.087044,644
2026-09-16 17:26:05.091160,645
2026-09-16 17:26:05.095441,646
2026-09-16 17:26:05.099394,645
2026-09-16 17:26:05.107893,644
2026-09-16 17:26:05.111810,643
2026-09-16 17:26:05.115730,642
2026-09-16 17:26:05.123911,641
2026-09-16 17:26:05.128319,640
2026-09-16 17:26:05.132142,639
2026-09-16 17:26:05.136301,638
2026-09-16 17:26:05.144404,637
2026-09-16 17:26:05.148504,636
2026-09-16 17:26:05.152630,635
2026-09-16 17:26:05.156724,634
2026-09-16 17:26:05.164860,633
2026-09-16 17:26:05.168992,632
2026-09-16 17:26:05.173344,631
2026-09-16 17:26:05.177262,630
2026-09-16 17:26:05.185387,629
2026-09-16 17:26:05.189473,628
2026-09-16 17:26:05.193603,626
2026-09-16 17:26:05.201731,623
2026-09-16 17:26:05.205857,620
2026-09-16 17:26:05.210266,617
2026-09-16 17:26:05.214051,614
2026-09-16 17:26:05.222324,611
2026-09-16 17:26:05.226459,608
2026-09-16 17:26:05.230426,604
2026-09-16 17:26:05.234552,601
2026-09-16 17:26:05.242827,597
2026-09-16 17:26:05.246950,593
2026-09-16 17:26:05.250961,589
2026-09-16 17:26:05.259163,585
2026-09-16 17:26:05.263498,581
2026-09-16 17:26:05.267333,577
2026-09-16 17:26:05.271436,572
2026-09-16 17:26:05.279647,568
2026-09-16 17:26:05.283692,563
2026-09-16 17:26:05.287806,559
2026-09-16 17:26:05.291933,554
2026-09-16 17:26:05.300094,549
2026-09-16 17:26:05.304184,544
2026-09-16 17:26:05.308350,539
2026-09-16 17:26:05.316411,534
2026-09-16 17:26:05.320578,530
2026-09-16 17:26:05.324676,525
2026-09-16 17:26:05.328803,520
2026-09-16 17:26:05.336941,515
2026-09-16 17:26:05.341047,510
2026-09-16 17:26:05.345185,505
2026-09-16 17:26:05.349260,500
2026-09-16 17:26:05.357373,495
2026-09-16 17:26:05.361536,490
2026-09-16 17:26:05.365595,485
2026-09-16 17:26:05.369728,480
2026-09-16 17:26:05.377900,475
2026-09-16 17:26:05.382097,470
2026-09-16 17:26:05.386181,466
2026-09-16 17:26:05.394368,461
2026-09-16 17:26:05.398353,456
2026-09-16 17:26:05.402488,452
2026-09-16 17:26:05.406615,448
2026-09-16 17:26:05.414755,443
2026-09-16 17:26:05.418860,439
2026-09-16 17:26:05.422982,435
2026-09-16 17:26:05.427186,431
2026-09-16 17:26:05.435275,427
2026-09-16 17:26:05.439403,423
2026-09-16 17:26:05.443657,420
2026-09-16 17:26:05.451605,416
2026-09-16 17:26:05.455733,413
2026-09-16 17:26:05.459932,410
2026-09-16 17:26:05.463942,407
2026-09-16 17:26:05.472094,404
2026-09-16 17:26:05.476337,401
2026-09-16 17:26:05.480313,398
2026-09-16 17:26:05.484403,396
2026-09-16 17:26:05.493048,394
2026-09-16 17:26:05.496697,391
2026-09-16 17:26:05.500806,389
2026-09-16 17:26:05.504927,388
2026-09-16 17:26:05.513121,386
2026-09-16 17:26:05.517210,384
2026-09-16 17:26:05.521321,383
2026-09-16 17:26:05.529593,382
2026-09-16 17:26:05.533547,381
2026-09-16 17:26:05.537675,380
2026-09-16 17:26:05.541786,381
2026-09-16 17:26:05.549906,382
2026-09-16 17:26:05.554054,383
2026-09-16 17:26:05.558158,384
2026-09-16 17:26:05.562336,385
2026-09-16 17:26:05.570398,386
2026-09-16 17:26:05.574542,387
2026-09-16 17:26:05.578829,388
2026-09-16 17:26:05.586800,389
2026-09-16 17:26:05.590911,390
2026-09-16 17:26:05.595009,391
2026-09-16 17:26:05.599116,392
2026-09-16 17:26:05.607421,393
2026-09-16 17:26:05.611519,394
2026-09-16 17:26:05.615498,395
2026-09-16 17:26:05.619627,396
2026-09-16 17:26:05.627863,397
2026-09-16 17:26:05.631880,398
2026-09-16 17:26:05.635998,400
2026-09-16 17:26:05.644340,403
2026-09-16 17:26:05.648312,406
2026-09-16 17:26:05.652388,408
2026-09-16 17:26:05.656513,412
2026-09-16 17:26:05.664622,415
2026-09-16 17:26:05.668748,418
2026-09-16 17:26:05.672852,421
2026-09-16 17:26:05.677443,425
2026-09-16 17:26:05.685116,429
2026-09-16 17:26:05.689243,433
2026-09-16 17:26:05.693433,437
2026-09-16 17:26:05.697458,441
2026-09-16 17:26:05.705577,445
2026-09-16 17:26:05.709997,449
2026-09-16 17:26:05.713823,453
2026-09-16 17:26:05.721977,458
2026-09-16 17:26:05.726201,462
2026-09-16 17:26:05.730198,467
2026-09-16 17:26:05.734354,472
2026-09-16 17:26:05.742765,476
2026-09-16 17:26:05.746564,481
2026-09-16 17:26:05.750686,486
2026-09-16 17:26:05.754799,491
2026-09-16 17:26:05.762973,496
2026-09-16 17:26:05.767052,500
2026-09-16 17:26:05.771198,505
2026-09-16 17:26:05.779378,510
2026-09-16 17:26:05.783485,515
2026-09-16 17:26:05.787563,520
2026-09-16 17:26:05.791672,525
2026-09-16 17:26:05.799764,530
2026-09-16 17:26:05.803934,535
2026-09-16 17:26:05.808045,540
2026-09-16 17:26:05.812239,545
2026-09-16 17:26:05.820372,549
2026-09-16 17:26:05.824422,554
2026-09-16 17:26:05.828573,559
2026-09-16 17:26:05.836673,563
2026-09-16 17:26:05.840780,568
2026-09-16 17:26:05.845084,572
2026-09-16 17:26:05.849002,577
2026-09-16 17:26:05.857251,581
2026-09-16 17:26:05.861405,585
2026-09-16 17:26:05.865425,589
2026-09-16 17:26:05.869528,593
2026-09-16 17:26:05.877703,597
2026-09-16 17:26:05.881754,600
2026-09-16 17:26:05.885869,604
2026-09-16 17:26:05.889972,607
2026-09-16 17:26:05.898115,611
2026-09-16 17:26:05.902267,614
2026-09-16 17:26:05.906395,617
2026-09-16 17:26:05.914483,620
2026-09-16 17:26:05.918611,622
2026-09-16 17:26:05.922737,625
2026-09-16 17:26:05.927100,627
2026-09-16 17:26:05.934981,630
2026-09-16 17:26:05.939104,632
2026-09-16 17:26:05.943660,634
2026-09-16 17:26:05.947345,635
2026-09-16 17:26:05.955521,637
2026-09-16 17:26:05.959949,638
2026-09-16 17:26:05.963704,640
2026-09-16 17:26:05.972019,641
2026-09-16 17:26:05.976077,642
2026-09-16 17:26:05.980083,643
2026-09-16 17:26:05.984216,642
2026-09-16 17:26:05.992671,641
2026-09-16 17:26:05.996449,640
2026-09-16 17:26:06.000590,639
2026-09-16 17:26:06.005096,638
2026-09-16 17:26:06.012888,637
2026-09-16 17:26:06.016910,636
2026-09-16 17:26:06.021042,635
2026-09-16 17:26:06.025266,634
2026-09-16 17:26:06.033305,633
2026-09-16 17:26:06.037407,632
2026-09-16 17:26:06.041545,631
2026-09-16 17:26:06.049691,630
2026-09-16 17:26:06.053820,629
2026-09-16 17:26:06.057998,628
2026-09-16 17:26:06.062094,627
2026-09-16 17:26:06.070218,626
2026-09-16 17:26:06.074420,625
2026-09-16 17:26:06.078464,623
2026-09-16 17:26:06.082504,620
2026-09-16 17:26:06.090714,617
2026-09-16 17:26:06.095216,614
2026-09-16 17:26:06.098889,611
2026-09-16 17:26:06.107291,608
2026-09-16 17:26:06.111283,605
2026-09-16 17:26:06.115289,601
2026-09-16 17:26:06.119382,598
2026-09-16 17:26:06.127788,594
2026-09-16 17:26:06.131639,590
2026-09-16 17:26:06.135748,586
2026-09-16 17:26:06.140315,582
2026-09-16 17:26:06.147993,578
2026-09-16 17:26:06.152123,574
2026-09-16 17:26:06.156327,570
2026-09-16 17:26:06.164383,565
2026-09-16 17:26:06.168512,561
2026-09-16 17:26:06.172646,556
2026-09-16 17:26:06.176773,552
2026-09-16 17:26:06.184873,547
2026-09-16 17:26:06.189329,542
2026-09-16 17:26:06.193092,537
2026-09-16 17:26:06.197247,533
2026-09-16 17:26:06.205341,528
2026-09-16 17:26:06.209541,523
2026-09-16 17:26:06.213564,518
2026-09-16 17:26:06.217659,513
2026-09-16 17:26:06.226077,508
2026-09-16 17:26:06.230061,503
2026-09-16 17:26:06.234061,499
2026-09-16 17:26:06.242286,494
2026-09-16 17:26:06.246422,489
2026-09-16 17:26:06.250441,484
2026-09-16 17:26:06.254556,479
2026-09-16 17:26:06.262742,475
2026-09-16 17:26:06.266808,470
2026-09-16 17:26:06.270934,466
2026-09-16 17:26:06.275037,461
2026-09-16 17:26:06.283133,457
2026-09-16 17:26:06.287348,452
2026-09-16 17:26:06.291380,448
2026-09-16 17:26:06.299533,444
2026-09-16 17:26:06.303732,440
2026-09-16 17:26:06.308056,436
2026-09-16 17:26:06.312002,432
2026-09-16 17:26:06.320042,428
2026-09-16 17:26:06.324413,425
2026-09-16 17:26:06.328532,421
2026-09-16 17:26:06.332404,418
2026-09-16 17:26:06.340520,415
2026-09-16 17:26:06.344896,412
2026-09-16 17:26:06.348765,409
2026-09-16 17:26:06.352869,406
2026-09-16 17:26:06.361113,403
2026-09-16 17:26:06.365155,401
2026-09-16 17:26:06.369289,398
2026-09-16 17:26:06.377432,396
2026-09-16 17:26:06.381529,394
2026-09-16 17:26:06.385629,392
2026-09-16 17:26:06.389735,391
2026-09-16 17:26:06.397871,389
2026-09-16 17:26:06.401997,388
2026-09-16 17:26:06.406095,387
2026-09-16 17:26:06.410556,385
2026-09-16 17:26:06.418336,384
2026-09-16 17:26:06.422475,385
2026-09-16 17:26:06.426575,386
2026-09-16 17:26:06.434713,387
2026-09-16 17:26:06.439119,388
2026-09-16 17:26:06.443084,389
2026-09-16 17:26:06.447089,390
2026-09-16 17:26:06.455232,391
2026-09-16 17:26:06.459437,392
2026-09-16 17:26:06.463419,393
2026-09-16 17:26:06.467566,394
2026-09-16 17:26:06.475770,395
2026-09-16 17:26:06.479902,396
2026-09-16 17:26:06.483972,397
2026-09-16 17:26:06.492188,398
2026-09-16 17:26:06.496198,399
2026-09-16 17:26:06.500361,400
2026-09-16 17:26:06.504408,401
2026-09-16 17:26:06.512777,402
2026-09-16 17:26:06.516680,403
2026-09-16 17:26:06.520810,406
2026-09-16 17:26:06.524917,408
2026-09-16 17:26:06.533007,411
2026-09-16 17:26:06.537193,414
2026-09-16 17:26:06.541421,417
2026-09-16 17:26:06.545568,420
2026-09-16 17:26:06.553548,424
2026-09-16 17:26:06.557644,427
2026-09-16 17:26:06.561849,431
2026-09-16 17:26:06.569927,434
2026-09-16 17:26:06.574320,438
2026-09-16 17:26:06.578257,442
2026-09-16 17:26:06.582274,446
2026-09-16 17:26:06.590428,450
2026-09-16 17:26:06.594592,454
2026-09-16 17:26:06.598644,459
2026-09-16 17:26:06.602761,463
2026-09-16 17:26:06.610975,468
2026-09-16 17:26:06.615019,472
2026-09-16 17:26:06.619114,477
2026-09-16 17:26:06.627384,481
2026-09-16 17:26:06.631361,486
2026-09-16 17:26:06.635493,491
2026-09-16 17:26:06.639686,495
2026-09-16 17:26:06.647788,500
2026-09-16 17:26:06.651884,505
2026-09-16 17:26:06.655977,510
2026-09-16 17:26:06.660159,515
2026-09-16 17:26:06.668315,519
2026-09-16 17:26:06.672338,524
2026-09-16 17:26:06.676529,529
2026-09-16 17:26:06.680579,534
2026-09-16 17:26:06.688740,539
2026-09-16 17:26:06.692882,543
2026-09-16 17:26:06.696975,548
2026-09-16 17:26:06.705100,553
2026-09-16 17:26:06.709313,557
2026-09-16 17:26:06.713345,562
2026-09-16 17:26:06.717426,566
2026-09-16 17:26:06.725927,570
2026-09-16 17:26:06.729699,575
2026-09-16 17:26:06.733820,579
2026-09-16 17:26:06.737929,583
2026-09-16 17:26:06.746119,587
2026-09-16 17:26:06.750185,591
2026-09-16 17:26:06.754355,594
2026-09-16 17:26:06.762461,598
2026-09-16 17:26:06.766561,602
2026-09-16 17:26:06.770673,605
2026-09-16 17:26:06.774770,608
2026-09-16 17:26:06.782947,611
2026-09-16 17:26:06.787060,614
2026-09-16 17:26:06.791162,617
2026-09-16 17:26:06.795325,620
2026-09-16 17:26:06.803404,622
2026-09-16 17:26:06.807532,625
2026-09-16 17:26:06.811616,627
2026-09-16 17:26:06.819797,629
2026-09-16 17:26:06.823929,631
2026-09-16 17:26:06.828015,633
2026-09-16 17:26:06.832151,634
2026-09-16 17:26:06.840300,636
2026-09-16 17:26:06.844496,637
2026-09-16 17:26:06.848520,638
2026-09-16 17:26:06.852621,639
2026-09-16 17:26:06.860830,640
2026-09-16 17:26:06.864874,639
2026-09-16 17:26:06.868984,638
2026-09-16 17:26:06.873203,637
2026-09-16 17:26:06.881297,636
2026-09-16 17:26:06.885335,635
2026-09-16 17:26:06.889595,634
2026-09-16 17:26:06.897629,633
2026-09-16 17:26:06.901747,632
2026-09-16 17:26:06.905937,631
2026-09-16 17:26:06.910259,630
2026-09-16 17:26:06.918110,629
2026-09-16 17:26:06.922241,628
2026-09-16 17:26:06.926600,627
2026-09-16 17:26:06.930426,626
2026-09-16 17:26:06.938822,625
2026-09-16 17:26:06.942750,624
2026-09-16 17:26:06.946797,623
2026-09-16 17:26:06.954966,622
2026-09-16 17:26:06.959394,620
2026-09-16 17:26:06.963217,618
2026-09-16 17:26:06.967353,615
2026-09-16 17:26:06.975575,612
2026-09-16 17:26:06.979539,609
2026-09-16 17:26:06.983636,606
2026-09-16 17:26:06.987803,603
2026-09-16 17:26:06.995981,600
2026-09-16 17:26:07.000037,596
2026-09-16 17:26:07.004421,593
2026-09-16 17:26:07.008684,589
2026-09-16 17:26:07.016419,585
2026-09-16 17:26:07.020562,581
2026-09-16 17:26:07.024729,577
2026-09-16 17:26:07.032778,573
2026-09-16 17:26:07.036923,569
2026-09-16 17:26:07.041353,565
2026-09-16 17:26:07.045232,560
2026-09-16 17:26:07.053342,556
2026-09-16 17:26:07.057450,551
2026-09-16 17:26:07.061666,547
2026-09-16 17:26:07.065644,542
2026-09-16 17:26:07.073821,538
2026-09-16 17:26:07.078143,533
2026-09-16 17:26:07.082300,528
2026-09-16 17:26:07.090254,523
2026-09-16 17:26:07.094425,519
2026-09-16 17:26:07.098343,514
2026-09-16 17:26:07.102495,509
2026-09-16 17:26:07.110743,504
2026-09-16 17:26:07.114736,500
2026-09-16 17:26:07.118856,495
2026-09-16 17:26:07.122983,490
2026-09-16 17:26:07.131128,486
2026-09-16 17:26:07.135262,481
2026-09-16 17:26:07.139393,476
2026-09-16 17:26:07.147487,472
2026-09-16 17:26:07.151644,467
2026-09-16 17:26:07.155739,463
2026-09-16 17:26:07.159935,459
2026-09-16 17:26:07.167994,454
2026-09-16 17:26:07.172114,450
2026-09-16 17:26:07.176281,446
2026-09-16 17:26:07.180389,442
2026-09-16 17:26:07.188832,438
2026-09-16 17:26:07.192555,435
2026-09-16 17:26:07.196692,431
2026-09-16 17:26:07.200783,427
2026-09-16 17:26:07.208999,424
2026-09-16 17:26:07.213069,421
2026-09-16 17:26:07.217200,418
2026-09-16 17:26:07.225375,415
2026-09-16 17:26:07.229434,412
2026-09-16 17:26:07.233572,409
2026-09-16 17:26:07.237667,406
2026-09-16 17:26:07.245882,404
2026-09-16 17:26:07.249926,402
2026-09-16 17:26:07.254035,399
2026-09-16 17:26:07.258288,397
2026-09-16 17:26:07.266285,396
2026-09-16 17:26:07.270369,394
2026-09-16 17:26:07.274618,392
2026-09-16 17:26:07.282655,391
2026-09-16 17:26:07.286804,390
2026-09-16 17:26:07.290930,389
2026-09-16 17:26:07.295067,388
2026-09-16 17:26:07.303208,387
2026-09-16 17:26:07.307415,388
2026-09-16 17:26:07.311557,389
2026-09-16 17:26:07.315511,390
2026-09-16 17:26:07.323646,391
2026-09-16 17:26:07.327770,392
2026-09-16 17:26:07.331871,393
2026-09-16 17:26:07.335996,394
2026-09-16 17:26:07.344418,395
2026-09-16 17:26:07.348244,396
2026-09-16 17:26:07.352373,397
2026-09-16 17:26:07.360802,398
2026-09-16 17:26:07.364610,399
2026-09-16 17:26:07.368726,400
2026-09-16 17:26:07.373083,401
2026-09-16 17:26:07.381025,402
2026-09-16 17:26:07.385092,403
2026-09-16 17:26:07.389283,404
2026-09-16 17:26:07.393492,405
2026-09-16 17:26:07.401456,407
2026-09-16 17:26:07.405661,410
2026-09-16 17:26:07.409960,413
2026-09-16 17:26:07.417841,416
2026-09-16 17:26:07.421958,418
2026-09-16 17:26:07.426192,422
2026-09-16 17:26:07.430240,425
2026-09-16 17:26:07.438559,428
2026-09-16 17:26:07.442589,432
2026-09-16 17:26:07.446544,435
2026-09-16 17:26:07.450664,439
2026-09-16 17:26:07.459050,443
2026-09-16 17:26:07.462920,447
2026-09-16 17:26:07.467026,451
2026-09-16 17:26:07.475286,455
2026-09-16 17:26:07.479501,459
2026-09-16 17:26:07.483416,463
2026-09-16 17:26:07.487524,468
2026-09-16 17:26:07.495733,472
2026-09-16 17:26:07.499773,477
2026-09-16 17:26:07.503916,481
2026-09-16 17:26:07.508107,486
2026-09-16 17:26:07.516160,490
2026-09-16 17:26:07.520356,495
2026-09-16 17:26:07.524493,500
2026-09-16 17:26:07.528588,504
2026-09-16 17:26:07.537078,509
2026-09-16 17:26:07.541042,514
2026-09-16 17:26:07.544974,518
2026-09-16 17:26:07.553005,523
2026-09-16 17:26:07.557416,528
2026-09-16 17:26:07.561453,532
2026-09-16 17:26:07.565379,537
2026-09-16 17:26:07.573505,542
2026-09-16 17:26:07.577618,546
2026-09-16 17:26:07.581768,551
2026-09-16 17:26:07.585847,555
2026-09-16 17:26:07.594068,560
2026-09-16 17:26:07.598136,564
2026-09-16 17:26:07.602233,568
2026-09-16 17:26:07.610409,572
2026-09-16 17:26:07.614483,576
2026-09-16 17:26:07.618619,580
2026-09-16 17:26:07.622741,584
2026-09-16 17:26:07.630870,588
2026-09-16 17:26:07.634994,592
2026-09-16 17:26:07.639354,595
2026-09-16 17:26:07.643235,598
2026-09-16 17:26:07.651323,602
2026-09-16 17:26:07.655617,605
2026-09-16 17:26:07.659856,608
2026-09-16 17:26:07.663676,611
2026-09-16 17:26:07.672451,614
2026-09-16 17:26:07.676050,616
2026-09-16 17:26:07.680059,619
2026-09-16 17:26:07.688215,621
2026-09-16 17:26:07.692584,623
2026-09-16 17:26:07.696502,625
2026-09-16 17:26:07.700535,627
2026-09-16 17:26:07.708933,629
2026-09-16 17:26:07.712797,630
2026-09-16 17:26:07.716918,632
2026-09-16 17:26:07.721021,633
2026-09-16 17:26:07.729240,634
2026-09-16 17:26:07.733353,635
2026-09-16 17:26:07.737455,636
2026-09-16 17:26:07.745620,635
2026-09-16 17:26:07.749665,634
2026-09-16 17:26:07.753793,633
2026-09-16 17:26:07.757976,632
2026-09-16 17:26:07.766024,631
2026-09-16 17:26:07.770179,630
2026-09-16 17:26:07.774602,629
2026-09-16 17:26:07.778438,628
2026-09-16 17:26:07.786513,627
2026-09-16 17:26:07.790631,626
2026-09-16 17:26:07.794787,625
2026-09-16 17:26:07.802931,624
2026-09-16 17:26:07.807095,623
2026-09-16 17:26:07.811256,622
2026-09-16 17:26:07.815273,621
2026-09-16 17:26:07.823345,620
2026-09-16 17:26:07.827499,619
2026-09-16 17:26:07.831611,618
2026-09-16 17:26:07.835733,616
2026-09-16 17:26:07.844019,614
2026-09-16 17:26:07.848052,611
2026-09-16 17:26:07.852074,608
2026-09-16 17:26:07.856215,605
2026-09-16 17:26:07.864358,602
2026-09-16 17:26:07.868472,599
2026-09-16 17:26:07.872593,596
2026-09-16 17:26:07.880722,593
2026-09-16 17:26:07.884853,589
2026-09-16 17:26:07.889397,585
2026-09-16 17:26:07.893070,582
2026-09-16 17:26:07.901221,578
2026-09-16 17:26:07.905411,574
2026-09-16 17:26:07.909469,570
2026-09-16 17:26:07.913548,566
2026-09-16 17:26:07.921946,562
2026-09-16 17:26:07.925899,557
2026-09-16 17:26:07.929931,553
2026-09-16 17:26:07.938078,549
2026-09-16 17:26:07.942307,544
2026-09-16 17:26:07.946347,540
2026-09-16 17:26:07.950454,535
2026-09-16 17:26:07.958561,530
2026-09-16 17:26:07.962670,526
2026-09-16 17:26:07.966771,521
2026-09-16 17:26:07.970914,517
2026-09-16 17:26:07.979050,512
2026-09-16 17:26:07.983188,507
2026-09-16 17:26:07.987371,503
2026-09-16 17:26:07.995476,498
2026-09-16 17:26:07.999574,493
2026-09-16 17:26:08.003674,489
2026-09-16 17:26:08.007885,484
2026-09-16 17:26:08.015876,480
2026-09-16 17:26:08.020044,475
2026-09-16 17:26:08.024312,471
2026-09-16 17:26:08.028299,467
2026-09-16 17:26:08.036386,462
2026-09-16 17:26:08.040619,458
2026-09-16 17:26:08.044693,454
2026-09-16 17:26:08.048756,450
2026-09-16 17:26:08.057124,446
2026-09-16 17:26:08.060991,442
2026-09-16 17:26:08.065119,438
2026-09-16 17:26:08.073308,435
2026-09-16 17:26:08.077476,431
2026-09-16 17:26:08.081525,428
2026-09-16 17:26:08.085606,425
2026-09-16 17:26:08.094013,421
2026-09-16 17:26:08.097868,418
2026-09-16 17:26:08.102223,415
2026-09-16 17:26:08.106086,413
2026-09-16 17:26:08.114284,410
2026-09-16 17:26:08.118349,408
2026-09-16 17:26:08.122473,405
2026-09-16 17:26:08.130614,403
2026-09-16 17:26:08.134733,401
2026-09-16 17:26:08.139203,399
2026-09-16 17:26:08.143029,397
2026-09-16 17:26:08.151101,396
2026-09-16 17:26:08.155317,394
2026-09-16 17:26:08.159427,393
2026-09-16 17:26:08.163416,392
2026-09-16 17:26:08.171563,391
2026-09-16 17:26:08.175687,390
2026-09-16 17:26:08.179899,389
2026-09-16 17:26:08.183982,390
2026-09-16 17:26:08.192356,391
2026-09-16 17:26:08.196206,392
2026-09-16 17:26:08.200395,393
2026-09-16 17:26:08.208481,394
2026-09-16 17:26:08.212560,395
2026-09-16 17:26:08.216685,396
2026-09-16 17:26:08.220776,397
2026-09-16 17:26:08.229011,398
2026-09-16 17:26:08.233041,399
2026-09-16 17:26:08.237152,400
2026-09-16 17:26:08.241513,401
2026-09-16 17:26:08.249382,402
2026-09-16 17:26:08.253524,403
2026-09-16 17:26:08.257654,404
2026-09-16 17:26:08.265801,405
2026-09-16 17:26:08.270406,406
2026-09-16 17:26:08.274348,407
2026-09-16 17:26:08.278249,410
2026-09-16 17:26:08.286317,412
2026-09-16 17:26:08.290392,415
2026-09-16 17:26:08.294587,418
2026-09-16 17:26:08.298628,421
2026-09-16 17:26:08.306825,424
2026-09-16 17:26:08.311011,427
2026-09-16 17:26:08.314991,430
2026-09-16 17:26:08.323161,434
2026-09-16 17:26:08.327609,437
2026-09-16 17:26:08.331401,441
2026-09-16 17:26:08.335487,445
2026-09-16 17:26:08.343895,449
2026-09-16 17:26:08.347744,453
2026-09-16 17:26:08.351858,457
2026-09-16 17:26:08.355963,461
2026-09-16 17:26:08.364125,465
2026-09-16 17:26:08.368211,469
2026-09-16 17:26:08.372355,474
2026-09-16 17:26:08.376426,478
2026-09-16 17:26:08.384840,482
2026-09-16 17:26:08.388846,487
2026-09-16 17:26:08.393112,491
2026-09-16 17:26:08.400985,496
2026-09-16 17:26:08.405115,501
2026-09-16 17:26:08.409466,505
2026-09-16 17:26:08.413362,510
2026-09-16 17:26:08.421828,514
2026-09-16 17:26:08.425647,519
2026-09-16 17:26:08.429653,523
2026-09-16 17:26:08.433800,528
2026-09-16 17:26:08.442016,533
2026-09-16 17:26:08.446048,537
2026-09-16 17:26:08.450154,542
2026-09-16 17:26:08.458567,546
2026-09-16 17:26:08.462426,550
2026-09-16 17:26:08.466535,555
2026-09-16 17:26:08.470912,559
2026-09-16 17:26:08.478828,563
2026-09-16 17:26:08.482921,567
2026-09-16 17:26:08.487114,571
2026-09-16 17:26:08.491535,575
2026-09-16 17:26:08.499302,579
2026-09-16 17:26:08.503493,583
2026-09-16 17:26:08.507596,586
2026-09-16 17:26:08.511636,590
2026-09-16 17:26:08.519791,593
2026-09-16 17:26:08.524236,596
2026-09-16 17:26:08.527997,600
2026-09-16 17:26:08.536130,603
2026-09-16 17:26:08.540376,606
2026-09-16 17:26:08.544629,608
2026-09-16 17:26:08.548497,611
2026-09-16 17:26:08.556743,614
2026-09-16 17:26:08.560839,616
2026-09-16 17:26:08.564876,618
2026-09-16 17:26:08.569026,620
2026-09-16 17:26:08.577219,622
2026-09-16 17:26:08.581247,624
2026-09-16 17:26:08.585381,626
2026-09-16 17:26:08.593883,627
2026-09-16 17:26:08.597610,628
2026-09-16 17:26:08.601735,629
2026-09-16 17:26:08.605869,630
2026-09-16 17:26:08.613993,631
2026-09-16 17:26:08.618102,632
2026-09-16 17:26:08.622244,631
2026-09-16 17:26:08.626845,630
2026-09-16 17:26:08.634486,629
2026-09-16 17:26:08.638601,628
2026-09-16 17:26:08.642856,627
2026-09-16 17:26:08.650873,626
2026-09-16 17:26:08.654990,625
2026-09-16 17:26:08.659361,624
2026-09-16 17:26:08.663213,623
2026-09-16 17:26:08.671387,622
2026-09-16 17:26:08.675515,621
2026-09-16 17:26:08.679588,620
2026-09-16 17:26:08.683670,619
2026-09-16 17:26:08.691896,618
2026-09-16 17:26:08.695907,617
2026-09-16 17:26:08.700022,616
2026-09-16 17:26:08.704192,615
2026-09-16 17:26:08.712341,614
2026-09-16 17:26:08.716423,612
2026-09-16 17:26:08.720546,610
2026-09-16 17:26:08.728741,607
2026-09-16 17:26:08.732788,604
2026-09-16 17:26:08.736936,602
2026-09-16 17:26:08.741311,598
2026-09-16 17:26:08.749178,595
2026-09-16 17:26:08.753360,592
2026-09-16 17:26:08.757660,589
2026-09-16 17:26:08.761555,585
2026-09-16 17:26:08.769913,582
2026-09-16 17:26:08.773903,578
2026-09-16 17:26:08.778030,574
2026-09-16 17:26:08.786043,570
2026-09-16 17:26:08.790427,566
2026-09-16 17:26:08.794274,562
2026-09-16 17:26:08.798389,558
2026-09-16 17:26:08.806601,554
2026-09-16 17:26:08.810736,550
2026-09-16 17:26:08.814759,545
2026-09-16 17:26:08.818877,541
2026-09-16 17:26:08.827119,537
2026-09-16 17:26:08.831103,532
2026-09-16 17:26:08.835265,528
2026-09-16 17:26:08.839471,523
2026-09-16 17:26:08.847569,519
2026-09-16 17:26:08.851630,514
2026-09-16 17:26:08.856003,510
2026-09-16 17:26:08.863876,505
2026-09-16 17:26:08.867997,501
2026-09-16 17:26:08.872371,496
2026-09-16 17:26:08.876242,492
2026-09-16 17:26:08.884322,487
2026-09-16 17:26:08.888465,483
2026-09-16 17:26:08.892655,478
2026-09-16 17:26:08.896687,474
2026-09-16 17:26:08.904912,470
2026-09-16 17:26:08.909347,466
2026-09-16 17:26:08.913088,462
2026-09-16 17:26:08.921321,458
2026-09-16 17:26:08.925350,454
2026-09-16 17:26:08.929445,450
2026-09-16 17:26:08.933543,446
2026-09-16 17:26:08.941790,442
2026-09-16 17:26:08.945819,439
2026-09-16 17:26:08.949917,435
2026-09-16 17:26:08.954062,432
2026-09-16 17:26:08.962280,428
2026-09-16 17:26:08.966357,425
2026-09-16 17:26:08.970507,422
2026-09-16 17:26:08.978621,419
2026-09-16 17:26:08.982674,416
2026-09-16 17:26:08.986820,414
2026-09-16 17:26:08.990925,411
2026-09-16 17:26:08.999015,409
2026-09-16 17:26:09.003185,407
2026-09-16 17:26:09.007556,405
2026-09-16 17:26:09.011532,403
2026-09-16 17:26:09.019801,401
2026-09-16 17:26:09.023769,399
2026-09-16 17:26:09.027840,398
2026-09-16 17:26:09.031873,396
2026-09-16 17:26:09.040114,395
2026-09-16 17:26:09.044272,394
2026-09-16 17:26:09.048275,393
2026-09-16 17:26:09.056482,394
2026-09-16 17:26:09.060605,395
2026-09-16 17:26:09.064628,396
2026-09-16 17:26:09.068754,397
2026-09-16 17:26:09.077139,398
2026-09-16 17:26:09.080996,399
2026-09-16 17:26:09.085154,400
2026-09-16 17:26:09.089506,401
2026-09-16 17:26:09.097408,402
2026-09-16 17:26:09.101488,403
2026-09-16 17:26:09.105673,404
2026-09-16 17:26:09.113750,405
2026-09-16 17:26:09.117873,406
2026-09-16 17:26:09.122142,407
2026-09-16 17:26:09.126379,408
2026-09-16 17:26:09.134237,409
2026-09-16 17:26:09.138349,410
2026-09-16 17:26:09.142770,411
2026-09-16 17:26:09.146574,412
2026-09-16 17:26:09.155151,413
2026-09-16 17:26:09.158850,415
2026-09-16 17:26:09.162941,418
2026-09-16 17:26:09.167057,420
2026-09-16 17:26:09.175240,423
2026-09-16 17:26:09.179416,426
2026-09-16 17:26:09.183392,429
2026-09-16 17:26:09.191643,432
2026-09-16 17:26:09.195712,436
2026-09-16 17:26:09.199824,439
2026-09-16 17:26:09.203934,443
2026-09-16 17:26:09.212140,446
2026-09-16 17:26:09.216189,450
2026-09-16 17:26:09.220364,454
2026-09-16 17:26:09.224482,458
2026-09-16 17:26:09.232512,462
2026-09-16 17:26:09.236667,466
2026-09-16 17:26:09.240795,470
2026-09-16 17:26:09.248936,474
2026-09-16 17:26:09.253065,478
2026-09-16 17:26:09.257434,483
2026-09-16 17:26:09.261274,487
2026-09-16 17:26:09.269409,491
2026-09-16 17:26:09.273543,496
2026-09-16 17:26:09.277630,500
2026-09-16 17:26:09.281764,505
2026-09-16 17:26:09.290364,509
2026-09-16 17:26:09.294092,514
2026-09-16 17:26:09.298098,518
2026-09-16 17:26:09.306390,523
2026-09-16 17:26:09.310490,527
2026-09-16 17:26:09.314514,532
2026-09-16 17:26:09.318620,536
2026-09-16 17:26:09.327232,540
2026-09-16 17:26:09.330857,545
2026-09-16 17:26:09.334997,549
2026-09-16 17:26:09.339215,553
2026-09-16 17:26:09.347237,557
2026-09-16 17:26:09.351454,561
2026-09-16 17:26:09.355511,565
2026-09-16 17:26:09.359664,569
2026-09-16 17:26:09.367723,573
2026-09-16 17:26:09.372117,577
2026-09-16 17:26:09.376339,581
2026-09-16 17:26:09.384112,584
2026-09-16 17:26:09.388224,588
2026-09-16 17:26:09.392426,591
2026-09-16 17:26:09.396445,594
2026-09-16 17:26:09.404581,597
2026-09-16 17:26:09.408800,600
2026-09-16 17:26:09.412818,603
2026-09-16 17:26:09.416909,606
2026-09-16 17:26:09.425150,609
2026-09-16 17:26:09.429187,611
2026-09-16 17:26:09.433385,614
2026-09-16 17:26:09.441572,616
2026-09-16 17:26:09.445622,618
2026-09-16 17:26:09.449650,620
2026-09-16 17:26:09.453860,622
2026-09-16 17:26:09.461977,623
2026-09-16 17:26:09.466195,625
2026-09-16 17:26:09.470215,626
2026-09-16 17:26:09.474323,627
2026-09-16 17:26:09.482509,628
2026-09-16 17:26:09.486542,629
2026-09-16 17:26:09.490713,630
2026-09-16 17:26:09.494795,629
2026-09-16 17:26:09.502938,628
2026-09-16 17:26:09.507075,627
2026-09-16 17:26:09.511128,626
2026-09-16 17:26:09.519375,625
2026-09-16 17:26:09.523390,624
2026-09-16 17:26:09.527510,623
2026-09-16 17:26:09.531645,622
2026-09-16 17:26:09.540022,621
2026-09-16 17:26:09.544660,620
2026-09-16 17:26:09.548046,619
2026-09-16 17:26:09.552193,618
2026-09-16 17:26:09.560793,617
2026-09-16 17:26:09.564405,616
2026-09-16 17:26:09.568505,615
2026-09-16 17:26:09.576636,614
2026-09-16 17:26:09.580765,613
2026-09-16 17:26:09.584860,612
2026-09-16 17:26:09.588980,611
2026-09-16 17:26:09.597084,609
2026-09-16 17:26:09.601227,606
2026-09-16 17:26:09.605408,604
2026-09-16 17:26:09.609536,601
2026-09-16 17:26:09.617587,598
2026-09-16 17:26:09.621704,595
2026-09-16 17:26:09.625829,592
2026-09-16 17:26:09.633976,588
2026-09-16 17:26:09.638106,585
2026-09-16 17:26:09.642218,582
2026-09-16 17:26:09.646372,578
2026-09-16 17:26:09.654476,574
2026-09-16 17:26:09.658753,571
2026-09-16 17:26:09.662701,567
2026-09-16 17:26:09.666813,563
2026-09-16 17:26:09.675228,559
2026-09-16 17:26:09.679085,555
2026-09-16 17:26:09.683186,551
2026-09-16 17:26:09.687299,546
2026-09-16 17:26:09.695530,542
2026-09-16 17:26:09.699720,538
2026-09-16 17:26:09.703742,533
2026-09-16 17:26:09.711896,529
2026-09-16 17:26:09.715940,525
2026-09-16 17:26:09.720044,520
2026-09-16 17:26:09.724402,516
2026-09-16 17:26:09.732328,512
2026-09-16 17:26:09.736407,507
2026-09-16 17:26:09.740824,503
2026-09-16 17:26:09.744649,498
2026-09-16 17:26:09.752764,494
2026-09-16 17:26:09.757146,490
2026-09-16 17:26:09.761091,485
2026-09-16 17:26:09.769158,481
2026-09-16 17:26:09.773596,477
2026-09-16 17:26:09.777625,473
2026-09-16 17:26:09.781488,469
2026-09-16 17:26:09.789692,465
2026-09-16 17:26:09.794009,461
2026-09-16 17:26:09.797869,457
2026-09-16 17:26:09.801969,453
2026-09-16 17:26:09.810236,449
2026-09-16 17:26:09.814249,445
2026-09-16 17:26:09.818365,442
2026-09-16 17:26:09.826578,439
2026-09-16 17:26:09.830747,435
2026-09-16 17:26:09.834741,432
2026-09-16 17:26:09.838853,429
2026-09-16 17:26:09.846981,426
2026-09-16 17:26:09.851106,423
2026-09-16 17:26:09.855238,420
2026-09-16 17:26:09.859469,418
2026-09-16 17:26:09.867524,415
2026-09-16 17:26:09.871661,413
2026-09-16 17:26:09.875702,411
2026-09-16 17:26:09.879782,409
2026-09-16 17:26:09.888226,407
2026-09-16 17:26:09.892347,405
2026-09-16 17:26:09.896201,403
2026-09-16 17:26:09.904304,402
2026-09-16 17:26:09.908480,401
2026-09-16 17:26:09.912565,399
2026-09-16 17:26:09.916643,398
2026-09-16 17:26:09.924821,397
2026-09-16 17:26:09.928925,398
2026-09-16 17:26:09.933007,399
2026-09-16 17:26:09.937438,400
2026-09-16 17:26:09.945400,401
2026-09-16 17:26:09.949402,402
2026-09-16 17:26:09.953635,403
2026-09-16 17:26:09.961766,404
2026-09-16 17:26:09.965802,405
2026-09-16 17:26:09.969935,406
2026-09-16 17:26:09.974129,407
2026-09-16 17:26:09.982185,408
2026-09-16 17:26:09.986430,409
2026-09-16 17:26:09.990468,410
2026-09-16 17:26:09.994567,411
2026-09-16 17:26:10.002675,412
2026-09-16 17:26:10.006789,413
2026-09-16 17:26:10.010885,414
2026-09-16 17:26:10.015006,415
2026-09-16 17:26:10.023246,416
2026-09-16 17:26:10.027306,417
2026-09-16 17:26:10.031394,418
2026-09-16 17:26:10.039609,421
2026-09-16 17:26:10.043873,423
2026-09-16 17:26:10.047746,426
2026-09-16 17:26:10.051844,429
2026-09-16 17:26:10.060111,432
2026-09-16 17:26:10.064111,435
2026-09-16 17:26:10.068250,438
2026-09-16 17:26:10.072453,442
2026-09-16 17:26:10.080485,445
2026-09-16 17:26:10.084602,449
2026-09-16 17:26:10.088987,452
2026-09-16 17:26:10.096863,456
2026-09-16 17:26:10.100989,460
2026-09-16 17:26:10.105086,464
2026-09-16 17:26:10.109223,468
2026-09-16 17:26:10.117340,472
2026-09-16 17:26:10.121449,476
2026-09-16 17:26:10.126017,480
2026-09-16 17:26:10.129664,484
2026-09-16 17:26:10.137833,489
2026-09-16 17:26:10.142217,493
2026-09-16 17:26:10.146057,497
2026-09-16 17:26:10.154290,501
2026-09-16 17:26:10.158436,506
2026-09-16 17:26:10.162452,510
2026-09-16 17:26:10.166554,514
2026-09-16 17:26:10.174782,519
2026-09-16 17:26:10.178825,523
2026-09-16 17:26:10.182934,528
2026-09-16 17:26:10.187087,532
2026-09-16 17:26:10.195294,536
2026-09-16 17:26:10.199401,540
2026-09-16 17:26:10.203591,545
2026-09-16 17:26:10.207575,549
2026-09-16 17:26:10.215666,553
2026-09-16 17:26:10.219883,557
2026-09-16 17:26:10.223993,561
2026-09-16 17:26:10.232044,565
2026-09-16 17:26:10.236186,569
2026-09-16 17:26:10.240497,572
2026-09-16 17:26:10.244489,576
2026-09-16 17:26:10.252533,580
2026-09-16 17:26:10.256718,583
2026-09-16 17:26:10.260829,587
2026-09-16 17:26:10.264863,590
2026-09-16 17:26:10.273282,593
2026-09-16 17:26:10.277223,596
2026-09-16 17:26:10.281252,599
2026-09-16 17:26:10.289461,602
2026-09-16 17:26:10.293582,605
2026-09-16 17:26:10.297616,607
2026-09-16 17:26:10.301743,610
2026-09-16 17:26:10.310229,612
2026-09-16 17:26:10.313980,614
2026-09-16 17:26:10.318110,616
2026-09-16 17:26:10.322315,618
2026-09-16 17:26:10.330344,620
2026-09-16 17:26:10.334469,621
2026-09-16 17:26:10.338932,623
2026-09-16 17:26:10.342965,624
2026-09-16 17:26:10.350870,625
2026-09-16 17:26:10.355323,626
2026-09-16 17:26:10.359364,627
2026-09-16 17:26:10.367241,628
2026-09-16 17:26:10.371531,627
2026-09-16 17:26:10.375503,626
2026-09-16 17:26:10.379552,625
2026-09-16 17:26:10.387694,624
2026-09-16 17:26:10.391833,623
2026-09-16 17:26:10.395949,622
2026-09-16 17:26:10.400039,621
2026-09-16 17:26:10.408277,620
2026-09-16 17:26:10.412638,619
2026-09-16 17:26:10.416434,618
2026-09-16 17:26:10.424625,617
2026-09-16 17:26:10.428709,616
2026-09-16 17:26:10.432811,615
2026-09-16 17:26:10.436940,614
2026-09-16 17:26:10.445046,613
2026-09-16 17:26:10.449220,612
2026-09-16 17:26:10.453305,611
2026-09-16 17:26:10.457656,610
2026-09-16 17:26:10.465550,609
2026-09-16 17:26:10.469922,607
2026-09-16 17:26:10.474049,605
2026-09-16 17:26:10.481917,602
2026-09-16 17:26:10.486066,599
2026-09-16 17:26:10.490399,596
2026-09-16 17:26:10.494480,593
2026-09-16 17:26:10.502414,590
2026-09-16 17:26:10.506646,587
2026-09-16 17:26:10.510642,584
2026-09-16 17:26:10.514750,580
2026-09-16 17:26:10.523135,577
2026-09-16 17:26:10.527139,573
2026-09-16 17:26:10.531109,570
2026-09-16 17:26:10.535279,566
2026-09-16 17:26:10.543550,562
2026-09-16 17:26:10.547491,558
2026-09-16 17:26:10.551887,554
2026-09-16 17:26:10.559870,550
2026-09-16 17:26:10.563878,546
2026-09-16 17:26:10.568279,542
2026-09-16 17:26:10.572248,538
2026-09-16 17:26:10.580351,534
2026-09-16 17:26:10.584343,529
2026-09-16 17:26:10.588640,525
2026-09-16 17:26:10.592683,521
2026-09-16 17:26:10.600738,516
2026-09-16 17:26:10.605241,512
2026-09-16 17:26:10.609251,508
2026-09-16 17:26:10.617122,504
2026-09-16 17:26:10.621309,499
2026-09-16 17:26:10.625630,495
2026-09-16 17:26:10.629436,491
2026-09-16 17:26:10.637672,487
2026-09-16 17:26:10.642002,482
2026-09-16 17:26:10.645821,478
2026-09-16 17:26:10.649932,474
2026-09-16 17:26:10.658212,470
2026-09-16 17:26:10.662216,466
2026-09-16 17:26:10.666306,462
2026-09-16 17:26:10.670752,459
2026-09-16 17:26:10.678580,455
2026-09-16 17:26:10.682701,451
2026-09-16 17:26:10.686916,448
2026-09-16 17:26:10.694991,444
2026-09-16 17:26:10.699066,441
2026-09-16 17:26:10.703199,438
2026-09-16 17:26:10.707513,435
2026-09-16 17:26:10.715419,432
2026-09-16 17:26:10.719603,429
2026-09-16 17:26:10.724187,426
2026-09-16 17:26:10.727741,423
2026-09-16 17:26:10.736143,421
2026-09-16 17:26:10.740290,418
2026-09-16 17:26:10.744135,416
2026-09-16 17:26:10.752536,414
2026-09-16 17:26:10.756520,412
2026-09-16 17:26:10.760516,410
2026-09-16 17:26:10.764634,409
2026-09-16 17:26:10.773148,407
2026-09-16 17:26:10.776862,406
2026-09-16 17:26:10.780974,404
2026-09-16 17:26:10.785211,403
2026-09-16 17:26:10.793247,402
2026-09-16 17:26:10.797350,401
2026-09-16 17:26:10.801575,402
2026-09-16 17:26:10.810056,403
2026-09-16 17:26:10.813724,404
2026-09-16 17:26:10.817886,405
2026-09-16 17:26:10.822303,406
2026-09-16 17:26:10.830107,407
2026-09-16 17:26:10.834261,408
2026-09-16 17:26:10.838443,409
2026-09-16 17:26:10.842512,410
2026-09-16 17:26:10.850615,411
2026-09-16 17:26:10.854786,412
2026-09-16 17:26:10.858951,413
2026-09-16 17:26:10.862955,414
2026-09-16 17:26:10.871064,415
2026-09-16 17:26:10.875320,416
2026-09-16 17:26:10.879376,417
2026-09-16 17:26:10.887600,418
2026-09-16 17:26:10.891659,419
2026-09-16 17:26:10.895684,420
2026-09-16 17:26:10.899823,421
2026-09-16 17:26:10.908005,422
2026-09-16 17:26:10.912078,425
2026-09-16 17:26:10.916194,427
2026-09-16 17:26:10.920551,430
2026-09-16 17:26:10.928476,433
2026-09-16 17:26:10.932532,436
2026-09-16 17:26:10.936653,439
2026-09-16 17:26:10.944850,442
2026-09-16 17:26:10.948938,445
2026-09-16 17:26:10.953339,449
2026-09-16 17:26:10.957151,452
2026-09-16 17:26:10.965333,456
2026-09-16 17:26:10.969398,459
2026-09-16 17:26:10.973625,463
2026-09-16 17:26:10.977630,467
2026-09-16 17:26:10.985769,471
2026-09-16 17:26:10.990333,475
2026-09-16 17:26:10.994014,479
2026-09-16 17:26:10.998103,483
2026-09-16 17:26:11.006368,487
2026-09-16 17:26:11.010426,491
2026-09-16 17:26:11.014492,495
2026-09-16 17:26:11.022893,500
2026-09-16 17:26:11.026740,504
2026-09-16 17:26:11.030883,508
2026-09-16 17:26:11.034982,512
2026-09-16 17:26:11.043115,517
2026-09-16 17:26:11.047249,521
2026-09-16 17:26:11.051375,525
2026-09-16 17:26:11.055554,529
2026-09-16 17:26:11.063585,533
2026-09-16 17:26:11.067722,538
2026-09-16 17:26:11.071848,542
2026-09-16 17:26:11.079963,546
2026-09-16 17:26:11.084109,550
2026-09-16 17:26:11.088324,554
2026-09-16 17:26:11.092509,558
2026-09-16 17:26:11.100474,562
2026-09-16 17:26:11.104670,566
2026-09-16 17:26:11.108788,569
2026-09-16 17:26:11.112813,573
2026-09-16 17:26:11.120950,576
2026-09-16 17:26:11.125067,580
2026-09-16 17:26:11.129227,583
2026-09-16 17:26:11.137315,587
2026-09-16 17:26:11.141624,590
2026-09-16 17:26:11.145571,593
2026-09-16 17:26:11.149682,596
2026-09-16 17:26:11.157824,599
2026-09-16 17:26:11.161934,601
2026-09-16 17:26:11.166059,604
2026-09-16 17:26:11.170155,606
2026-09-16 17:26:11.178346,609
2026-09-16 17:26:11.182415,611
2026-09-16 17:26:11.186615,613
2026-09-16 17:26:11.190694,615
2026-09-16 17:26:11.198794,617
2026-09-16 17:26:11.203234,618
2026-09-16 17:26:11.207150,620
2026-09-16 17:26:11.215207,621
2026-09-16 17:26:11.219388,623
2026-09-16 17:26:11.223784,624
2026-09-16 17:26:11.227498,625
2026-09-16 17:26:11.235658,626
2026-09-16 17:26:11.239849,625
2026-09-16 17:26:11.243882,624
2026-09-16 17:26:11.247996,623
2026-09-16 17:26:11.256392,622
2026-09-16 17:26:11.260247,621
2026-09-16 17:26:11.264357,620
2026-09-16 17:26:11.272617,619
2026-09-16 17:26:11.276716,618
2026-09-16 17:26:11.280753,617
2026-09-16 17:26:11.284863,616
2026-09-16 17:26:11.293039,615
2026-09-16 17:26:11.297096,614
2026-09-16 17:26:11.301243,613
2026-09-16 17:26:11.305615,612
2026-09-16 17:26:11.313488,611
2026-09-16 17:26:11.317578,610
2026-09-16 17:26:11.321987,609
2026-09-16 17:26:11.325866,608
2026-09-16 17:26:11.333982,607
2026-09-16 17:26:11.338097,606
2026-09-16 17:26:11.342320,605
2026-09-16 17:26:11.350308,602
2026-09-16 17:26:11.354832,600
2026-09-16 17:26:11.358650,597
2026-09-16 17:26:11.362692,594
2026-09-16 17:26:11.370804,591
2026-09-16 17:26:11.375305,588
2026-09-16 17:26:11.379036,585
2026-09-16 17:26:11.383188,582
2026-09-16 17:26:11.391371,578
2026-09-16 17:26:11.395426,575
2026-09-16 17:26:11.399538,572
2026-09-16 17:26:11.407945,568
2026-09-16 17:26:11.411794,564
2026-09-16 17:26:11.415935,560
2026-09-16 17:26:11.420034,557
2026-09-16 17:26:11.428160,553
2026-09-16 17:26:11.432334,549
2026-09-16 17:26:11.436377,545
2026-09-16 17:26:11.440509,541
2026-09-16 17:26:11.448638,537
2026-09-16 17:26:11.452768,532
2026-09-16 17:26:11.457295,528
2026-09-16 17:26:11.465021,524
2026-09-16 17:26:11.469157,520
2026-09-16 17:26:11.473343,516
2026-09-16 17:26:11.477393,512
2026-09-16 17:26:11.485552,507
2026-09-16 17:26:11.489901,503
2026-09-16 17:26:11.493746,499
2026-09-16 17:26:11.497886,495
2026-09-16 17:26:11.506078,491
2026-09-16 17:26:11.510145,487
2026-09-16 17:26:11.514233,483
2026-09-16 17:26:11.518379,479
2026-09-16 17:26:11.526544,475
2026-09-16 17:26:11.530647,471
2026-09-16 17:26:11.534737,467
2026-09-16 17:26:11.542912,463
2026-09-16 17:26:11.546968,460
2026-09-16 17:26:11.551089,456
2026-09-16 17:26:11.555337,453
2026-09-16 17:26:11.563586,449
2026-09-16 17:26:11.567471,446
2026-09-16 17:26:11.571882,443
2026-09-16 17:26:11.575777,439
2026-09-16 17:26:11.583844,436
2026-09-16 17:26:11.588234,434
2026-09-16 17:26:11.592083,431
2026-09-16 17:26:11.600229,428
2026-09-16 17:26:11.604397,426
2026-09-16 17:26:11.608448,423
2026-09-16 17:26:11.612579,421
2026-09-16 17:26:11.620727,419
2026-09-16 17:26:11.625096,417
2026-09-16 17:26:11.628947,415
2026-09-16 17:26:11.633044,413
2026-09-16 17:26:11.641275,412
2026-09-16 17:26:11.645344,410
2026-09-16 17:26:11.649377,409
2026-09-16 17:26:11.653573,408
2026-09-16 17:26:11.661788,407
2026-09-16 17:26:11.665814,406
2026-09-16 17:26:11.669913,405
2026-09-16 17:26:11.678073,406
2026-09-16 17:26:11.682192,407
2026-09-16 17:26:11.686721,408
2026-09-16 17:26:11.690470,409
2026-09-16 17:26:11.698540,410
2026-09-16 17:26:11.702664,411
2026-09-16 17:26:11.707034,412
2026-09-16 17:26:11.710877,413
2026-09-16 17:26:11.719011,414
2026-09-16 17:26:11.723412,415
2026-09-16 17:26:11.727278,416
2026-09-16 17:26:11.735481,417
2026-09-16 17:26:11.739796,418
2026-09-16 17:26:11.743633,419
2026-09-16 17:26:11.747746,420
2026-09-16 17:26:11.755908,421
2026-09-16 17:26:11.760005,422
2026-09-16 17:26:11.764122,423
2026-09-16 17:26:11.768237,424
2026-09-16 17:26:11.776514,425
2026-09-16 17:26:11.780481,427
2026-09-16 17:26:11.784600,429
2026-09-16 17:26:11.792904,432
2026-09-16 17:26:11.796868,435
2026-09-16 17:26:11.800985,437
2026-09-16 17:26:11.805089,440
2026-09-16 17:26:11.813255,443
2026-09-16 17:26:11.817350,447
2026-09-16 17:26:11.821448,450
2026-09-16 17:26:11.825679,453
2026-09-16 17:26:11.833716,457
2026-09-16 17:26:11.838292,460
2026-09-16 17:26:11.841992,464
2026-09-16 17:26:11.846058,467
2026-09-16 17:26:11.854238,471
2026-09-16 17:26:11.858452,475
2026-09-16 17:26:11.862440,479
2026-09-16 17:26:11.870582,483
2026-09-16 17:26:11.874771,487
2026-09-16 17:26:11.878813,491
2026-09-16 17:26:11.882924,495
2026-09-16 17:26:11.891132,499
2026-09-16 17:26:11.895192,503
2026-09-16 17:26:11.899307,507
2026-09-16 17:26:11.903415,511
2026-09-16 17:26:11.911525,515
2026-09-16 17:26:11.915667,520
2026-09-16 17:26:11.919795,524
2026-09-16 17:26:11.927997,528
2026-09-16 17:26:11.932039,532
2026-09-16 17:26:11.936219,536
2026-09-16 17:26:11.940366,540
2026-09-16 17:26:11.948398,544
2026-09-16 17:26:11.952528,548
2026-09-16 17:26:11.956633,552
2026-09-16 17:26:11.960751,556
2026-09-16 17:26:11.968889,560
2026-09-16 17:26:11.973291,563
2026-09-16 17:26:11.977114,567
2026-09-16 17:26:11.985313,571
2026-09-16 17:26:11.989425,574
2026-09-16 17:26:11.993589,578
2026-09-16 17:26:11.997606,581
2026-09-16 17:26:12.005830,584
2026-09-16 17:26:12.009963,587
2026-09-16 17:26:12.013987,590
2026-09-16 17:26:12.018113,593
2026-09-16 17:26:12.026299,596
2026-09-16 17:26:12.030377,599
2026-09-16 17:26:12.034483,602
2026-09-16 17:26:12.038919,604
2026-09-16 17:26:12.046749,606
2026-09-16 17:26:12.050855,609
2026-09-16 17:26:12.054975,611
2026-09-16 17:26:12.063123,613
2026-09-16 17:26:12.067248,614
2026-09-16 17:26:12.071663,616
2026-09-16 17:26:12.075539,618
2026-09-16 17:26:12.083600,619
2026-09-16 17:26:12.087977,620
2026-09-16 17:26:12.091913,621
2026-09-16 17:26:12.095930,622
2026-09-16 17:26:12.104432,623
2026-09-16 17:26:12.108336,624
2026-09-16 17:26:12.112320,623
2026-09-16 17:26:12.120578,622
2026-09-16 17:26:12.124667,621
2026-09-16 17:26:12.128683,620
2026-09-16 17:26:12.132801,619
2026-09-16 17:26:12.141004,618
2026-09-16 17:26:12.145059,617
2026-09-16 17:26:12.149189,616
2026-09-16 17:26:12.153596,615
2026-09-16 17:26:12.161425,614
2026-09-16 17:26:12.165540,613
2026-09-16 17:26:12.169664,612
2026-09-16 17:26:12.173912,611
2026-09-16 17:26:12.182003,610
2026-09-16 17:26:12.186190,609
2026-09-16 17:26:12.190194,608
2026-09-16 17:26:12.198334,607
2026-09-16 17:26:12.202411,606
2026-09-16 17:26:12.206515,605
2026-09-16 17:26:12.210623,604
2026-09-16 17:26:12.218772,602
2026-09-16 17:26:12.223140,599
2026-09-16 17:26:12.226997,597
2026-09-16 17:26:12.231109,594
2026-09-16 17:26:12.239720,591
2026-09-16 17:26:12.243449,588
2026-09-16 17:26:12.248211,585
2026-09-16 17:26:12.255736,582
2026-09-16 17:26:12.259755,579
2026-09-16 17:26:12.263907,576
2026-09-16 17:26:12.267981,572
2026-09-16 17:26:12.276224,569
2026-09-16 17:26:12.280257,565
2026-09-16 17:26:12.284372,562
2026-09-16 17:26:12.288467,558
2026-09-16 17:26:12.296609,554
2026-09-16 17:26:12.300731,550
2026-09-16 17:26:12.304840,546
2026-09-16 17:26:12.312988,542
2026-09-16 17:26:12.317108,538
2026-09-16 17:26:12.321236,534
2026-09-16 17:26:12.325480,530
2026-09-16 17:26:12.333473,526
2026-09-16 17:26:12.337595,522
2026-09-16 17:26:12.341962,518
2026-09-16 17:26:12.345809,514
2026-09-16 17:26:12.354052,510
2026-09-16 17:26:12.358349,506
2026-09-16 17:26:12.362195,502
2026-09-16 17:26:12.366295,498
2026-09-16 17:26:12.374420,494
2026-09-16 17:26:12.378740,490
2026-09-16 17:26:12.382661,486
2026-09-16 17:26:12.390881,482
2026-09-16 17:26:12.394928,478
2026-09-16 17:26:12.399025,474
2026-09-16 17:26:12.403228,471
2026-09-16 17:26:12.411338,467
2026-09-16 17:26:12.415397,463
2026-09-16 17:26:12.419537,460
2026-09-16 17:26:12.423673,456
2026-09-16 17:26:12.431799,453
2026-09-16 17:26:12.435975,450
2026-09-16 17:26:12.440357,447
2026-09-16 17:26:12.448183,443
2026-09-16 17:26:12.452399,440
2026-09-16 17:26:12.456589,438
2026-09-16 17:26:12.460622,435
2026-09-16 17:26:12.468648,432
2026-09-16 17:26:12.472770,430
2026-09-16 17:26:12.476953,427
2026-09-16 17:26:12.480984,425
2026-09-16 17:26:12.489257,423
2026-09-16 17:26:12.493246,421
2026-09-16 17:26:12.497389,419
2026-09-16 17:26:12.501466,417
2026-09-16 17:26:12.509725,416
2026-09-16 17:26:12.513721,414
2026-09-16 17:26:12.517897,413
2026-09-16 17:26:12.526270,412
2026-09-16 17:26:12.530119,411
2026-09-16 17:26:12.534248,410
2026-09-16 17:26:12.538424,409
2026-09-16 17:26:12.546548,410
2026-09-16 17:26:12.550607,411
2026-09-16 17:26:12.554715,412
2026-09-16 17:26:12.558898,413
2026-09-16 17:26:12.567345,414
2026-09-16 17:26:12.571071,415
2026-09-16 17:26:12.575478,416
2026-09-16 17:26:12.583341,417
2026-09-16 17:26:12.587521,418
2026-09-16 17:26:12.591879,419
2026-09-16 17:26:12.595707,420
2026-09-16 17:26:12.603821,421
2026-09-16 17:26:12.608035,422
2026-09-16 17:26:12.612041,423
2026-09-16 17:26:12.616202,424
2026-09-16 17:26:12.624426,425
2026-09-16 17:26:12.628427,426
2026-09-16 17:26:12.632562,427
2026-09-16 17:26:12.640784,428
2026-09-16 17:26:12.644902,429
2026-09-16 17:26:12.648921,430
2026-09-16 17:26:12.653064,432
2026-09-16 17:26:12.661281,435
2026-09-16 17:26:12.665314,437
2026-09-16 17:26:12.669514,440
2026-09-16 17:26:12.673524,443
2026-09-16 17:26:12.681656,446
2026-09-16 17:26:12.685793,449
2026-09-16 17:26:12.689923,452
2026-09-16 17:26:12.694003,455
2026-09-16 17:26:12.702181,458
2026-09-16 17:26:12.706665,462
2026-09-16 17:26:12.710556,465
2026-09-16 17:26:12.718559,469
2026-09-16 17:26:12.722671,472
2026-09-16 17:26:12.726811,476
2026-09-16 17:26:12.730868,480
2026-09-16 17:26:12.739025,484
2026-09-16 17:26:12.743242,488
2026-09-16 17:26:12.747243,492
2026-09-16 17:26:12.751408,495
2026-09-16 17:26:12.759568,499
2026-09-16 17:26:12.763623,503
2026-09-16 17:26:12.767744,507
2026-09-16 17:26:12.775950,511
2026-09-16 17:26:12.780016,516
2026-09-16 17:26:12.784130,520
2026-09-16 17:26:12.788346,524
2026-09-16 17:26:12.796324,528
2026-09-16 17:26:12.800498,532
2026-09-16 17:26:12.804616,536
2026-09-16 17:26:12.808728,540
2026-09-16 17:26:12.816867,544
2026-09-16 17:26:12.820979,547
2026-09-16 17:26:12.825369,551
2026-09-16 17:26:12.829227,555
2026-09-16 17:26:12.837415,559
2026-09-16 17:26:12.841548,562
2026-09-16 17:26:12.845583,566
2026-09-16 17:26:12.853730,570
2026-09-16 17:26:12.858217,573
2026-09-16 17:26:12.861921,576
2026-09-16 17:26:12.866054,580
2026-09-16 17:26:12.874219,583
2026-09-16 17:26:12.878388,586
2026-09-16 17:26:12.882391,589
2026-09-16 17:26:12.886539,592
2026-09-16 17:26:12.894687,595
2026-09-16 17:26:12.898790,597
2026-09-16 17:26:12.902981,600
2026-09-16 17:26:12.911080,602
2026-09-16 17:26:12.915222,604
2026-09-16 17:26:12.919368,607
2026-09-16 17:26:12.923474,609
2026-09-16 17:26:12.931528,611
2026-09-16 17:26:12.935673,612
2026-09-16 17:26:12.939826,614
2026-09-16 17:26:12.943876,616
2026-09-16 17:26:12.952035,617
2026-09-16 17:26:12.956422,618
2026-09-16 17:26:12.960294,619
2026-09-16 17:26:12.968433,620
2026-09-16 17:26:12.972609,621
2026-09-16 17:26:12.976648,622
2026-09-16 17:26:12.980783,621
2026-09-16 17:26:12.988900,620
2026-09-16 17:26:12.993228,619
2026-09-16 17:26:12.997133,618
2026-09-16 17:26:13.001279,617
2026-09-16 17:26:13.009446,616
2026-09-16 17:26:13.013510,615
2026-09-16 17:26:13.017611,614
2026-09-16 17:26:13.021729,613
2026-09-16 17:26:13.029838,612
2026-09-16 17:26:13.034013,611
2026-09-16 17:26:13.038155,610
2026-09-16 17:26:13.046453,609
2026-09-16 17:26:13.050414,608
2026-09-16 17:26:13.054486,607
2026-09-16 17:26:13.058680,606
2026-09-16 17:26:13.066740,605
2026-09-16 17:26:13.071121,604
2026-09-16 17:26:13.075403,603
2026-09-16 17:26:13.079068,602
2026-09-16 17:26:13.087230,601
2026-09-16 17:26:13.091471,599
2026-09-16 17:26:13.095413,596
2026-09-16 17:26:13.103575,593
2026-09-16 17:26:13.107989,591
2026-09-16 17:26:13.111810,588
2026-09-16 17:26:13.115909,585
2026-09-16 17:26:13.124195,582
2026-09-16 17:26:13.128202,579
2026-09-16 17:26:13.132308,575
2026-09-16 17:26:13.136622,572
2026-09-16 17:26:13.144658,569
2026-09-16 17:26:13.148669,565
2026-09-16 17:26:13.152777,562
2026-09-16 17:26:13.157159,558
2026-09-16 17:26:13.165046,554
2026-09-16 17:26:13.169187,551
2026-09-16 17:26:13.173273,547
2026-09-16 17:26:13.181421,543
2026-09-16 17:26:13.185535,539
2026-09-16 17:26:13.189670,535
2026-09-16 17:26:13.193816,531
2026-09-16 17:26:13.201947,527
2026-09-16 17:26:13.206032,523
2026-09-16 17:26:13.210140,519
2026-09-16 17:26:13.214233,516
2026-09-16 17:26:13.222374,512
2026-09-16 17:26:13.226571,508
2026-09-16 17:26:13.230625,504
2026-09-16 17:26:13.238785,500
2026-09-16 17:26:13.242988,496
2026-09-16 17:26:13.247007,492
2026-09-16 17:26:13.251120,488
2026-09-16 17:26:13.259334,484
2026-09-16 17:26:13.263377,480
2026-09-16 17:26:13.267482,477
2026-09-16 17:26:13.271606,473
2026-09-16 17:26:13.279733,470
2026-09-16 17:26:13.283860,466
2026-09-16 17:26:13.287982,463
2026-09-16 17:26:13.296124,459
2026-09-16 17:26:13.300248,456
2026-09-16 17:26:13.304369,453
2026-09-16 17:26:13.308459,450
2026-09-16 17:26:13.316657,447
2026-09-16 17:26:13.320690,444
2026-09-16 17:26:13.324924,441
2026-09-16 17:26:13.328938,438
2026-09-16 17:26:13.337091,436
2026-09-16 17:26:13.341455,433
2026-09-16 17:26:13.345335,431
2026-09-16 17:26:13.349461,429
2026-09-16 17:26:13.357844,427
2026-09-16 17:26:13.361686,425
2026-09-16 17:26:13.365817,423
2026-09-16 17:26:13.373962,421
2026-09-16 17:26:13.378046,420
2026-09-16 17:26:13.382186,418
2026-09-16 17:26:13.386333,417
2026-09-16 17:26:13.394456,416
2026-09-16 17:26:13.398563,415
2026-09-16 17:26:13.402673,414
2026-09-16 17:26:13.406858,413
2026-09-16 17:26:13.414934,414
2026-09-16 17:26:13.419063,415
2026-09-16 17:26:13.423414,416
2026-09-16 17:26:13.431343,417
2026-09-16 17:26:13.435460,418
2026-09-16 17:26:13.439530,419
2026-09-16 17:26:13.443705,420
2026-09-16 17:26:13.451788,421
2026-09-16 17:26:13.456198,422
2026-09-16 17:26:13.460016,423
2026-09-16 17:26:13.464141,424
2026-09-16 17:26:13.472514,425
2026-09-16 17:26:13.476454,426
2026-09-16 17:26:13.480499,427
2026-09-16 17:26:13.488638,428
2026-09-16 17:26:13.492830,429
2026-09-16 17:26:13.496895,430
2026-09-16 17:26:13.500993,431
2026-09-16 17:26:13.509219,432
2026-09-16 17:26:13.513257,433
2026-09-16 17:26:13.517383,434
2026-09-16 17:26:13.521543,435
2026-09-16 17:26:13.529615,438
2026-09-16 17:26:13.533729,440
2026-09-16 17:26:13.538100,443
2026-09-16 17:26:13.542031,446
2026-09-16 17:26:13.550099,449
2026-09-16 17:26:13.554522,451
2026-09-16 17:26:13.558479,455
2026-09-16 17:26:13.566482,458
2026-09-16 17:26:13.570594,461
2026-09-16 17:26:13.574790,464
2026-09-16 17:26:13.578868,468
2026-09-16 17:26:13.586963,471
2026-09-16 17:26:13.591084,475
2026-09-16 17:26:13.595276,478
2026-09-16 17:26:13.599348,482
2026-09-16 17:26:13.607455,486
2026-09-16 17:26:13.611624,489
2026-09-16 17:26:13.615680,493
2026-09-16 17:26:13.623927,497
2026-09-16 17:26:13.627950,501
2026-09-16 17:26:13.632066,505
2026-09-16 17:26:13.636187,509
2026-09-16 17:26:13.644442,513
2026-09-16 17:26:13.648446,517
2026-09-16 17:26:13.652528,521
2026-09-16 17:26:13.656737,524
2026-09-16 17:26:13.664821,528
2026-09-16 17:26:13.668932,532
2026-09-16 17:26:13.673041,536
2026-09-16 17:26:13.677199,540
2026-09-16 17:26:13.685529,544
2026-09-16 17:26:13.689614,548
2026-09-16 17:26:13.693571,551
2026-09-16 17:26:13.701646,555
2026-09-16 17:26:13.705777,559
2026-09-16 17:26:13.709876,562
2026-09-16 17:26:13.714024,566
2026-09-16 17:26:13.722537,569
2026-09-16 17:26:13.726337,573
2026-09-16 17:26:13.730487,576
2026-09-16 17:26:13.734490,579
2026-09-16 17:26:13.742674,582
2026-09-16 17:26:13.746837,585
2026-09-16 17:26:13.750895,588
2026-09-16 17:26:13.759051,591
2026-09-16 17:26:13.763234,594
2026-09-16 17:26:13.767252,596
2026-09-16 17:26:13.771392,599
2026-09-16 17:26:13.779439,601
2026-09-16 17:26:13.783600,603
2026-09-16 17:26:13.787721,605
2026-09-16 17:26:13.791822,607
2026-09-16 17:26:13.799943,609
2026-09-16 17:26:13.804191,611
2026-09-16 17:26:13.808302,613
2026-09-16 17:26:13.816391,614
2026-09-16 17:26:13.820481,615
2026-09-16 17:26:13.824582,617
2026-09-16 17:26:13.828707,618
2026-09-16 17:26:13.836828,619
2026-09-16 17:26:13.840961,620
2026-09-16 17:26:13.845103,619
2026-09-16 17:26:13.849197,618
2026-09-16 17:26:13.857342,617
2026-09-16 17:26:13.861440,616
2026-09-16 17:26:13.865534,615
2026-09-16 17:26:13.869636,614
2026-09-16 17:26:13.877809,613
2026-09-16 17:26:13.881919,612
2026-09-16 17:26:13.886025,611
2026-09-16 17:26:13.894260,610
2026-09-16 17:26:13.898357,609
2026-09-16 17:26:13.902387,608
2026-09-16 17:26:13.906498,607
2026-09-16 17:26:13.914701,606
2026-09-16 17:26:13.918783,605
2026-09-16 17:26:13.922889,604
2026-09-16 17:26:13.927113,603
2026-09-16 17:26:13.935153,602
2026-09-16 17:26:13.939295,601
2026-09-16 17:26:13.943416,600
2026-09-16 17:26:13.951550,599
2026-09-16 17:26:13.955739,598
2026-09-16 17:26:13.959845,596
2026-09-16 17:26:13.963873,594
2026-09-16 17:26:13.972010,591
2026-09-16 17:26:13.976130,589
2026-09-16 17:26:13.980260,586
2026-09-16 17:26:13.984411,583
2026-09-16 17:26:13.992584,580
2026-09-16 17:26:13.996580,577
2026-09-16 17:26:14.000746,574
2026-09-16 17:26:14.004849,570
2026-09-16 17:26:14.012991,567
2026-09-16 17:26:14.017125,564
2026-09-16 17:26:14.021515,560
2026-09-16 17:26:14.029342,557
2026-09-16 17:26:14.033484,553
2026-09-16 17:26:14.037885,549
2026-09-16 17:26:14.041981,546
2026-09-16 17:26:14.049849,542
2026-09-16 17:26:14.053967,538
2026-09-16 17:26:14.058205,534
2026-09-16 17:26:14.062191,531
2026-09-16 17:26:14.070605,527
2026-09-16 17:26:14.074795,523
2026-09-16 17:26:14.078568,519
2026-09-16 17:26:14.086723,515
2026-09-16 17:26:14.091105,511
2026-09-16 17:26:14.094930,507
2026-09-16 17:26:14.099055,503
2026-09-16 17:26:14.107289,500
2026-09-16 17:26:14.111288,496
2026-09-16 17:26:14.115412,492
2026-09-16 17:26:14.119539,488
2026-09-16 17:26:14.127747,485
2026-09-16 17:26:14.131796,481
2026-09-16 17:26:14.136197,477
2026-09-16 17:26:14.144143,474
2026-09-16 17:26:14.148195,470
2026-09-16 17:26:14.152309,467
2026-09-16 17:26:14.156439,463
2026-09-16 17:26:14.164547,460
2026-09-16 17:26:14.168667,457
2026-09-16 17:26:14.172895,454
2026-09-16 17:26:14.176883,451
2026-09-16 17:26:14.185111,448
2026-09-16 17:26:14.189262,445
2026-09-16 17:26:14.193333,442
2026-09-16 17:26:14.197436,440
2026-09-16 17:26:14.205484,437
2026-09-16 17:26:14.209644,435
2026-09-16 17:26:14.213747,433
2026-09-16 17:26:14.221889,431
2026-09-16 17:26:14.226005,429
2026-09-16 17:26:14.230136,427
2026-09-16 17:26:14.234251,425
2026-09-16 17:26:14.242441,423
2026-09-16 17:26:14.246551,422
2026-09-16 17:26:14.250605,420
2026-09-16 17:26:14.255014,419
2026-09-16 17:26:14.262900,418
2026-09-16 17:26:14.267262,417
2026-09-16 17:26:14.271182,416
2026-09-16 17:26:14.279642,415
2026-09-16 17:26:14.283410,416
2026-09-16 17:26:14.287689,417
2026-09-16 17:26:14.292017,418
2026-09-16 17:26:14.299721,419
2026-09-16 17:26:14.303857,420
2026-09-16 17:26:14.307962,421
2026-09-16 17:26:14.312060,422
2026-09-16 17:26:14.320451,423
2026-09-16 17:26:14.324485,424
2026-09-16 17:26:14.328445,425
2026-09-16 17:26:14.332555,426
2026-09-16 17:26:14.340813,427
2026-09-16 17:26:14.344828,428
2026-09-16 17:26:14.348944,429
2026-09-16 17:26:14.357213,430
2026-09-16 17:26:14.361221,431
2026-09-16 17:26:14.365309,432
2026-09-16 17:26:14.369432,433
2026-09-16 17:26:14.377615,434
2026-09-16 17:26:14.381673,435
2026-09-16 17:26:14.385878,436
2026-09-16 17:26:14.390244,437
2026-09-16 17:26:14.398028,439
2026-09-16 17:26:14.402368,442
2026-09-16 17:26:14.406392,444
2026-09-16 17:26:14.414405,447
2026-09-16 17:26:14.418536,450
2026-09-16 17:26:14.422940,453
2026-09-16 17:26:14.426726,456
2026-09-16 17:26:14.434899,459
2026-09-16 17:26:14.439324,462
2026-09-16 17:26:14.443199,465
2026-09-16 17:26:14.447268,469
2026-09-16 17:26:14.455447,472
2026-09-16 17:26:14.459560,476
2026-09-16 17:26:14.463615,479
2026-09-16 17:26:14.471848,483
2026-09-16 17:26:14.475949,486
2026-09-16 17:26:14.480004,490
2026-09-16 17:26:14.484216,494
2026-09-16 17:26:14.492338,497
2026-09-16 17:26:14.496415,501
2026-09-16 17:26:14.500484,505
2026-09-16 17:26:14.504842,509
2026-09-16 17:26:14.512743,513
2026-09-16 17:26:14.516857,517
2026-09-16 17:26:14.520968,520
2026-09-16 17:26:14.525205,524
2026-09-16 17:26:14.533228,528
2026-09-16 17:26:14.537608,532
2026-09-16 17:26:14.541537,536
2026-09-16 17:26:14.549607,539
2026-09-16 17:26:14.553803,543
2026-09-16 17:26:14.558088,547
2026-09-16 17:26:14.561940,550
2026-09-16 17:26:14.570369,554
2026-09-16 17:26:14.574401,558
2026-09-16 17:26:14.578348,561
2026-09-16 17:26:14.582428,564
2026-09-16 17:26:14.590685,568
2026-09-16 17:26:14.594683,571
2026-09-16 17:26:14.598796,574
2026-09-16 17:26:14.606980,577
2026-09-16 17:26:14.611094,580
2026-09-16 17:26:14.615206,583
2026-09-16 17:26:14.619313,586
2026-09-16 17:26:14.627423,589
2026-09-16 17:26:14.631519,591
2026-09-16 17:26:14.635681,594
2026-09-16 17:26:14.640038,596
2026-09-16 17:26:14.647926,599
2026-09-16 17:26:14.652403,601
2026-09-16 17:26:14.656278,603
2026-09-16 17:26:14.660368,605
2026-09-16 17:26:14.668415,606
2026-09-16 17:26:14.672631,608
2026-09-16 17:26:14.676638,610
2026-09-16 17:26:14.685036,611
2026-09-16 17:26:14.689007,612
2026-09-16 17:26:14.693104,613
2026-09-16 17:26:14.697081,614
2026-09-16 17:26:14.705341,615
2026-09-16 17:26:14.709498,616
2026-09-16 17:26:14.713509,617
2026-09-16 17:26:14.717882,616
2026-09-16 17:26:14.725815,615
2026-09-16 17:26:14.729854,614
2026-09-16 17:26:14.734012,613
2026-09-16 17:26:14.742534,612
2026-09-16 17:26:14.746251,611
2026-09-16 17:26:14.750447,610
2026-09-16 17:26:14.754597,609
2026-09-16 17:26:14.762606,608
2026-09-16 17:26:14.766756,607
2026-09-16 17:26:14.771124,606
2026-09-16 17:26:14.775254,605
2026-09-16 17:26:14.783113,604
2026-09-16 17:26:14.787655,603
2026-09-16 17:26:14.791434,602
2026-09-16 17:26:14.799498,601
2026-09-16 17:26:14.803690,600
2026-09-16 17:26:14.808037,599
2026-09-16 17:26:14.811867,598
2026-09-16 17:26:14.820042,597
2026-09-16 17:26:14.824228,596
2026-09-16 17:26:14.828224,593
2026-09-16 17:26:14.832326,591
2026-09-16 17:26:14.840530,588
2026-09-16 17:26:14.844560,586
2026-09-16 17:26:14.848691,583
2026-09-16 17:26:14.853192,580
2026-09-16 17:26:14.860925,577
2026-09-16 17:26:14.865076,574
2026-09-16 17:26:14.869190,571
2026-09-16 17:26:14.877370,568
2026-09-16 17:26:14.881424,565
2026-09-16 17:26:14.885552,561
2026-09-16 17:26:14.890125,558
2026-09-16 17:26:14.897804,554
2026-09-16 17:26:14.901925,551
2026-09-16 17:26:14.906331,547
2026-09-16 17:26:14.910147,544
2026-09-16 17:26:14.918305,540
2026-09-16 17:26:14.922586,536
2026-09-16 17:26:14.926537,533
2026-09-16 17:26:14.934903,529
2026-09-16 17:26:14.939219,525
2026-09-16 17:26:14.942892,521
2026-09-16 17:26:14.946974,518
2026-09-16 17:26:14.955251,514
2026-09-16 17:26:14.959329,510
2026-09-16 17:26:14.963436,506
2026-09-16 17:26:14.967483,502
2026-09-16 17:26:14.975698,499
2026-09-16 17:26:14.979772,495
2026-09-16 17:26:14.983880,491
2026-09-16 17:26:14.988070,488
2026-09-16 17:26:14.996105,484
2026-09-16 17:26:15.000520,481
2026-09-16 17:26:15.004637,477
2026-09-16 17:26:15.012511,474
2026-09-16 17:26:15.016636,470
2026-09-16 17:26:15.021016,467
2026-09-16 17:26:15.024934,464
2026-09-16 17:26:15.032990,461
2026-09-16 17:26:15.037215,457
2026-09-16 17:26:15.041316,454
2026-09-16 17:26:15.045323,452
2026-09-16 17:26:15.053789,449
2026-09-16 17:26:15.057688,446
2026-09-16 17:26:15.061715,443
2026-09-16 17:26:15.069930,441
2026-09-16 17:26:15.074345,439
2026-09-16 17:26:15.078084,436
2026-09-16 17:26:15.082216,434
2026-09-16 17:26:15.090595,432
2026-09-16 17:26:15.094451,430
2026-09-16 17:26:15.098561,428
2026-09-16 17:26:15.102948,427
2026-09-16 17:26:15.110872,425
2026-09-16 17:26:15.114924,424
2026-09-16 17:26:15.119201,422
2026-09-16 17:26:15.127272,421
2026-09-16 17:26:15.131317,420
2026-09-16 17:26:15.135683,419
2026-09-16 17:26:15.139534,418
2026-09-16 17:26:15.147671,419
2026-09-16 17:26:15.151791,420
2026-09-16 17:26:15.156010,421
2026-09-16 17:26:15.160092,422
2026-09-16 17:26:15.168184,423
2026-09-16 17:26:15.172542,424
2026-09-16 17:26:15.176519,425
2026-09-16 17:26:15.180489,426
2026-09-16 17:26:15.188718,427
2026-09-16 17:26:15.192859,428
2026-09-16 17:26:15.196902,429
2026-09-16 17:26:15.205045,430
2026-09-16 17:26:15.209283,431
2026-09-16 17:26:15.213262,432
2026-09-16 17:26:15.217414,433
2026-09-16 17:26:15.225582,434
2026-09-16 17:26:15.229614,435
2026-09-16 17:26:15.233755,436
2026-09-16 17:26:15.237864,437
2026-09-16 17:26:15.245978,438
2026-09-16 17:26:15.250096,439
2026-09-16 17:26:15.254312,440
2026-09-16 17:26:15.262394,441
2026-09-16 17:26:15.266488,443
2026-09-16 17:26:15.270950,446
2026-09-16 17:26:15.275214,448
2026-09-16 17:26:15.282856,451
2026-09-16 17:26:15.287270,454
2026-09-16 17:26:15.291357,457
2026-09-16 17:26:15.295196,460
2026-09-16 17:26:15.303692,463
2026-09-16 17:26:15.307583,466
2026-09-16 17:26:15.311557,469
2026-09-16 17:26:15.319791,472
2026-09-16 17:26:15.323940,476
2026-09-16 17:26:15.327946,479
2026-09-16 17:26:15.332058,483
2026-09-16 17:26:15.340277,486
2026-09-16 17:26:15.344338,490
2026-09-16 17:26:15.348436,493
2026-09-16 17:26:15.352753,497
2026-09-16 17:26:15.360687,501
2026-09-16 17:26:15.364791,504
2026-09-16 17:26:15.368993,508
2026-09-16 17:26:15.373004,512
2026-09-16 17:26:15.381162,516
2026-09-16 17:26:15.385409,519
2026-09-16 17:26:15.389809,523
2026-09-16 17:26:15.397570,527
2026-09-16 17:26:15.402132,530
2026-09-16 17:26:15.405781,534
2026-09-16 17:26:15.409965,538
2026-09-16 17:26:15.418035,542
2026-09-16 17:26:15.422241,545
2026-09-16 17:26:15.426272,549
2026-09-16 17:26:15.430423,552
2026-09-16 17:26:15.438595,556
2026-09-16 17:26:15.442629,559
2026-09-16 17:26:15.446774,562
2026-09-16 17:26:15.454984,566
2026-09-16 17:26:15.459008,569
2026-09-16 17:26:15.463138,572
2026-09-16 17:26:15.467259,575
2026-09-16 17:26:15.475456,578
2026-09-16 17:26:15.479505,581
2026-09-16 17:26:15.483622,584
2026-09-16 17:26:15.487979,587
2026-09-16 17:26:15.495888,589
2026-09-16 17:26:15.500023,592
2026-09-16 17:26:15.504364,594
2026-09-16 17:26:15.508296,596
2026-09-16 17:26:15.516411,598
2026-09-16 17:26:15.520554,600
2026-09-16 17:26:15.524927,602
2026-09-16 17:26:15.532738,604
2026-09-16 17:26:15.536863,606
2026-09-16 17:26:15.540976,607
2026-09-16 17:26:15.545076,609
2026-09-16 17:26:15.553497,610
2026-09-16 17:26:15.557434,611
2026-09-16 17:26:15.561456,612
2026-09-16 17:26:15.565576,613
2026-09-16 17:26:15.573963,614
2026-09-16 17:26:15.577840,615
2026-09-16 17:26:15.581949,614
2026-09-16 17:26:15.590361,613
2026-09-16 17:26:15.594227,612
2026-09-16 17:26:15.598338,611
2026-09-16 17:26:15.602454,610
2026-09-16 17:26:15.610619,609
2026-09-16 17:26:15.614678,608
2026-09-16 17:26:15.618894,607
2026-09-16 17:26:15.623342,606
2026-09-16 17:26:15.631055,605
2026-09-16 17:26:15.635197,604
2026-09-16 17:26:15.639427,603
2026-09-16 17:26:15.647404,602
2026-09-16 17:26:15.651541,601
2026-09-16 17:26:15.655934,600
2026-09-16 17:26:15.659826,599
2026-09-16 17:26:15.668364,598
2026-09-16 17:26:15.672150,597
2026-09-16 17:26:15.676498,596
2026-09-16 17:26:15.680242,595
2026-09-16 17:26:15.688441,594
2026-09-16 17:26:15.692593,593
2026-09-16 17:26:15.696636,591
2026-09-16 17:26:15.700748,589
2026-09-16 17:26:15.708881,586
2026-09-16 17:26:15.713013,583
2026-09-16 17:26:15.717140,581
2026-09-16 17:26:15.725570,578
2026-09-16 17:26:15.729398,575
2026-09-16 17:26:15.733504,572
2026-09-16 17:26:15.737669,569
2026-09-16 17:26:15.745753,566
2026-09-16 17:26:15.749873,563
2026-09-16 17:26:15.753989,559
2026-09-16 17:26:15.758187,556
2026-09-16 17:26:15.766628,552
2026-09-16 17:26:15.770605,549
2026-09-16 17:26:15.774513,546
2026-09-16 17:26:15.782618,542
2026-09-16 17:26:15.786741,538
2026-09-16 17:26:15.791114,535
2026-09-16 17:26:15.794958,531
2026-09-16 17:26:15.803100,527
2026-09-16 17:26:15.807312,524
2026-09-16 17:26:15.811331,520
2026-09-16 17:26:15.815425,516
2026-09-16 17:26:15.823629,513
2026-09-16 17:26:15.827677,509
2026-09-16 17:26:15.831797,505
2026-09-16 17:26:15.836199,502
2026-09-16 17:26:15.844071,498
2026-09-16 17:26:15.848158,495
2026-09-16 17:26:15.852302,491
2026-09-16 17:26:15.860399,487
2026-09-16 17:26:15.864548,484
2026-09-16 17:26:15.868677,481
2026-09-16 17:26:15.872868,477
2026-09-16 17:26:15.880895,474
2026-09-16 17:26:15.885327,471
2026-09-16 17:26:15.889149,467
2026-09-16 17:26:15.893274,464
2026-09-16 17:26:15.901404,461
2026-09-16 17:26:15.906146,458
2026-09-16 17:26:15.909650,455
2026-09-16 17:26:15.918107,453
2026-09-16 17:26:15.922162,450
2026-09-16 17:26:15.926090,447
2026-09-16 17:26:15.930104,445
2026-09-16 17:26:15.938370,443
2026-09-16 17:26:15.942608,440
2026-09-16 17:26:15.946480,438
2026-09-16 17:26:15.950616,436
2026-09-16 17:26:15.958801,434
2026-09-16 17:26:15.962882,432
2026-09-16 17:26:15.966985,431
2026-09-16 17:26:15.975213,429
2026-09-16 17:26:15.979261,428
2026-09-16 17:26:15.983428,426
2026-09-16 17:26:15.987456,425
2026-09-16 17:26:15.995666,424
2026-09-16 17:26:15.999747,423
2026-09-16 17:26:16.003837,422
2026-09-16 17:26:16.008354,421
2026-09-16 17:26:16.016103,422
2026-09-16 17:26:16.020504,423
2026-09-16 17:26:16.024425,424
2026-09-16 17:26:16.028449,425
2026-09-16 17:26:16.036894,426
2026-09-16 17:26:16.040967,427
2026-09-16 17:26:16.044814,428
2026-09-16 17:26:16.053056,429
2026-09-16 17:26:16.057346,430
2026-09-16 17:26:16.061251,431
2026-09-16 17:26:16.065315,432
2026-09-16 17:26:16.073780,433
2026-09-16 17:26:16.077559,434
2026-09-16 17:26:16.081665,435
2026-09-16 17:26:16.086268,436
2026-09-16 17:26:16.093917,437
2026-09-16 17:26:16.098052,438
2026-09-16 17:26:16.102284,439
2026-09-16 17:26:16.110371,440
2026-09-16 17:26:16.114405,441
2026-09-16 17:26:16.118646,442
2026-09-16 17:26:16.122934,443
2026-09-16 17:26:16.130805,444
2026-09-16 17:26:16.135376,447
2026-09-16 17:26:16.139428,449
2026-09-16 17:26:16.143271,452
2026-09-16 17:26:16.151286,455
2026-09-16 17:26:16.155427,457
2026-09-16 17:26:16.159473,460
2026-09-16 17:26:16.163598,463
2026-09-16 17:26:16.171792,466
2026-09-16 17:26:16.175899,469
2026-09-16 17:26:16.180009,473
2026-09-16 17:26:16.188216,476
2026-09-16 17:26:16.192273,479
2026-09-16 17:26:16.196468,482
2026-09-16 17:26:16.200458,486
2026-09-16 17:26:16.208687,489
2026-09-16 17:26:16.212749,493
2026-09-16 17:26:16.216858,496
2026-09-16 17:26:16.220966,500
2026-09-16 17:26:16.229141,503
2026-09-16 17:26:16.233256,507
2026-09-16 17:26:16.237594,511
2026-09-16 17:26:16.245516,514
2026-09-16 17:26:16.249641,518
2026-09-16 17:26:16.253745,522
2026-09-16 17:26:16.257851,525
2026-09-16 17:26:16.265986,529
2026-09-16 17:26:16.270114,533
2026-09-16 17:26:16.274238,536
2026-09-16 17:26:16.278347,540
2026-09-16 17:26:16.286462,543
2026-09-16 17:26:16.290668,547
2026-09-16 17:26:16.294693,550
2026-09-16 17:26:16.302849,554
2026-09-16 17:26:16.306999,557
2026-09-16 17:26:16.311077,560
2026-09-16 17:26:16.315214,563
2026-09-16 17:26:16.323472,567
2026-09-16 17:26:16.327456,570
2026-09-16 17:26:16.331564,573
2026-09-16 17:26:16.335673,576
2026-09-16 17:26:16.343892,578
2026-09-16 17:26:16.347917,581
2026-09-16 17:26:16.352060,584
2026-09-16 17:26:16.356147,586
2026-09-16 17:26:16.364296,589
2026-09-16 17:26:16.368483,591
2026-09-16 17:26:16.372632,593
2026-09-16 17:26:16.380692,596
2026-09-16 17:26:16.384809,598
2026-09-16 17:26:16.388915,600
2026-09-16 17:26:16.392999,601
2026-09-16 17:26:16.401160,603
2026-09-16 17:26:16.405533,605
2026-09-16 17:26:16.409417,606
2026-09-16 17:26:16.413505,607
2026-09-16 17:26:16.421731,608
2026-09-16 17:26:16.425844,610
2026-09-16 17:26:16.429833,611
2026-09-16 17:26:16.438293,612
2026-09-16 17:26:16.442253,611
2026-09-16 17:26:16.446250,610
2026-09-16 17:26:16.450513,609
2026-09-16 17:26:16.458568,608
2026-09-16 17:26:16.462620,607
2026-09-16 17:26:16.466756,606
2026-09-16 17:26:16.471124,605
2026-09-16 17:26:16.478986,604
2026-09-16 17:26:16.483150,603
2026-09-16 17:26:16.487463,602
2026-09-16 17:26:16.491321,601
2026-09-16 17:26:16.499511,600
2026-09-16 17:26:16.503615,599
2026-09-16 17:26:16.507723,598
2026-09-16 17:26:16.515874,597
2026-09-16 17:26:16.520274,596
2026-09-16 17:26:16.524376,595
2026-09-16 17:26:16.528214,594
2026-09-16 17:26:16.536485,593
2026-09-16 17:26:16.540531,592
2026-09-16 17:26:16.544578,591
2026-09-16 17:26:16.548704,590
2026-09-16 17:26:16.556897,589
2026-09-16 17:26:16.560940,588
2026-09-16 17:26:16.565077,586
2026-09-16 17:26:16.573501,584
2026-09-16 17:26:16.577327,581
2026-09-16 17:26:16.581451,579
2026-09-16 17:26:16.585629,576
2026-09-16 17:26:16.593712,573
2026-09-16 17:26:16.597801,570
2026-09-16 17:26:16.601997,567
2026-09-16 17:26:16.606111,564
2026-09-16 17:26:16.614179,561
2026-09-16 17:26:16.618617,558
2026-09-16 17:26:16.622536,555
2026-09-16 17:26:16.630519,551
2026-09-16 17:26:16.634933,548
2026-09-16 17:26:16.638799,545
2026-09-16 17:26:16.642873,541
2026-09-16 17:26:16.651049,538
2026-09-16 17:26:16.655181,534
2026-09-16 17:26:16.659273,531
2026-09-16 17:26:16.663404,527
2026-09-16 17:26:16.671527,523
2026-09-16 17:26:16.675628,520
2026-09-16 17:26:16.679738,516
2026-09-16 17:26:16.684369,513
2026-09-16 17:26:16.692043,509
2026-09-16 17:26:16.696203,506
2026-09-16 17:26:16.700268,502
2026-09-16 17:26:16.708467,498
2026-09-16 17:26:16.712518,495
2026-09-16 17:26:16.716742,491
2026-09-16 17:26:16.721001,488
2026-09-16 17:26:16.728872,485
2026-09-16 17:26:16.733005,481
2026-09-16 17:26:16.737116,478
2026-09-16 17:26:16.741326,475
2026-09-16 17:26:16.749423,472
2026-09-16 17:26:16.753863,468
2026-09-16 17:26:16.757672,465
2026-09-16 17:26:16.765727,462
2026-09-16 17:26:16.769853,460
2026-09-16 17:26:16.773956,457
2026-09-16 17:26:16.778072,454
2026-09-16 17:26:16.786279,451
2026-09-16 17:26:16.790418,449
2026-09-16 17:26:16.794457,446
2026-09-16 17:26:16.798558,444
2026-09-16 17:26:16.806764,442
2026-09-16 17:26:16.810834,440
2026-09-16 17:26:16.814944,438
2026-09-16 17:26:16.819044,436
2026-09-16 17:26:16.827302,434
2026-09-16 17:26:16.831316,432
2026-09-16 17:26:16.835511,431
2026-09-16 17:26:16.843565,429
2026-09-16 17:26:16.847682,428
2026-09-16 17:26:16.851800,427
2026-09-16 17:26:16.855983,426
2026-09-16 17:26:16.864044,425
2026-09-16 17:26:16.868183,424
2026-09-16 17:26:16.872373,423
2026-09-16 17:26:16.876459,424
2026-09-16 17:26:16.884539,425
2026-09-16 17:26:16.888650,426
2026-09-16 17:26:16.892926,427
2026-09-16 17:26:16.900927,428
2026-09-16 17:26:16.905132,429
2026-09-16 17:26:16.909135,430
2026-09-16 17:26:16.913265,431
2026-09-16 17:26:16.921680,432
2026-09-16 17:26:16.925607,433
2026-09-16 17:26:16.929626,434
2026-09-16 17:26:16.933734,435
2026-09-16 17:26:16.941916,436
2026-09-16 17:26:16.945993,437
2026-09-16 17:26:16.950128,438
2026-09-16 17:26:16.958331,439
2026-09-16 17:26:16.962442,440
2026-09-16 17:26:16.966504,441
2026-09-16 17:26:16.970963,442
2026-09-16 17:26:16.978757,443
2026-09-16 17:26:16.982969,444
2026-09-16 17:26:16.987278,445
2026-09-16 17:26:16.991250,446
2026-09-16 17:26:16.999444,447
2026-09-16 17:26:17.003364,450
2026-09-16 17:26:17.007452,452
2026-09-16 17:26:17.011577,455
2026-09-16 17:26:17.019796,458
2026-09-16 17:26:17.024241,460
2026-09-16 17:26:17.027954,463
2026-09-16 17:26:17.036362,466
2026-09-16 17:26:17.040325,469
2026-09-16 17:26:17.044328,472
2026-09-16 17:26:17.048478,475
2026-09-16 17:26:17.056853,479
2026-09-16 17:26:17.060716,482
2026-09-16 17:26:17.064820,485
2026-09-16 17:26:17.068931,489
2026-09-16 17:26:17.077064,492
2026-09-16 17:26:17.081199,495
2026-09-16 17:26:17.085317,499
2026-09-16 17:26:17.093500,502
2026-09-16 17:26:17.097549,506
2026-09-16 17:26:17.101756,510
2026-09-16 17:26:17.105882,513
2026-09-16 17:26:17.113925,517
2026-09-16 17:26:17.118120,520
2026-09-16 17:26:17.122423,524
2026-09-16 17:26:17.126271,527
2026-09-16 17:26:17.134479,531
2026-09-16 17:26:17.138601,534
2026-09-16 17:26:17.142693,538
2026-09-16 17:26:17.146744,541
2026-09-16 17:26:17.154992,545
2026-09-16 17:26:17.159093,548
2026-09-16 17:26:17.163128,551
2026-09-16 17:26:17.171363,554
2026-09-16 17:26:17.175405,558
2026-09-16 17:26:17.179484,561
2026-09-16 17:26:17.183614,564
2026-09-16 17:26:17.191792,567
2026-09-16 17:26:17.195880,570
2026-09-16 17:26:17.200009,573
2026-09-16 17:26:17.204372,576
2026-09-16 17:26:17.212241,578
2026-09-16 17:26:17.216383,581
2026-09-16 17:26:17.220627,583
2026-09-16 17:26:17.228622,586
2026-09-16 17:26:17.232745,588
2026-09-16 17:26:17.236844,590
2026-09-16 17:26:17.241406,592
2026-09-16 17:26:17.249107,594
2026-09-16 17:26:17.253308,596
2026-09-16 17:26:17.257417,598
2026-09-16 17:26:17.261481,600
2026-09-16 17:26:17.269862,601
2026-09-16 17:26:17.273784,603
2026-09-16 17:26:17.277812,604
2026-09-16 17:26:17.285961,605
2026-09-16 17:26:17.290133,606
2026-09-16 17:26:17.294346,607
2026-09-16 17:26:17.298376,608
2026-09-16 17:26:17.306513,609
2026-09-16 17:26:17.310575,608
2026-09-16 17:26:17.314670,607
2026-09-16 17:26:17.318884,606
2026-09-16 17:26:17.326932,605
2026-09-16 17:26:17.331100,604
2026-09-16 17:26:17.335155,603
2026-09-16 17:26:17.339591,602
2026-09-16 17:26:17.347444,601
2026-09-16 17:26:17.351551,600
2026-09-16 17:26:17.355744,599
2026-09-16 17:26:17.363790,598
2026-09-16 17:26:17.367917,597
2026-09-16 17:26:17.372024,596
2026-09-16 17:26:17.376135,595
2026-09-16 17:26:17.384346,594
2026-09-16 17:26:17.388430,593
2026-09-16 17:26:17.392808,592
2026-09-16 17:26:17.396611,591
2026-09-16 17:26:17.404801,590
2026-09-16 17:26:17.408903,589
2026-09-16 17:26:17.413023,588
2026-09-16 17:26:17.421247,587
2026-09-16 17:26:17.425279,586
2026-09-16 17:26:17.429680,584
2026-09-16 17:26:17.433510,582
2026-09-16 17:26:17.441695,580
2026-09-16 17:26:17.445742,577
2026-09-16 17:26:17.449875,574
2026-09-16 17:26:17.454064,572
2026-09-16 17:26:17.462091,569
2026-09-16 17:26:17.466252,566
2026-09-16 17:26:17.470600,563
2026-09-16 17:26:17.478500,560
2026-09-16 17:26:17.482617,557
2026-09-16 17:26:17.486807,554
2026-09-16 17:26:17.490942,550
2026-09-16 17:26:17.498997,547
2026-09-16 17:26:17.503392,544
2026-09-16 17:26:17.507335,541
2026-09-16 17:26:17.511346,537
2026-09-16 17:26:17.519838,534
2026-09-16 17:26:17.523927,530
2026-09-16 17:26:17.527703,527
2026-09-16 17:26:17.531837,523
2026-09-16 17:26:17.540062,520
2026-09-16 17:26:17.544089,516
2026-09-16 17:26:17.548214,513
2026-09-16 17:26:17.556412,509
2026-09-16 17:26:17.560451,506
2026-09-16 17:26:17.564569,502
2026-09-16 17:26:17.568751,499
2026-09-16 17:26:17.576841,496
2026-09-16 17:26:17.580943,492
2026-09-16 17:26:17.585341,489
2026-09-16 17:26:17.589204,486
2026-09-16 17:26:17.597296,482
2026-09-16 17:26:17.601517,479
2026-09-16 17:26:17.605622,476
2026-09-16 17:26:17.613669,473
2026-09-16 17:26:17.617791,470
2026-09-16 17:26:17.622031,467
2026-09-16 17:26:17.626020,464
2026-09-16 17:26:17.634198,461
2026-09-16 17:26:17.638382,458
2026-09-16 17:26:17.642439,456
2026-09-16 17:26:17.646521,453
2026-09-16 17:26:17.654907,451
2026-09-16 17:26:17.658851,448
2026-09-16 17:26:17.662868,446
2026-09-16 17:26:17.667330,444
2026-09-16 17:26:17.675302,442
2026-09-16 17:26:17.679250,440
2026-09-16 17:26:17.683364,438
2026-09-16 17:26:17.691572,436
2026-09-16 17:26:17.695612,435
2026-09-16 17:26:17.699735,433
2026-09-16 17:26:17.703951,432
2026-09-16 17:26:17.712030,430
2026-09-16 17:26:17.716125,429
2026-09-16 17:26:17.720335,428
2026-09-16 17:26:17.724432,427
2026-09-16 17:26:17.732475,426
2026-09-16 17:26:17.736856,427
2026-09-16 17:26:17.740811,428
2026-09-16 17:26:17.748863,429
2026-09-16 17:26:17.753355,430
2026-09-16 17:26:17.757221,431
2026-09-16 17:26:17.761208,432
2026-09-16 17:26:17.769567,433
2026-09-16 17:26:17.773604,434
2026-09-16 17:26:17.777566,435
2026-09-16 17:26:17.781680,436
2026-09-16 17:26:17.790106,437
2026-09-16 17:26:17.793935,438
2026-09-16 17:26:17.798051,439
2026-09-16 17:26:17.806459,440
2026-09-16 17:26:17.810306,441
2026-09-16 17:26:17.814451,442
2026-09-16 17:26:17.818620,443
2026-09-16 17:26:17.826784,444
2026-09-16 17:26:17.830762,445
2026-09-16 17:26:17.834976,446
2026-09-16 17:26:17.839322,447
2026-09-16 17:26:17.847194,448
2026-09-16 17:26:17.851303,449
2026-09-16 17:26:17.855539,450
2026-09-16 17:26:17.859488,451
2026-09-16 17:26:17.867719,453
2026-09-16 17:26:17.871856,455
2026-09-16 17:26:17.875915,458
2026-09-16 17:26:17.884092,460
2026-09-16 17:26:17.888272,463
2026-09-16 17:26:17.892247,466
2026-09-16 17:26:17.896729,469
2026-09-16 17:26:17.904518,472
2026-09-16 17:26:17.908629,475
2026-09-16 17:26:17.912733,478
2026-09-16 17:26:17.916860,481
2026-09-16 17:26:17.925043,484
2026-09-16 17:26:17.929095,487
2026-09-16 17:26:17.933232,491
2026-09-16 17:26:17.941458,494
2026-09-16 17:26:17.945516,497
2026-09-16 17:26:17.949615,501
2026-09-16 17:26:17.954039,504
2026-09-16 17:26:17.961847,508
2026-09-16 17:26:17.966045,511
2026-09-16 17:26:17.970207,514
2026-09-16 17:26:17.974295,518
2026-09-16 17:26:17.982410,521
2026-09-16 17:26:17.986542,525
2026-09-16 17:26:17.990640,528
2026-09-16 17:26:17.994706,532
2026-09-16 17:26:18.002864,535
2026-09-16 17:26:18.007053,538
2026-09-16 17:26:18.011077,542
2026-09-16 17:26:18.019321,545
2026-09-16 17:26:18.023426,548
2026-09-16 17:26:18.027462,552
2026-09-16 17:26:18.031553,555
2026-09-16 17:26:18.040158,558
2026-09-16 17:26:18.043783,561
2026-09-16 17:26:18.047937,564
2026-09-16 17:26:18.052145,567
2026-09-16 17:26:18.060189,570
2026-09-16 17:26:18.064303,572
2026-09-16 17:26:18.068614,575
2026-09-16 17:26:18.076565,578
2026-09-16 17:26:18.080673,580
2026-09-16 17:26:18.084905,583
2026-09-16 17:26:18.089289,585
2026-09-16 17:26:18.097056,587
2026-09-16 17:26:18.101248,589
2026-09-16 17:26:18.105423,591
2026-09-16 17:26:18.109464,593
2026-09-16 17:26:18.117525,595
2026-09-16 17:26:18.121736,597
2026-09-16 17:26:18.125885,598
2026-09-16 17:26:18.134353,600
2026-09-16 17:26:18.138323,601
2026-09-16 17:26:18.142220,603
2026-09-16 17:26:18.146258,604
2026-09-16 17:26:18.154737,605
2026-09-16 17:26:18.158584,606
2026-09-16 17:26:18.162987,607
2026-09-16 17:26:18.166775,606
2026-09-16 17:26:18.174930,605
2026-09-16 17:26:18.179038,604
2026-09-16 17:26:18.183113,603
2026-09-16 17:26:18.187474,602
2026-09-16 17:26:18.195439,601
2026-09-16 17:26:18.199478,600
2026-09-16 17:26:18.203657,599
2026-09-16 17:26:18.211778,598
2026-09-16 17:26:18.215896,597
2026-09-16 17:26:18.220337,596
2026-09-16 17:26:18.224137,595
2026-09-16 17:26:18.232231,594
2026-09-16 17:26:18.236589,593
2026-09-16 17:26:18.240577,592
2026-09-16 17:26:18.244563,591
2026-09-16 17:26:18.252956,590
2026-09-16 17:26:18.256919,589
2026-09-16 17:26:18.260923,588
2026-09-16 17:26:18.269354,587
2026-09-16 17:26:18.273328,586
2026-09-16 17:26:18.277317,585
2026-09-16 17:26:18.281471,584
2026-09-16 17:26:18.289865,583
2026-09-16 17:26:18.293698,582
2026-09-16 17:26:18.297815,580
2026-09-16 17:26:18.302201,577
2026-09-16 17:26:18.310103,575
2026-09-16 17:26:18.314202,572
2026-09-16 17:26:18.318370,570
2026-09-16 17:26:18.322523,567
2026-09-16 17:26:18.330567,564
2026-09-16 17:26:18.334735,561
2026-09-16 17:26:18.339019,558
2026-09-16 17:26:18.346908,555
2026-09-16 17:26:18.351323,552
2026-09-16 17:26:18.355256,549
2026-09-16 17:26:18.359274,546
2026-09-16 17:26:18.367552,543
2026-09-16 17:26:18.371862,539
2026-09-16 17:26:18.375643,536
2026-09-16 17:26:18.379736,533
2026-09-16 17:26:18.387965,529
2026-09-16 17:26:18.392076,526
2026-09-16 17:26:18.396121,523
2026-09-16 17:26:18.404349,519
2026-09-16 17:26:18.408734,516
2026-09-16 17:26:18.412468,512
2026-09-16 17:26:18.416616,509
2026-09-16 17:26:18.424801,506
2026-09-16 17:26:18.428871,502
2026-09-16 17:26:18.432996,499
2026-09-16 17:26:18.437093,496
2026-09-16 17:26:18.445276,492
2026-09-16 17:26:18.449348,489
2026-09-16 17:26:18.454092,486
2026-09-16 17:26:18.461626,483
2026-09-16 17:26:18.465757,479
2026-09-16 17:26:18.470215,476
2026-09-16 17:26:18.474022,473
2026-09-16 17:26:18.482103,470
2026-09-16 17:26:18.486239,468
2026-09-16 17:26:18.490331,465
2026-09-16 17:26:18.494476,462
2026-09-16 17:26:18.502593,459
2026-09-16 17:26:18.507142,457
2026-09-16 17:26:18.510800,454
2026-09-16 17:26:18.514927,452
2026-09-16 17:26:18.523201,450
2026-09-16 17:26:18.527222,448
2026-09-16 17:26:18.531337,445
2026-09-16 17:26:18.539554,443
2026-09-16 17:26:18.543582,442
2026-09-16 17:26:18.547685,440
2026-09-16 17:26:18.552297,438
2026-09-16 17:26:18.559930,437
2026-09-16 17:26:18.564342,435
2026-09-16 17:26:18.568289,434
2026-09-16 17:26:18.572395,433
2026-09-16 17:26:18.580775,431
2026-09-16 17:26:18.584625,430
2026-09-16 17:26:18.588896,429
2026-09-16 17:26:18.596802,428
2026-09-16 17:26:18.601025,429
2026-09-16 17:26:18.605302,430
2026-09-16 17:26:18.609143,431
2026-09-16 17:26:18.617357,432
2026-09-16 17:26:18.621549,433
2026-09-16 17:26:18.625592,434
2026-09-16 17:26:18.629602,435
2026-09-16 17:26:18.637839,436
2026-09-16 17:26:18.641857,437
2026-09-16 17:26:18.645985,438
2026-09-16 17:26:18.650110,439
2026-09-16 17:26:18.658552,440
2026-09-16 17:26:18.662376,441
2026-09-16 17:26:18.666487,442
2026-09-16 17:26:18.674599,443
2026-09-16 17:26:18.679019,444
2026-09-16 17:26:18.682877,445
2026-09-16 17:26:18.687342,446
2026-09-16 17:26:18.695352,447
2026-09-16 17:26:18.699270,448
2026-09-16 17:26:18.703407,449
2026-09-16 17:26:18.707556,450
2026-09-16 17:26:18.715616,451
2026-09-16 17:26:18.719729,452
2026-09-16 17:26:18.723852,453
2026-09-16 17:26:18.731999,454
2026-09-16 17:26:18.736224,457
2026-09-16 17:26:18.740429,459
2026-09-16 17:26:18.744341,462
2026-09-16 17:26:18.752473,464
2026-09-16 17:26:18.756895,467
2026-09-16 17:26:18.760736,470
2026-09-16 17:26:18.764820,473
2026-09-16 17:26:18.773303,476
2026-09-16 17:26:18.777069,479
2026-09-16 17:26:18.781260,482
2026-09-16 17:26:18.789385,485
2026-09-16 17:26:18.793449,488
2026-09-16 17:26:18.797564,491
2026-09-16 17:26:18.801674,494
2026-09-16 17:26:18.809817,498
2026-09-16 17:26:18.813942,501
2026-09-16 17:26:18.818041,504
2026-09-16 17:26:18.822186,508
2026-09-16 17:26:18.830305,511
2026-09-16 17:26:18.834438,514
2026-09-16 17:26:18.838633,518
2026-09-16 17:26:18.842735,521
2026-09-16 17:26:18.850775,524
2026-09-16 17:26:18.855009,528
2026-09-16 17:26:18.859093,531
2026-09-16 17:26:18.867184,534
2026-09-16 17:26:18.871576,538
2026-09-16 17:26:18.875446,541
2026-09-16 17:26:18.879503,544
2026-09-16 17:26:18.887661,547
2026-09-16 17:26:18.891841,550
2026-09-16 17:26:18.895887,554
2026-09-16 17:26:18.900002,557
2026-09-16 17:26:18.908104,559
2026-09-16 17:26:18.912239,562
2026-09-16 17:26:18.916339,565
2026-09-16 17:26:18.924548,568
2026-09-16 17:26:18.928637,571
2026-09-16 17:26:18.932718,573
2026-09-16 17:26:18.936854,576
2026-09-16 17:26:18.944982,578
2026-09-16 17:26:18.949124,581
2026-09-16 17:26:18.953713,583
2026-09-16 17:26:18.957435,585
2026-09-16 17:26:18.965506,587
2026-09-16 17:26:18.969579,589
2026-09-16 17:26:18.974069,591
2026-09-16 17:26:18.977812,593
2026-09-16 17:26:18.985994,594
2026-09-16 17:26:18.990404,596
2026-09-16 17:26:18.994212,597
2026-09-16 17:26:19.002740,598
2026-09-16 17:26:19.006539,600
2026-09-16 17:26:19.010562,601
2026-09-16 17:26:19.014702,602
2026-09-16 17:26:19.023088,603
2026-09-16 17:26:19.026940,604
2026-09-16 17:26:19.031063,603
2026-09-16 17:26:19.035158,602
2026-09-16 17:26:19.043381,601
2026-09-16 17:26:19.047468,600
2026-09-16 17:26:19.051547,599
2026-09-16 17:26:19.059696,598
2026-09-16 17:26:19.063808,597
2026-09-16 17:26:19.067912,596
2026-09-16 17:26:19.072334,595
2026-09-16 17:26:19.080151,594
2026-09-16 17:26:19.084315,593
2026-09-16 17:26:19.088604,592
2026-09-16 17:26:19.092495,591
2026-09-16 17:26:19.100643,590
2026-09-16 17:26:19.105007,589
2026-09-16 17:26:19.108872,588
2026-09-16 17:26:19.117117,587
2026-09-16 17:26:19.121177,586
2026-09-16 17:26:19.125259,585
2026-09-16 17:26:19.129386,584
2026-09-16 17:26:19.137589,583
2026-09-16 17:26:19.141717,582
2026-09-16 17:26:19.145766,581
2026-09-16 17:26:19.150393,580
2026-09-16 17:26:19.158141,579
2026-09-16 17:26:19.162137,577
2026-09-16 17:26:19.166249,575
2026-09-16 17:26:19.170437,573
2026-09-16 17:26:19.178467,570
2026-09-16 17:26:19.182621,567
2026-09-16 17:26:19.186981,565
2026-09-16 17:26:19.194853,562
2026-09-16 17:26:19.199009,559
2026-09-16 17:26:19.203109,556
2026-09-16 17:26:19.207313,553
2026-09-16 17:26:19.215437,550
2026-09-16 17:26:19.219463,547
2026-09-16 17:26:19.223605,544
2026-09-16 17:26:19.227686,541
2026-09-16 17:26:19.235901,538
2026-09-16 17:26:19.240316,534
2026-09-16 17:26:19.244082,531
2026-09-16 17:26:19.252355,528
2026-09-16 17:26:19.256595,525
2026-09-16 17:26:19.260488,521
2026-09-16 17:26:19.264573,518
2026-09-16 17:26:19.272960,515
2026-09-16 17:26:19.276855,511
2026-09-16 17:26:19.280942,508
2026-09-16 17:26:19.285051,505
2026-09-16 17:26:19.293242,501
2026-09-16 17:26:19.297305,498
2026-09-16 17:26:19.301623,495
2026-09-16 17:26:19.305633,492
2026-09-16 17:26:19.313709,489
2026-09-16 17:26:19.317810,486
2026-09-16 17:26:19.321991,482
2026-09-16 17:26:19.330067,479
2026-09-16 17:26:19.334223,477
2026-09-16 17:26:19.338385,474
2026-09-16 17:26:19.342358,471
2026-09-16 17:26:19.350591,468
2026-09-16 17:26:19.354929,465
2026-09-16 17:26:19.358761,463
2026-09-16 17:26:19.362872,460
2026-09-16 17:26:19.371076,458
2026-09-16 17:26:19.375256,455
2026-09-16 17:26:19.379284,453
2026-09-16 17:26:19.387465,451
2026-09-16 17:26:19.391595,449
2026-09-16 17:26:19.395640,447
2026-09-16 17:26:19.399752,445
2026-09-16 17:26:19.407957,443
2026-09-16 17:26:19.411970,441
2026-09-16 17:26:19.416126,440
2026-09-16 17:26:19.420247,438
2026-09-16 17:26:19.428412,437
2026-09-16 17:26:19.432482,436
2026-09-16 17:26:19.436607,434
2026-09-16 17:26:19.444724,433
2026-09-16 17:26:19.448883,432
2026-09-16 17:26:19.452992,431
2026-09-16 17:26:19.457364,432
2026-09-16 17:26:19.465234,433
2026-09-16 17:26:19.469346,434
2026-09-16 17:26:19.473519,435
2026-09-16 17:26:19.477765,436
2026-09-16 17:26:19.485709,437
2026-09-16 17:26:19.489857,438
2026-09-16 17:26:19.493939,439
2026-09-16 17:26:19.498060,440
2026-09-16 17:26:19.506438,441
2026-09-16 17:26:19.510302,442
2026-09-16 17:26:19.514484,443
2026-09-16 17:26:19.522649,444
2026-09-16 17:26:19.526681,445
2026-09-16 17:26:19.530808,446
2026-09-16 17:26:19.534910,447
2026-09-16 17:26:19.543120,448
2026-09-16 17:26:19.547195,449
2026-09-16 17:26:19.551559,450
2026-09-16 17:26:19.555483,451
2026-09-16 17:26:19.563554,452
2026-09-16 17:26:19.567932,453
2026-09-16 17:26:19.571896,454
2026-09-16 17:26:19.579888,455
2026-09-16 17:26:19.584072,456
2026-09-16 17:26:19.588311,457
2026-09-16 17:26:19.592278,458
2026-09-16 17:26:19.600437,460
2026-09-16 17:26:19.604626,463
2026-09-16 17:26:19.608623,465
2026-09-16 17:26:19.612739,468
2026-09-16 17:26:19.620903,471
2026-09-16 17:26:19.625046,473
2026-09-16 17:26:19.629087,476
2026-09-16 17:26:19.637490,479
2026-09-16 17:26:19.641438,482
2026-09-16 17:26:19.645466,485
2026-09-16 17:26:19.649620,488
2026-09-16 17:26:19.657842,491
2026-09-16 17:26:19.662237,494
2026-09-16 17:26:19.665991,497
2026-09-16 17:26:19.670367,501
2026-09-16 17:26:19.678223,504
2026-09-16 17:26:19.682348,507
2026-09-16 17:26:19.686554,510
2026-09-16 17:26:19.690655,514
2026-09-16 17:26:19.698763,517
2026-09-16 17:26:19.703115,520
2026-09-16 17:26:19.707056,523
2026-09-16 17:26:19.715107,527
2026-09-16 17:26:19.719248,530
2026-09-16 17:26:19.723597,533
2026-09-16 17:26:19.727492,536
2026-09-16 17:26:19.735796,539
2026-09-16 17:26:19.739967,543
2026-09-16 17:26:19.743808,546
2026-09-16 17:26:19.747926,549
2026-09-16 17:26:19.756142,552
2026-09-16 17:26:19.760197,555
2026-09-16 17:26:19.764305,558
2026-09-16 17:26:19.772527,561
2026-09-16 17:26:19.776575,563
2026-09-16 17:26:19.780692,566
2026-09-16 17:26:19.785044,569
2026-09-16 17:26:19.792935,571
2026-09-16 17:26:19.797061,574
2026-09-16 17:26:19.801453,576
2026-09-16 17:26:19.805331,579
2026-09-16 17:26:19.813419,581
2026-09-16 17:26:19.817625,583
2026-09-16 17:26:19.821902,585
2026-09-16 17:26:19.825756,587
2026-09-16 17:26:19.833992,589
2026-09-16 17:26:19.838030,591
2026-09-16 17:26:19.842135,592
2026-09-16 17:26:19.850361,594
2026-09-16 17:26:19.854536,595
2026-09-16 17:26:19.858556,596
2026-09-16 17:26:19.862615,598
2026-09-16 17:26:19.870859,599
2026-09-16 17:26:19.874936,600
2026-09-16 17:26:19.878974,601
2026-09-16 17:26:19.883212,602
2026-09-16 17:26:19.891483,601
2026-09-16 17:26:19.895378,600
2026-09-16 17:26:19.899496,599
2026-09-16 17:26:19.907623,598
2026-09-16 17:26:19.911798,597
2026-09-16 17:26:19.915869,596
2026-09-16 17:26:19.920274,595
2026-09-16 17:26:19.928147,594
2026-09-16 17:26:19.932255,593
2026-09-16 17:26:19.936343,592
2026-09-16 17:26:19.940444,591
2026-09-16 17:26:19.948592,590
2026-09-16 17:26:19.952717,589
2026-09-16 17:26:19.956875,588
2026-09-16 17:26:19.964989,587
2026-09-16 17:26:19.969093,586
2026-09-16 17:26:19.973642,585
2026-09-16 17:26:19.977523,584
2026-09-16 17:26:19.985585,583
2026-09-16 17:26:19.989666,582
2026-09-16 17:26:19.993696,581
2026-09-16 17:26:19.997818,580
2026-09-16 17:26:20.006064,579
2026-09-16 17:26:20.010064,578
2026-09-16 17:26:20.014202,577
2026-09-16 17:26:20.018287,576
2026-09-16 17:26:20.026446,575
2026-09-16 17:26:20.031034,572
2026-09-16 17:26:20.034772,570
2026-09-16 17:26:20.042858,567
2026-09-16 17:26:20.046916,565
2026-09-16 17:26:20.051331,562
2026-09-16 17:26:20.055418,559
2026-09-16 17:26:20.063300,557
2026-09-16 17:26:20.067554,554
2026-09-16 17:26:20.071609,551
2026-09-16 17:26:20.075706,548
2026-09-16 17:26:20.084102,545
2026-09-16 17:26:20.087973,542
2026-09-16 17:26:20.092106,539
2026-09-16 17:26:20.100267,535
2026-09-16 17:26:20.104376,532
2026-09-16 17:26:20.108472,529
2026-09-16 17:26:20.112496,526
2026-09-16 17:26:20.120680,523
2026-09-16 17:26:20.124826,520
2026-09-16 17:26:20.128840,516
2026-09-16 17:26:20.133073,513
2026-09-16 17:26:20.141198,510
2026-09-16 17:26:20.145231,507
2026-09-16 17:26:20.149368,503
2026-09-16 17:26:20.153889,500
2026-09-16 17:26:20.161659,497
2026-09-16 17:26:20.165840,494
2026-09-16 17:26:20.170286,491
2026-09-16 17:26:20.178001,488
2026-09-16 17:26:20.182383,485
2026-09-16 17:26:20.186319,482
2026-09-16 17:26:20.190418,479
2026-09-16 17:26:20.198524,476
2026-09-16 17:26:20.202698,473
2026-09-16 17:26:20.206773,471
2026-09-16 17:26:20.210825,468
2026-09-16 17:26:20.219229,465
2026-09-16 17:26:20.223348,463
2026-09-16 17:26:20.227216,460
2026-09-16 17:26:20.235544,458
2026-09-16 17:26:20.239780,456
2026-09-16 17:26:20.243571,454
2026-09-16 17:26:20.247682,452
2026-09-16 17:26:20.256213,450
2026-09-16 17:26:20.259932,448
2026-09-16 17:26:20.264050,446
2026-09-16 17:26:20.268429,444
2026-09-16 17:26:20.276343,442
2026-09-16 17:26:20.280511,441
2026-09-16 17:26:20.284680,440
2026-09-16 17:26:20.292739,438
2026-09-16 17:26:20.296807,437
2026-09-16 17:26:20.301359,436
2026-09-16 17:26:20.305117,435
2026-09-16 17:26:20.313193,434
2026-09-16 17:26:20.317547,433
2026-09-16 17:26:20.321620,434
2026-09-16 17:26:20.325571,435
2026-09-16 17:26:20.333717,436
2026-09-16 17:26:20.338029,437
2026-09-16 17:26:20.341898,438
2026-09-16 17:26:20.345997,439
2026-09-16 17:26:20.354372,440
2026-09-16 17:26:20.358337,441
2026-09-16 17:26:20.362361,442
2026-09-16 17:26:20.370594,443
2026-09-16 17:26:20.374688,444
2026-09-16 17:26:20.378748,445
2026-09-16 17:26:20.382968,446
2026-09-16 17:26:20.391045,447
2026-09-16 17:26:20.395248,448
2026-09-16 17:26:20.399252,449
2026-09-16 17:26:20.403608,450
2026-09-16 17:26:20.411565,451
2026-09-16 17:26:20.415606,452
2026-09-16 17:26:20.419958,453
2026-09-16 17:26:20.427836,454
2026-09-16 17:26:20.432260,455
2026-09-16 17:26:20.436191,456
2026-09-16 17:26:20.440217,457
2026-09-16 17:26:20.448466,458
2026-09-16 17:26:20.452495,459
2026-09-16 17:26:20.456656,461
2026-09-16 17:26:20.460683,463
2026-09-16 17:26:20.469071,466
2026-09-16 17:26:20.473042,468
2026-09-16 17:26:20.477066,471
2026-09-16 17:26:20.481196,473
2026-09-16 17:26:20.489419,476
2026-09-16 17:26:20.493483,479
2026-09-16 17:26:20.497568,482
2026-09-16 17:26:20.505807,485
2026-09-16 17:26:20.509819,488
2026-09-16 17:26:20.513940,491
2026-09-16 17:26:20.518330,494
2026-09-16 17:26:20.526205,497
2026-09-16 17:26:20.530354,500
2026-09-16 17:26:20.534687,503
2026-09-16 17:26:20.539073,506
2026-09-16 17:26:20.546664,509
2026-09-16 17:26:20.551068,512
2026-09-16 17:26:20.555128,515
2026-09-16 17:26:20.563047,519
2026-09-16 17:26:20.567162,522
2026-09-16 17:26:20.571380,525
2026-09-16 17:26:20.575387,528
2026-09-16 17:26:20.583761,531
2026-09-16 17:26:20.588046,534
2026-09-16 17:26:20.591735,538
2026-09-16 17:26:20.595856,541
2026-09-16 17:26:20.604116,544
2026-09-16 17:26:20.608133,547
2026-09-16 17:26:20.612263,550
2026-09-16 17:26:20.620542,553
2026-09-16 17:26:20.624583,555
2026-09-16 17:26:20.628606,558
2026-09-16 17:26:20.632778,561
2026-09-16 17:26:20.640935,564
2026-09-16 17:26:20.644990,566
2026-09-16 17:26:20.649377,569
2026-09-16 17:26:20.653339,571
2026-09-16 17:26:20.661366,574
2026-09-16 17:26:20.665483,576
2026-09-16 17:26:20.669589,578
2026-09-16 17:26:20.673771,580
2026-09-16 17:26:20.681848,582
2026-09-16 17:26:20.686276,584
2026-09-16 17:26:20.690196,586
2026-09-16 17:26:20.698236,588
2026-09-16 17:26:20.702426,589
2026-09-16 17:26:20.706564,591
2026-09-16 17:26:20.710551,592
2026-09-16 17:26:20.718832,594
2026-09-16 17:26:20.722918,595
2026-09-16 17:26:20.726945,596
2026-09-16 17:26:20.731056,597
2026-09-16 17:26:20.739441,598
2026-09-16 17:26:20.743308,599
2026-09-16 17:26:20.747496,600
2026-09-16 17:26:20.755834,599
2026-09-16 17:26:20.759691,598
2026-09-16 17:26:20.763822,597
2026-09-16 17:26:20.768333,596
2026-09-16 17:26:20.776104,595
2026-09-16 17:26:20.780197,594
2026-09-16 17:26:20.784310,593
2026-09-16 17:26:20.788621,592
2026-09-16 17:26:20.796547,591
2026-09-16 17:26:20.800668,590
2026-09-16 17:26:20.805070,589
2026-09-16 17:26:20.808894,588
2026-09-16 17:26:20.817061,587
2026-09-16 17:26:20.821289,586
2026-09-16 17:26:20.825362,585
2026-09-16 17:26:20.833456,584
2026-09-16 17:26:20.837565,583
2026-09-16 17:26:20.841628,582
2026-09-16 17:26:20.845745,581
2026-09-16 17:26:20.854311,580
2026-09-16 17:26:20.857998,579
2026-09-16 17:26:20.862133,578
2026-09-16 17:26:20.866257,577
2026-09-16 17:26:20.874498,576
2026-09-16 17:26:20.878463,575
2026-09-16 17:26:20.882626,574
2026-09-16 17:26:20.890793,573
2026-09-16 17:26:20.894871,570
2026-09-16 17:26:20.898991,568
2026-09-16 17:26:20.903094,565
2026-09-16 17:26:20.911298,563
2026-09-16 17:26:20.915352,560
2026-09-16 17:26:20.919589,557
2026-09-16 17:26:20.923576,555
2026-09-16 17:26:20.931711,552
2026-09-16 17:26:20.935840,549
2026-09-16 17:26:20.940047,546
2026-09-16 17:26:20.948105,543
2026-09-16 17:26:20.952496,540
2026-09-16 17:26:20.956414,537
2026-09-16 17:26:20.960543,534
2026-09-16 17:26:20.968679,531
2026-09-16 17:26:20.972948,528
2026-09-16 17:26:20.976825,525
2026-09-16 17:26:20.980927,522
2026-09-16 17:26:20.989138,518
2026-09-16 17:26:20.993202,515
2026-09-16 17:26:20.997313,512
2026-09-16 17:26:21.001594,509
2026-09-16 17:26:21.009620,506
2026-09-16 17:26:21.013699,503
2026-09-16 17:26:21.017887,500
2026-09-16 17:26:21.025989,497
2026-09-16 17:26:21.030061,494
2026-09-16 17:26:21.034446,491
2026-09-16 17:26:21.038355,488
2026-09-16 17:26:21.046460,485
2026-09-16 17:26:21.051125,482
2026-09-16 17:26:21.054893,479
2026-09-16 17:26:21.058757,476
2026-09-16 17:26:21.066892,474
2026-09-16 17:26:21.071312,471
2026-09-16 17:26:21.075128,469
2026-09-16 17:26:21.083286,466
2026-09-16 17:26:21.087764,464
2026-09-16 17:26:21.091580,461
2026-09-16 17:26:21.095651,459
2026-09-16 17:26:21.104049,457
2026-09-16 17:26:21.107975,455
2026-09-16 17:26:21.111998,453
2026-09-16 17:26:21.116110,451
2026-09-16 17:26:21.124327,449
2026-09-16 17:26:21.128384,448
2026-09-16 17:26:21.132488,446
2026-09-16 17:26:21.136670,445
2026-09-16 17:26:21.144735,443
2026-09-16 17:26:21.148878,442
2026-09-16 17:26:21.153059,441
2026-09-16 17:26:21.161119,440
2026-09-16 17:26:21.165247,439
2026-09-16 17:26:21.169413,438
2026-09-16 17:26:21.173572,437
2026-09-16 17:26:21.181606,436
2026-09-16 17:26:21.185825,437
2026-09-16 17:26:21.190234,438
2026-09-16 17:26:21.193942,439
2026-09-16 17:26:21.202208,440
2026-09-16 17:26:21.206337,441
2026-09-16 17:26:21.210459,442
2026-09-16 17:26:21.218577,443
2026-09-16 17:26:21.222826,444
2026-09-16 17:26:21.226694,445
2026-09-16 17:26:21.230807,446
2026-09-16 17:26:21.239024,447
2026-09-16 17:26:21.243062,448
2026-09-16 17:26:21.247212,449
2026-09-16 17:26:21.251578,450
2026-09-16 17:26:21.259489,451
2026-09-16 17:26:21.263564,452
2026-09-16 17:26:21.267729,453
2026-09-16 17:26:21.275852,454
2026-09-16 17:26:21.279947,455
2026-09-16 17:26:21.284046,456
2026-09-16 17:26:21.288430,457
2026-09-16 17:26:21.296306,458
2026-09-16 17:26:21.300849,459
2026-09-16 17:26:21.304601,460
2026-09-16 17:26:21.308679,461
2026-09-16 17:26:21.317030,462
2026-09-16 17:26:21.321328,464
2026-09-16 17:26:21.324991,466
2026-09-16 17:26:21.329134,469
2026-09-16 17:26:21.337512,471
2026-09-16 17:26:21.341451,474
2026-09-16 17:26:21.345499,477
2026-09-16 17:26:21.353904,479
2026-09-16 17:26:21.357766,482
2026-09-16 17:26:21.361881,485
2026-09-16 17:26:21.365988,488
2026-09-16 17:26:21.374224,490
2026-09-16 17:26:21.378452,493
2026-09-16 17:26:21.382417,496
2026-09-16 17:26:21.386617,499
2026-09-16 17:26:21.394633,502
2026-09-16 17:26:21.398728,505
2026-09-16 17:26:21.403115,509
2026-09-16 17:26:21.410990,512
2026-09-16 17:26:21.415117,515
2026-09-16 17:26:21.419327,518
2026-09-16 17:26:21.423419,521
2026-09-16 17:26:21.431489,524
2026-09-16 17:26:21.435843,527
2026-09-16 17:26:21.439949,530
2026-09-16 17:26:21.443811,533
2026-09-16 17:26:21.452055,536
2026-09-16 17:26:21.456482,539
2026-09-16 17:26:21.460442,542
2026-09-16 17:26:21.468389,545
2026-09-16 17:26:21.472560,548
2026-09-16 17:26:21.476571,551
2026-09-16 17:26:21.480672,554
2026-09-16 17:26:21.489074,556
2026-09-16 17:26:21.492948,559
2026-09-16 17:26:21.497065,562
2026-09-16 17:26:21.501284,564
2026-09-16 17:26:21.509321,567
2026-09-16 17:26:21.513493,569
2026-09-16 17:26:21.517631,571
2026-09-16 17:26:21.521913,574
2026-09-16 17:26:21.529784,576
2026-09-16 17:26:21.534245,578
2026-09-16 17:26:21.538150,580
2026-09-16 17:26:21.546183,582
2026-09-16 17:26:21.550293,584
2026-09-16 17:26:21.554675,585
2026-09-16 17:26:21.558491,587
2026-09-16 17:26:21.566725,589
2026-09-16 17:26:21.571070,590
2026-09-16 17:26:21.574880,591
2026-09-16 17:26:21.579004,593
2026-09-16 17:26:21.587236,594
2026-09-16 17:26:21.591260,595
2026-09-16 17:26:21.595374,596
2026-09-16 17:26:21.603733,597
2026-09-16 17:26:21.607634,598
2026-09-16 17:26:21.611745,597
2026-09-16 17:26:21.615878,596
2026-09-16 17:26:21.624066,595
2026-09-16 17:26:21.628099,594
2026-09-16 17:26:21.632232,593
2026-09-16 17:26:21.636362,592
2026-09-16 17:26:21.644484,591
2026-09-16 17:26:21.648590,590
2026-09-16 17:26:21.652701,589
2026-09-16 17:26:21.656908,588
2026-09-16 17:26:21.664985,587
2026-09-16 17:26:21.669087,586
2026-09-16 17:26:21.673217,585
2026-09-16 17:26:21.681324,584
2026-09-16 17:26:21.685467,583
2026-09-16 17:26:21.689554,582
2026-09-16 17:26:21.693684,581
2026-09-16 17:26:21.701896,580
2026-09-16 17:26:21.705913,579
2026-09-16 17:26:21.710037,578
2026-09-16 17:26:21.714195,577
2026-09-16 17:26:21.722399,576
2026-09-16 17:26:21.726489,575
2026-09-16 17:26:21.730563,574
2026-09-16 17:26:21.738787,573
2026-09-16 17:26:21.742829,572
2026-09-16 17:26:21.746935,571
2026-09-16 17:26:21.751114,569
2026-09-16 17:26:21.759200,567
2026-09-16 17:26:21.763315,564
2026-09-16 17:26:21.767398,562
2026-09-16 17:26:21.771841,559
2026-09-16 17:26:21.779653,557
2026-09-16 17:26:21.783773,554
2026-09-16 17:26:21.787875,551
2026-09-16 17:26:21.796016,549
2026-09-16 17:26:21.800139,546
2026-09-16 17:26:21.804273,543
2026-09-16 17:26:21.808389,540
2026-09-16 17:26:21.816515,537
2026-09-16 17:26:21.820652,534
2026-09-16 17:26:21.824781,531
2026-09-16 17:26:21.828871,528
2026-09-16 17:26:21.837095,525
2026-09-16 17:26:21.841157,522
2026-09-16 17:26:21.845249,519
2026-09-16 17:26:21.849552,516
2026-09-16 17:26:21.857494,513
2026-09-16 17:26:21.861608,510
2026-09-16 17:26:21.865740,507
2026-09-16 17:26:21.873948,504
2026-09-16 17:26:21.877974,501
2026-09-16 17:26:21.882140,498
2026-09-16 17:26:21.886204,495
2026-09-16 17:26:21.894324,492
2026-09-16 17:26:21.898508,489
2026-09-16 17:26:21.902603,486
2026-09-16 17:26:21.906700,483
2026-09-16 17:26:21.914830,481
2026-09-16 17:26:21.918974,478
2026-09-16 17:26:21.923049,475
2026-09-16 17:26:21.931249,473
2026-09-16 17:26:21.935322,470
2026-09-16 17:26:21.939595,468
2026-09-16 17:26:21.943587,466
2026-09-16 17:26:21.951974,463
2026-09-16 17:26:21.955787,461
2026-09-16 17:26:21.959899,459
2026-09-16 17:26:21.964032,457
2026-09-16 17:26:21.972767,455
2026-09-16 17:26:21.976285,453
2026-09-16 17:26:21.980471,451
2026-09-16 17:26:21.984549,450
2026-09-16 17:26:21.992688,448
2026-09-16 17:26:21.996800,447
2026-09-16 17:26:22.000928,445
2026-09-16 17:26:22.009070,444
2026-09-16 17:26:22.013199,443
2026-09-16 17:26:22.017278,442
2026-09-16 17:26:22.021376,441
2026-09-16 17:26:22.029537,440
2026-09-16 17:26:22.033666,439
2026-09-16 17:26:22.037757,440
2026-09-16 17:26:22.041866,441
2026-09-16 17:26:22.050034,442
2026-09-16 17:26:22.054247,443
2026-09-16 17:26:22.058267,444
2026-09-16 17:26:22.066442,445
2026-09-16 17:26:22.070499,446
2026-09-16 17:26:22.074652,447
2026-09-16 17:26:22.078763,448
2026-09-16 17:26:22.086900,449
2026-09-16 17:26:22.091001,450
2026-09-16 17:26:22.095125,451
2026-09-16 17:26:22.099249,452
2026-09-16 17:26:22.107462,453
2026-09-16 17:26:22.111506,454
2026-09-16 17:26:22.115578,455
2026-09-16 17:26:22.123727,456
2026-09-16 17:26:22.127907,457
2026-09-16 17:26:22.131997,458
2026-09-16 17:26:22.136122,459
2026-09-16 17:26:22.144222,460
2026-09-16 17:26:22.148349,461
2026-09-16 17:26:22.152526,462
2026-09-16 17:26:22.156564,463
2026-09-16 17:26:22.164732,464
2026-09-16 17:26:22.168813,465
2026-09-16 17:26:22.172950,466
2026-09-16 17:26:22.177071,467
2026-09-16 17:26:22.185214,469
2026-09-16 17:26:22.189331,471
2026-09-16 17:26:22.193680,473
2026-09-16 17:26:22.201607,476
2026-09-16 17:26:22.205700,478
2026-09-16 17:26:22.209840,481
2026-09-16 17:26:22.213947,484
2026-09-16 17:26:22.222125,486
2026-09-16 17:26:22.226247,489
2026-09-16 17:26:22.230323,492
2026-09-16 17:26:22.234507,495
2026-09-16 17:26:22.242570,498
2026-09-16 17:26:22.246644,501
2026-09-16 17:26:22.250757,504
2026-09-16 17:26:22.258906,507
2026-09-16 17:26:22.263079,510
2026-09-16 17:26:22.267203,512
2026-09-16 17:26:22.271521,515
2026-09-16 17:26:22.279484,518
2026-09-16 17:26:22.283525,522
2026-09-16 17:26:22.287648,525
2026-09-16 17:26:22.291739,528
2026-09-16 17:26:22.299884,530
2026-09-16 17:26:22.304002,533
2026-09-16 17:26:22.308132,536
2026-09-16 17:26:22.312298,539
2026-09-16 17:26:22.320465,542
2026-09-16 17:26:22.324603,545
2026-09-16 17:26:22.328735,548
2026-09-16 17:26:22.336821,551
2026-09-16 17:26:22.340980,553
2026-09-16 17:26:22.345158,556
2026-09-16 17:26:22.349138,559
2026-09-16 17:26:22.357298,561
2026-09-16 17:26:22.361418,564
2026-09-16 17:26:22.365518,566
2026-09-16 17:26:22.369609,568
2026-09-16 17:26:22.377742,571
2026-09-16 17:26:22.381858,573
2026-09-16 17:26:22.385986,575
2026-09-16 17:26:22.394180,577
2026-09-16 17:26:22.398245,579
2026-09-16 17:26:22.402371,581
2026-09-16 17:26:22.406531,583
2026-09-16 17:26:22.414588,584
2026-09-16 17:26:22.418723,586
2026-09-16 17:26:22.422823,587
2026-09-16 17:26:22.426984,589
2026-09-16 17:26:22.435078,590
2026-09-16 17:26:22.439480,591
2026-09-16 17:26:22.443319,592
2026-09-16 17:26:22.451470,593
2026-09-16 17:26:22.455571,594
2026-09-16 17:26:22.459713,595
2026-09-16 17:26:22.463817,596
2026-09-16 17:26:22.472432,595
2026-09-16 17:26:22.476071,594
2026-09-16 17:26:22.480196,593
2026-09-16 17:26:22.484332,592
2026-09-16 17:26:22.492483,591
2026-09-16 17:26:22.496557,590
2026-09-16 17:26:22.500719,589
2026-09-16 17:26:22.504798,588
2026-09-16 17:26:22.512902,587
2026-09-16 17:26:22.517073,586
2026-09-16 17:26:22.521283,585
2026-09-16 17:26:22.529329,584
2026-09-16 17:26:22.533519,583
2026-09-16 17:26:22.537554,582
2026-09-16 17:26:22.541738,581
2026-09-16 17:26:22.549803,580
2026-09-16 17:26:22.554002,579
2026-09-16 17:26:22.558044,578
2026-09-16 17:26:22.562114,577
2026-09-16 17:26:22.570280,576
2026-09-16 17:26:22.574387,575
2026-09-16 17:26:22.578522,574
2026-09-16 17:26:22.587221,573
2026-09-16 17:26:22.590828,572
2026-09-16 17:26:22.594905,571
2026-09-16 17:26:22.599017,570
2026-09-16 17:26:22.607131,569
2026-09-16 17:26:22.611267,568
2026-09-16 17:26:22.615389,565
2026-09-16 17:26:22.619557,563
2026-09-16 17:26:22.627631,561
2026-09-16 17:26:22.631730,558
2026-09-16 17:26:22.635864,556
2026-09-16 17:26:22.639968,553
2026-09-16 17:26:22.648133,550
2026-09-16 17:26:22.652505,548
2026-09-16 17:26:22.656345,545
2026-09-16 17:26:22.664475,542
2026-09-16 17:26:22.668622,539
2026-09-16 17:26:22.672797,536
2026-09-16 17:26:22.676828,534
2026-09-16 17:26:22.685262,531
2026-09-16 17:26:22.689381,528
2026-09-16 17:26:22.693194,525
2026-09-16 17:26:22.697301,522
2026-09-16 17:26:22.705848,519
2026-09-16 17:26:22.709551,516
2026-09-16 17:26:22.713689,513
2026-09-16 17:26:22.721841,510
2026-09-16 17:26:22.725949,507
2026-09-16 17:26:22.730049,504
2026-09-16 17:26:22.734271,501
2026-09-16 17:26:22.742322,498
2026-09-16 17:26:22.746489,495
2026-09-16 17:26:22.750937,493
2026-09-16 17:26:22.754696,490
2026-09-16 17:26:22.762800,487
2026-09-16 17:26:22.766912,484
2026-09-16 17:26:22.771024,482
2026-09-16 17:26:22.779198,479
2026-09-16 17:26:22.783301,477
2026-09-16 17:26:22.787461,474
2026-09-16 17:26:22.791544,472
2026-09-16 17:26:22.799651,469
2026-09-16 17:26:22.803770,467
2026-09-16 17:26:22.807903,465
2026-09-16 17:26:22.811991,463
2026-09-16 17:26:22.820246,461
2026-09-16 17:26:22.824269,459
2026-09-16 17:26:22.828352,457
2026-09-16 17:26:22.832517,455
2026-09-16 17:26:22.840711,453
2026-09-16 17:26:22.844788,452
2026-09-16 17:26:22.848890,450
2026-09-16 17:26:22.857051,449
2026-09-16 17:26:22.861225,447
2026-09-16 17:26:22.865266,446
2026-09-16 17:26:22.869606,445
2026-09-16 17:26:22.877489,444
2026-09-16 17:26:22.881635,443
2026-09-16 17:26:22.885735,442
2026-09-16 17:26:22.889845,441
2026-09-16 17:26:22.897998,442
2026-09-16 17:26:22.902110,443
2026-09-16 17:26:22.906347,444
2026-09-16 17:26:22.914409,445
2026-09-16 17:26:22.918555,446
2026-09-16 17:26:22.922684,447
2026-09-16 17:26:22.926718,448
2026-09-16 17:26:22.935100,449
2026-09-16 17:26:22.939091,450
2026-09-16 17:26:22.943068,451
2026-09-16 17:26:22.947218,452
2026-09-16 17:26:22.955419,453
2026-09-16 17:26:22.959523,454
2026-09-16 17:26:22.963569,455
2026-09-16 17:26:22.967686,456
2026-09-16 17:26:22.975897,457
2026-09-16 17:26:22.979954,458
2026-09-16 17:26:22.984059,459
2026-09-16 17:26:22.992216,460
2026-09-16 17:26:22.996317,461
2026-09-16 17:26:23.000429,462
2026-09-16 17:26:23.004561,463
2026-09-16 17:26:23.012684,464
2026-09-16 17:26:23.016794,465
2026-09-16 17:26:23.021212,466
2026-09-16 17:26:23.025019,467
2026-09-16 17:26:23.033161,468
2026-09-16 17:26:23.037554,469
2026-09-16 17:26:23.041392,470
2026-09-16 17:26:23.049564,472
2026-09-16 17:26:23.053766,475
2026-09-16 17:26:23.057759,477
2026-09-16 17:26:23.061894,480
2026-09-16 17:26:23.070093,482
2026-09-16 17:26:23.074146,485
2026-09-16 17:26:23.078256,488
2026-09-16 17:26:23.082377,490
2026-09-16 17:26:23.090500,493
2026-09-16 17:26:23.094644,496
2026-09-16 17:26:23.098756,499
2026-09-16 17:26:23.106931,501
2026-09-16 17:26:23.111038,504
2026-09-16 17:26:23.115113,507
2026-09-16 17:26:23.119337,510
2026-09-16 17:26:23.127375,513
2026-09-16 17:26:23.131530,516
2026-09-16 17:26:23.135725,519
2026-09-16 17:26:23.139697,522
2026-09-16 17:26:23.147882,525
2026-09-16 17:26:23.152260,527
2026-09-16 17:26:23.156195,530
2026-09-16 17:26:23.160213,533
2026-09-16 17:26:23.168773,536
2026-09-16 17:26:23.172827,539
2026-09-16 17:26:23.177119,542
2026-09-16 17:26:23.184807,545
2026-09-16 17:26:23.189122,547
2026-09-16 17:26:23.192962,550
2026-09-16 17:26:23.197085,553
2026-09-16 17:26:23.205439,555
2026-09-16 17:26:23.209326,558
2026-09-16 17:26:23.213441,560
2026-09-16 17:26:23.217600,563
2026-09-16 17:26:23.225731,565
2026-09-16 17:26:23.229827,567
2026-09-16 17:26:23.234020,569
2026-09-16 17:26:23.242085,572
2026-09-16 17:26:23.246425,574
2026-09-16 17:26:23.250317,576
2026-09-16 17:26:23.254498,577
2026-09-16 17:26:23.262578,579
2026-09-16 17:26:23.266943,581
2026-09-16 17:26:23.270794,583
2026-09-16 17:26:23.274896,584
2026-09-16 17:26:23.283045,586
2026-09-16 17:26:23.287276,587
2026-09-16 17:26:23.291279,588
2026-09-16 17:26:23.299835,589
2026-09-16 17:26:23.303553,590
2026-09-16 17:26:23.307751,591
2026-09-16 17:26:23.311783,592
2026-09-16 17:26:23.319987,593
2026-09-16 17:26:23.323990,594
2026-09-16 17:26:23.328184,593
2026-09-16 17:26:23.332594,592
2026-09-16 17:26:23.340387,591
2026-09-16 17:26:23.344907,590
2026-09-16 17:26:23.348610,589
2026-09-16 17:26:23.352819,588
2026-09-16 17:26:23.360831,587
2026-09-16 17:26:23.365030,586
2026-09-16 17:26:23.369259,585
2026-09-16 17:26:23.377219,584
2026-09-16 17:26:23.381634,583
2026-09-16 17:26:23.385619,582
2026-09-16 17:26:23.389606,581
2026-09-16 17:26:23.397758,580
2026-09-16 17:26:23.402327,579
2026-09-16 17:26:23.405969,578
2026-09-16 17:26:23.410067,577
2026-09-16 17:26:23.418499,576
2026-09-16 17:26:23.422328,575
2026-09-16 17:26:23.426435,574
2026-09-16 17:26:23.434871,573
2026-09-16 17:26:23.438822,572
2026-09-16 17:26:23.442854,571
2026-09-16 17:26:23.446960,570
2026-09-16 17:26:23.455128,569
2026-09-16 17:26:23.459236,568
2026-09-16 17:26:23.463332,567
2026-09-16 17:26:23.467394,566
2026-09-16 17:26:23.475590,564
2026-09-16 17:26:23.479702,561
2026-09-16 17:26:23.483922,559
2026-09-16 17:26:23.488208,557
2026-09-16 17:26:23.496084,554
2026-09-16 17:26:23.500290,552
2026-09-16 17:26:23.504409,549
2026-09-16 17:26:23.512506,546
2026-09-16 17:26:23.516551,544
2026-09-16 17:26:23.520677,541
2026-09-16 17:26:23.524785,538
2026-09-16 17:26:23.533213,536
2026-09-16 17:26:23.537148,533
2026-09-16 17:26:23.541136,530
2026-09-16 17:26:23.545287,527
2026-09-16 17:26:23.553467,524
2026-09-16 17:26:23.557629,521
2026-09-16 17:26:23.561773,518
2026-09-16 17:26:23.570035,516
2026-09-16 17:26:23.573895,513
2026-09-16 17:26:23.578022,510
2026-09-16 17:26:23.582142,507
2026-09-16 17:26:23.590262,504
2026-09-16 17:26:23.594365,501
2026-09-16 17:26:23.598975,498
2026-09-16 17:26:23.602697,496
2026-09-16 17:26:23.610748,493
2026-09-16 17:26:23.614972,490
2026-09-16 17:26:23.619272,488
2026-09-16 17:26:23.627153,485
2026-09-16 17:26:23.631284,482
2026-09-16 17:26:23.635371,480
2026-09-16 17:26:23.639616,477
2026-09-16 17:26:23.647622,475
2026-09-16 17:26:23.651780,473
2026-09-16 17:26:23.655939,470
2026-09-16 17:26:23.659948,468
2026-09-16 17:26:23.668104,466
2026-09-16 17:26:23.672341,464
2026-09-16 17:26:23.676355,462
2026-09-16 17:26:23.680444,460
2026-09-16 17:26:23.688771,458
2026-09-16 17:26:23.692736,457
2026-09-16 17:26:23.696838,455
2026-09-16 17:26:23.705053,453
2026-09-16 17:26:23.709098,452
2026-09-16 17:26:23.713227,451
2026-09-16 17:26:23.717320,449
2026-09-16 17:26:23.725511,448
2026-09-16 17:26:23.729565,447
2026-09-16 17:26:23.733686,446
2026-09-16 17:26:23.737795,445
2026-09-16 17:26:23.745946,444
2026-09-16 17:26:23.750054,443
2026-09-16 17:26:23.754433,444
2026-09-16 17:26:23.762347,445
2026-09-16 17:26:23.766440,446
2026-09-16 17:26:23.770906,447
2026-09-16 17:26:23.774647,448
2026-09-16 17:26:23.782802,449
2026-09-16 17:26:23.787321,450
2026-09-16 17:26:23.791022,451
2026-09-16 17:26:23.795149,452
2026-09-16 17:26:23.803361,453
2026-09-16 17:26:23.807407,454
2026-09-16 17:26:23.811547,455
2026-09-16 17:26:23.815630,456
2026-09-16 17:26:23.823769,457
2026-09-16 17:26:23.827886,458
2026-09-16 17:26:23.832011,459
2026-09-16 17:26:23.840234,460
2026-09-16 17:26:23.844256,461
2026-09-16 17:26:23.848382,462
2026-09-16 17:26:23.852559,463
2026-09-16 17:26:23.860674,464
2026-09-16 17:26:23.864759,465
2026-09-16 17:26:23.869334,466
2026-09-16 17:26:23.872965,467
2026-09-16 17:26:23.881111,468
2026-09-16 17:26:23.885504,469
2026-09-16 17:26:23.889437,470
2026-09-16 17:26:23.897504,471
2026-09-16 17:26:23.901625,472
2026-09-16 17:26:23.905801,473
2026-09-16 17:26:23.909818,475
2026-09-16 17:26:23.917962,478
2026-09-16 17:26:23.922186,480
2026-09-16 17:26:23.926205,483
2026-09-16 17:26:23.930300,485
2026-09-16 17:26:23.938519,488
2026-09-16 17:26:23.942591,490
2026-09-16 17:26:23.946696,493
2026-09-16 17:26:23.954901,496
2026-09-16 17:26:23.958955,499
2026-09-16 17:26:23.963075,501
2026-09-16 17:26:23.967236,504
2026-09-16 17:26:23.975358,507
2026-09-16 17:26:23.979389,510
2026-09-16 17:26:23.983538,513
2026-09-16 17:26:23.987651,515
2026-09-16 17:26:23.995780,518
2026-09-16 17:26:23.999907,521
2026-09-16 17:26:24.004122,524
2026-09-16 17:26:24.008143,527
2026-09-16 17:26:24.016292,530
2026-09-16 17:26:24.020442,532
2026-09-16 17:26:24.024546,535
2026-09-16 17:26:24.032664,538
2026-09-16 17:26:24.037035,541
2026-09-16 17:26:24.040913,543
2026-09-16 17:26:24.044989,546
2026-09-16 17:26:24.053441,548
2026-09-16 17:26:24.057384,551
2026-09-16 17:26:24.061414,554
2026-09-16 17:26:24.065551,556
2026-09-16 17:26:24.073664,558
2026-09-16 17:26:24.077716,561
2026-09-16 17:26:24.081843,563
2026-09-16 17:26:24.090054,565
2026-09-16 17:26:24.094119,567
2026-09-16 17:26:24.098260,569
2026-09-16 17:26:24.102446,571
2026-09-16 17:26:24.110533,573
2026-09-16 17:26:24.114624,575
2026-09-16 17:26:24.118935,577
2026-09-16 17:26:24.122896,579
2026-09-16 17:26:24.130989,580
2026-09-16 17:26:24.135386,582
2026-09-16 17:26:24.139214,583
2026-09-16 17:26:24.143337,584
2026-09-16 17:26:24.151541,585
2026-09-16 17:26:24.155601,587
2026-09-16 17:26:24.159714,588
2026-09-16 17:26:24.167854,589
2026-09-16 17:26:24.171987,590
2026-09-16 17:26:24.176070,591
2026-09-16 17:26:24.180221,590
2026-09-16 17:26:24.188415,589
2026-09-16 17:26:24.192535,588
2026-09-16 17:26:24.196582,587
2026-09-16 17:26:24.200689,586
2026-09-16 17:26:24.208865,585
2026-09-16 17:26:24.212944,584
2026-09-16 17:26:24.217063,583
2026-09-16 17:26:24.225222,582
2026-09-16 17:26:24.229300,581
2026-09-16 17:26:24.233392,580
2026-09-16 17:26:24.237542,579
2026-09-16 17:26:24.245660,578
2026-09-16 17:26:24.249787,577
2026-09-16 17:26:24.253907,576
2026-09-16 17:26:24.258037,575
2026-09-16 17:26:24.266439,574
2026-09-16 17:26:24.270382,573
2026-09-16 17:26:24.274483,572
2026-09-16 17:26:24.282807,571
2026-09-16 17:26:24.286948,570
2026-09-16 17:26:24.290766,569
2026-09-16 17:26:24.294905,568
2026-09-16 17:26:24.303142,567
2026-09-16 17:26:24.307158,566
2026-09-16 17:26:24.311261,565
2026-09-16 17:26:24.315464,564
2026-09-16 17:26:24.323568,563
2026-09-16 17:26:24.327607,562
2026-09-16 17:26:24.331990,561
2026-09-16 17:26:24.336333,560
2026-09-16 17:26:24.344007,557
2026-09-16 17:26:24.348128,555
2026-09-16 17:26:24.352494,553
2026-09-16 17:26:24.360372,550
2026-09-16 17:26:24.364532,548
2026-09-16 17:26:24.368874,545
2026-09-16 17:26:24.372781,542
2026-09-16 17:26:24.380863,540
2026-09-16 17:26:24.385268,537
2026-09-16 17:26:24.389220,534
2026-09-16 17:26:24.393250,532
2026-09-16 17:26:24.401379,529
2026-09-16 17:26:24.405585,526
2026-09-16 17:26:24.409587,523
2026-09-16 17:26:24.417802,521
2026-09-16 17:26:24.422253,518
2026-09-16 17:26:24.425954,515
2026-09-16 17:26:24.430080,512
2026-09-16 17:26:24.438269,509
2026-09-16 17:26:24.442338,507
2026-09-16 17:26:24.446432,504
2026-09-16 17:26:24.450876,501
2026-09-16 17:26:24.458733,498
2026-09-16 17:26:24.462805,496
2026-09-16 17:26:24.467346,493
2026-09-16 17:26:24.471358,490
2026-09-16 17:26:24.479212,488
2026-09-16 17:26:24.483534,485
2026-09-16 17:26:24.487450,483
2026-09-16 17:26:24.495562,480
2026-09-16 17:26:24.499928,478
2026-09-16 17:26:24.504037,476
2026-09-16 17:26:24.507897,473
2026-09-16 17:26:24.516038,471
2026-09-16 17:26:24.520253,469
2026-09-16 17:26:24.524277,467
2026-09-16 17:26:24.528383,465
2026-09-16 17:26:24.536767,463
2026-09-16 17:26:24.540623,461
2026-09-16 17:26:24.544748,460
2026-09-16 17:26:24.553154,458
2026-09-16 17:26:24.557081,456
2026-09-16 17:26:24.561126,455
2026-09-16 17:26:24.565269,453
2026-09-16 17:26:24.573471,452
2026-09-16 17:26:24.577530,451
2026-09-16 17:26:24.581939,450
2026-09-16 17:26:24.585979,449
2026-09-16 17:26:24.593847,448
2026-09-16 17:26:24.598295,447
2026-09-16 17:26:24.602201,446
2026-09-16 17:26:24.610607,445
2026-09-16 17:26:24.614406,446
2026-09-16 17:26:24.618618,447
2026-09-16 17:26:24.622656,448
2026-09-16 17:26:24.630763,449
2026-09-16 17:26:24.634885,450
2026-09-16 17:26:24.638994,451
2026-09-16 17:26:24.643119,452
2026-09-16 17:26:24.651581,453
2026-09-16 17:26:24.655419,454
2026-09-16 17:26:24.659450,455
2026-09-16 17:26:24.663572,456
2026-09-16 17:26:24.671762,457
2026-09-16 17:26:24.675849,458
2026-09-16 17:26:24.679952,459
2026-09-16 17:26:24.688363,460
2026-09-16 17:26:24.692202,461
2026-09-16 17:26:24.696298,462
2026-09-16 17:26:24.700763,463
2026-09-16 17:26:24.708615,464
2026-09-16 17:26:24.712671,465
2026-09-16 17:26:24.717061,466
2026-09-16 17:26:24.721190,467
2026-09-16 17:26:24.729033,468
2026-09-16 17:26:24.733421,469
2026-09-16 17:26:24.737345,470
2026-09-16 17:26:24.745486,471
2026-09-16 17:26:24.749619,472
2026-09-16 17:26:24.753664,473
2026-09-16 17:26:24.757748,474
2026-09-16 17:26:24.765984,475
2026-09-16 17:26:24.770134,477
2026-09-16 17:26:24.774142,479
2026-09-16 17:26:24.778243,482
2026-09-16 17:26:24.786553,484
2026-09-16 17:26:24.790607,487
2026-09-16 17:26:24.794638,489
2026-09-16 17:26:24.803189,492
2026-09-16 17:26:24.806885,494
2026-09-16 17:26:24.810991,497
2026-09-16 17:26:24.815116,500
2026-09-16 17:26:24.823284,502
2026-09-16 17:26:24.827400,505
2026-09-16 17:26:24.831548,508
2026-09-16 17:26:24.835631,511
2026-09-16 17:26:24.843720,513
2026-09-16 17:26:24.847858,516
2026-09-16 17:26:24.851971,519
2026-09-16 17:26:24.856161,522
2026-09-16 17:26:24.864229,524
2026-09-16 17:26:24.868596,527
2026-09-16 17:26:24.872449,530
2026-09-16 17:26:24.880625,533
2026-09-16 17:26:24.884995,535
2026-09-16 17:26:24.889493,538
2026-09-16 17:26:24.892920,541
2026-09-16 17:26:24.901158,543
2026-09-16 17:26:24.905314,546
2026-09-16 17:26:24.909335,548
2026-09-16 17:26:24.913448,551
2026-09-16 17:26:24.921686,553
2026-09-16 17:26:24.925687,555
2026-09-16 17:26:24.929769,558
2026-09-16 17:26:24.938295,560
2026-09-16 17:26:24.942075,562
2026-09-16 17:26:24.946211,564
2026-09-16 17:26:24.950555,566
2026-09-16 17:26:24.958484,568
2026-09-16 17:26:24.962560,570
2026-09-16 17:26:24.966995,572
2026-09-16 17:26:24.971024,574
2026-09-16 17:26:24.978930,576
2026-09-16 17:26:24.983101,577
2026-09-16 17:26:24.987424,579
2026-09-16 17:26:24.991283,580
2026-09-16 17:26:24.999402,581
2026-09-16 17:26:25.003863,583
2026-09-16 17:26:25.007647,584
2026-09-16 17:26:25.016113,585
2026-09-16 17:26:25.020401,586
2026-09-16 17:26:25.024016,587
2026-09-16 17:26:25.028127,588
2026-09-16 17:26:25.036348,589
2026-09-16 17:26:25.040432,588
2026-09-16 17:26:25.044541,587
2026-09-16 17:26:25.048899,586
2026-09-16 17:26:25.056824,585
2026-09-16 17:26:25.060867,584
2026-09-16 17:26:25.064994,583
2026-09-16 17:26:25.073235,582
2026-09-16 17:26:25.077282,581
2026-09-16 17:26:25.081585,580
2026-09-16 17:26:25.085638,579
2026-09-16 17:26:25.093583,578
2026-09-16 17:26:25.097752,577
2026-09-16 17:26:25.102146,576
2026-09-16 17:26:25.106000,575
2026-09-16 17:26:25.114085,574
2026-09-16 17:26:25.118518,573
2026-09-16 17:26:25.122407,572
2026-09-16 17:26:25.130512,571
2026-09-16 17:26:25.134674,570
2026-09-16 17:26:25.138910,569
2026-09-16 17:26:25.142811,568
2026-09-16 17:26:25.151249,567
2026-09-16 17:26:25.155142,566
2026-09-16 17:26:25.159191,565
2026-09-16 17:26:25.163294,564
2026-09-16 17:26:25.171937,563
2026-09-16 17:26:25.175549,562
2026-09-16 17:26:25.179674,561
2026-09-16 17:26:25.183901,560
2026-09-16 17:26:25.191959,559
2026-09-16 17:26:25.196055,558
2026-09-16 17:26:25.200309,555
2026-09-16 17:26:25.208324,553
2026-09-16 17:26:25.212435,551
2026-09-16 17:26:25.216732,548
2026-09-16 17:26:25.220740,546
2026-09-16 17:26:25.228796,543
2026-09-16 17:26:25.233193,541
2026-09-16 17:26:25.237045,538
2026-09-16 17:26:25.241137,536
2026-09-16 17:26:25.249367,533
2026-09-16 17:26:25.253457,530
2026-09-16 17:26:25.257526,528
2026-09-16 17:26:25.265772,525
2026-09-16 17:26:25.270098,522
2026-09-16 17:26:25.273906,520
2026-09-16 17:26:25.278016,517
2026-09-16 17:26:25.286404,514
2026-09-16 17:26:25.290309,511
2026-09-16 17:26:25.294415,509
2026-09-16 17:26:25.298929,506
2026-09-16 17:26:25.306735,503
2026-09-16 17:26:25.310834,501
2026-09-16 17:26:25.314858,498
2026-09-16 17:26:25.319291,495
2026-09-16 17:26:25.327112,493
2026-09-16 17:26:25.331278,490
2026-09-16 17:26:25.335430,488
2026-09-16 17:26:25.343573,485
2026-09-16 17:26:25.347638,483
2026-09-16 17:26:25.351829,481
2026-09-16 17:26:25.355948,478
2026-09-16 17:26:25.364322,476
2026-09-16 17:26:25.368354,474
2026-09-16 17:26:25.372239,472
2026-09-16 17:26:25.376313,470
2026-09-16 17:26:25.384843,468
2026-09-16 17:26:25.388642,466
2026-09-16 17:26:25.392698,464
2026-09-16 17:26:25.401197,462
2026-09-16 17:26:25.405288,461
2026-09-16 17:26:25.409070,459
2026-09-16 17:26:25.413247,458
2026-09-16 17:26:25.421397,456
2026-09-16 17:26:25.425547,455
2026-09-16 17:26:25.429595,454
2026-09-16 17:26:25.433946,452
2026-09-16 17:26:25.441881,451
2026-09-16 17:26:25.445965,450
2026-09-16 17:26:25.450344,449
2026-09-16 17:26:25.458229,448
2026-09-16 17:26:25.462333,447
2026-09-16 17:26:25.466462,448
2026-09-16 17:26:25.470848,449
2026-09-16 17:26:25.478946,450
2026-09-16 17:26:25.483077,451
2026-09-16 17:26:25.487326,452
2026-09-16 17:26:25.491029,453
2026-09-16 17:26:25.499273,454
2026-09-16 17:26:25.503375,455
2026-09-16 17:26:25.507364,456
2026-09-16 17:26:25.511556,457
2026-09-16 17:26:25.519917,458
2026-09-16 17:26:25.523789,459
2026-09-16 17:26:25.527866,460
2026-09-16 17:26:25.536086,461
2026-09-16 17:26:25.540129,462
2026-09-16 17:26:25.544275,463
2026-09-16 17:26:25.548446,464
2026-09-16 17:26:25.556552,465
2026-09-16 17:26:25.560606,466
2026-09-16 17:26:25.565012,467
2026-09-16 17:26:25.569125,468
2026-09-16 17:26:25.576996,469
2026-09-16 17:26:25.581122,470
2026-09-16 17:26:25.585463,471
2026-09-16 17:26:25.593370,472
2026-09-16 17:26:25.597562,473
2026-09-16 17:26:25.601672,474
2026-09-16 17:26:25.605804,475
2026-09-16 17:26:25.613864,476
2026-09-16 17:26:25.618309,477
2026-09-16 17:26:25.622224,478
2026-09-16 17:26:25.626221,479
2026-09-16 17:26:25.634577,481
2026-09-16 17:26:25.638615,484
2026-09-16 17:26:25.642550,486
2026-09-16 17:26:25.646688,489
2026-09-16 17:26:25.655113,491
2026-09-16 17:26:25.658946,494
2026-09-16 17:26:25.663132,496
2026-09-16 17:26:25.671602,499
2026-09-16 17:26:25.675327,501
2026-09-16 17:26:25.679442,504
2026-09-16 17:26:25.683974,506
2026-09-16 17:26:25.691693,509
2026-09-16 17:26:25.695871,512
2026-09-16 17:26:25.700009,514
2026-09-16 17:26:25.704330,517
2026-09-16 17:26:25.712192,520
2026-09-16 17:26:25.716722,522
2026-09-16 17:26:25.720491,525
2026-09-16 17:26:25.728561,528
2026-09-16 17:26:25.733020,530
2026-09-16 17:26:25.736882,533
2026-09-16 17:26:25.740873,536
2026-09-16 17:26:25.749315,538
2026-09-16 17:26:25.753277,541
2026-09-16 17:26:25.757284,543
2026-09-16 17:26:25.761359,546
2026-09-16 17:26:25.769607,548
2026-09-16 17:26:25.773606,551
2026-09-16 17:26:25.777724,553
2026-09-16 17:26:25.785992,555
2026-09-16 17:26:25.790058,557
2026-09-16 17:26:25.794119,560
2026-09-16 17:26:25.798260,562
2026-09-16 17:26:25.806463,564
2026-09-16 17:26:25.810528,566
2026-09-16 17:26:25.814644,568
2026-09-16 17:26:25.818731,569
2026-09-16 17:26:25.826967,571
2026-09-16 17:26:25.831124,573
2026-09-16 17:26:25.835237,574
2026-09-16 17:26:25.839328,576
2026-09-16 17:26:25.847369,577
2026-09-16 17:26:25.851651,579
2026-09-16 17:26:25.855687,580
2026-09-16 17:26:25.863747,581
2026-09-16 17:26:25.867953,582
2026-09-16 17:26:25.871973,583
2026-09-16 17:26:25.876248,584
2026-09-16 17:26:25.884331,585
2026-09-16 17:26:25.888331,586
2026-09-16 17:26:25.892425,585
2026-09-16 17:26:25.896568,584
2026-09-16 17:26:25.904772,583
2026-09-16 17:26:25.908798,582
2026-09-16 17:26:25.912907,581
2026-09-16 17:26:25.921371,580
2026-09-16 17:26:25.925219,579
2026-09-16 17:26:25.929339,578
2026-09-16 17:26:25.933383,577
2026-09-16 17:26:25.941607,576
2026-09-16 17:26:25.945689,575
2026-09-16 17:26:25.949878,574
2026-09-16 17:26:25.954316,573
2026-09-16 17:26:25.962048,572
2026-09-16 17:26:25.966435,571
2026-09-16 17:26:25.970548,570
2026-09-16 17:26:25.974379,569
2026-09-16 17:26:25.982904,568
2026-09-16 17:26:25.986912,567
2026-09-16 17:26:25.990753,566
2026-09-16 17:26:25.998919,565
2026-09-16 17:26:26.003330,564
2026-09-16 17:26:26.007155,563
2026-09-16 17:26:26.011284,562
2026-09-16 17:26:26.019474,561
2026-09-16 17:26:26.023541,560
2026-09-16 17:26:26.027637,559
2026-09-16 17:26:26.031737,558
2026-09-16 17:26:26.039931,557
2026-09-16 17:26:26.044002,556
2026-09-16 17:26:26.048143,555
2026-09-16 17:26:26.056348,554
2026-09-16 17:26:26.060367,553
2026-09-16 17:26:26.064578,550
2026-09-16 17:26:26.068626,548
2026-09-16 17:26:26.076732,546
2026-09-16 17:26:26.080886,543
2026-09-16 17:26:26.084992,541
2026-09-16 17:26:26.089224,538
2026-09-16 17:26:26.097247,536
2026-09-16 17:26:26.101345,533
2026-09-16 17:26:26.105447,531
2026-09-16 17:26:26.113629,528
2026-09-16 17:26:26.117743,525
2026-09-16 17:26:26.121959,523
2026-09-16 17:26:26.125970,520
2026-09-16 17:26:26.134205,518
2026-09-16 17:26:26.138236,515
2026-09-16 17:26:26.142335,512
2026-09-16 17:26:26.146428,510
2026-09-16 17:26:26.154670,507
2026-09-16 17:26:26.158675,504
2026-09-16 17:26:26.162824,502
2026-09-16 17:26:26.166931,499
2026-09-16 17:26:26.175066,497
2026-09-16 17:26:26.179222,494
2026-09-16 17:26:26.183394,492
2026-09-16 17:26:26.191575,489
2026-09-16 17:26:26.195585,487
2026-09-16 17:26:26.199706,485
2026-09-16 17:26:26.203808,482
2026-09-16 17:26:26.211953,480
2026-09-16 17:26:26.216058,478
2026-09-16 17:26:26.220431,476
2026-09-16 17:26:26.224356,474
2026-09-16 17:26:26.232401,471
2026-09-16 17:26:26.236538,470
2026-09-16 17:26:26.240640,468
2026-09-16 17:26:26.248788,466
2026-09-16 17:26:26.253210,464
2026-09-16 17:26:26.257021,462
2026-09-16 17:26:26.261138,461
2026-09-16 17:26:26.269346,459
2026-09-16 17:26:26.273410,458
2026-09-16 17:26:26.277560,457
2026-09-16 17:26:26.281607,455
2026-09-16 17:26:26.289815,454
2026-09-16 17:26:26.293844,453
2026-09-16 17:26:26.297984,452
2026-09-16 17:26:26.302264,451
2026-09-16 17:26:26.310260,450
2026-09-16 17:26:26.314378,449
2026-09-16 17:26:26.318530,448
2026-09-16 17:26:26.326586,449
2026-09-16 17:26:26.330749,450
2026-09-16 17:26:26.334860,451
2026-09-16 17:26:26.339007,452
2026-09-16 17:26:26.347109,453
2026-09-16 17:26:26.351346,454
2026-09-16 17:26:26.355432,455
2026-09-16 17:26:26.359427,456
2026-09-16 17:26:26.367692,457
2026-09-16 17:26:26.371779,458
2026-09-16 17:26:26.375915,459
2026-09-16 17:26:26.383961,460
2026-09-16 17:26:26.388107,461
2026-09-16 17:26:26.392241,462
2026-09-16 17:26:26.396368,463
2026-09-16 17:26:26.404525,464
2026-09-16 17:26:26.408597,465
2026-09-16 17:26:26.412656,466
2026-09-16 17:26:26.416797,467
2026-09-16 17:26:26.424899,468
2026-09-16 17:26:26.429074,469
2026-09-16 17:26:26.433438,470
2026-09-16 17:26:26.441385,471
2026-09-16 17:26:26.445488,472
2026-09-16 17:26:26.449605,473
2026-09-16 17:26:26.453741,474
2026-09-16 17:26:26.461809,475
2026-09-16 17:26:26.466000,476
2026-09-16 17:26:26.470339,477
2026-09-16 17:26:26.474134,478
2026-09-16 17:26:26.482293,479
2026-09-16 17:26:26.486631,480
2026-09-16 17:26:26.490563,483
2026-09-16 17:26:26.494612,485
2026-09-16 17:26:26.502820,487
2026-09-16 17:26:26.506909,490
2026-09-16 17:26:26.510980,492
2026-09-16 17:26:26.519296,494
2026-09-16 17:26:26.523272,497
2026-09-16 17:26:26.527349,499
2026-09-16 17:26:26.531570,502
2026-09-16 17:26:26.539659,505
2026-09-16 17:26:26.543762,507
2026-09-16 17:26:26.547868,510
2026-09-16 17:26:26.552057,512
2026-09-16 17:26:26.560123,515
2026-09-16 17:26:26.564249,517
2026-09-16 17:26:26.568570,520
2026-09-16 17:26:26.576486,523
2026-09-16 17:26:26.580622,525
2026-09-16 17:26:26.584978,528
2026-09-16 17:26:26.588898,530
2026-09-16 17:26:26.596988,533
2026-09-16 17:26:26.601199,535
2026-09-16 17:26:26.605453,538
2026-09-16 17:26:26.609342,540
2026-09-16 17:26:26.617518,543
2026-09-16 17:26:26.621661,545
2026-09-16 17:26:26.625692,547
2026-09-16 17:26:26.629825,550
2026-09-16 17:26:26.638096,552
2026-09-16 17:26:26.642072,554
2026-09-16 17:26:26.646219,556
2026-09-16 17:26:26.654401,558
2026-09-16 17:26:26.658456,560
2026-09-16 17:26:26.662566,562
2026-09-16 17:26:26.666713,564
2026-09-16 17:26:26.674814,566
2026-09-16 17:26:26.678949,568
2026-09-16 17:26:26.683042,569
2026-09-16 17:26:26.687631,571
2026-09-16 17:26:26.695314,572
2026-09-16 17:26:26.699438,574
2026-09-16 17:26:26.703677,575
2026-09-16 17:26:26.711667,576
2026-09-16 17:26:26.715794,578
2026-09-16 17:26:26.720208,579
2026-09-16 17:26:26.724025,580
2026-09-16 17:26:26.732181,581
2026-09-16 17:26:26.736362,582
2026-09-16 17:26:26.740374,583
2026-09-16 17:26:26.744562,582
2026-09-16 17:26:26.752747,581
2026-09-16 17:26:26.756744,580
2026-09-16 17:26:26.760864,579
2026-09-16 17:26:26.769278,578
2026-09-16 17:26:26.773145,577
2026-09-16 17:26:26.777267,576
2026-09-16 17:26:26.781447,575
2026-09-16 17:26:26.789675,574
2026-09-16 17:26:26.793628,573
2026-09-16 17:26:26.797743,572
2026-09-16 17:26:26.801847,571
2026-09-16 17:26:26.809949,570
2026-09-16 17:26:26.814116,569
2026-09-16 17:26:26.818242,568
2026-09-16 17:26:26.822331,567
2026-09-16 17:26:26.830528,566
2026-09-16 17:26:26.834609,565
2026-09-16 17:26:26.838788,564
2026-09-16 17:26:26.846844,563
2026-09-16 17:26:26.850976,562
2026-09-16 17:26:26.855337,561
2026-09-16 17:26:26.859209,560
2026-09-16 17:26:26.867583,559
2026-09-16 17:26:26.871529,558
2026-09-16 17:26:26.875615,557
2026-09-16 17:26:26.879667,556
2026-09-16 17:26:26.887911,555
2026-09-16 17:26:26.891916,554
2026-09-16 17:26:26.896052,553
2026-09-16 17:26:26.904278,552
2026-09-16 17:26:26.908333,551
2026-09-16 17:26:26.912436,550
2026-09-16 17:26:26.916573,549
2026-09-16 17:26:26.924684,547
2026-09-16 17:26:26.928811,545
2026-09-16 17:26:26.932911,542
2026-09-16 17:26:26.937128,540
2026-09-16 17:26:26.945160,537
2026-09-16 17:26:26.949292,535
2026-09-16 17:26:26.953619,533
2026-09-16 17:26:26.961561,530
2026-09-16 17:26:26.965670,528
2026-09-16 17:26:26.970049,525
2026-09-16 17:26:26.973881,523
2026-09-16 17:26:26.982129,520
2026-09-16 17:26:26.986437,517
2026-09-16 17:26:26.990374,515
2026-09-16 17:26:26.994371,512
2026-09-16 17:26:27.002786,510
2026-09-16 17:26:27.006645,507
2026-09-16 17:26:27.010747,505
2026-09-16 17:26:27.014870,502
2026-09-16 17:26:27.023382,500
2026-09-16 17:26:27.027139,497
2026-09-16 17:26:27.031260,495
2026-09-16 17:26:27.039352,492
2026-09-16 17:26:27.043569,490
2026-09-16 17:26:27.047608,488
2026-09-16 17:26:27.051731,485
2026-09-16 17:26:27.059898,483
2026-09-16 17:26:27.064010,481
2026-09-16 17:26:27.068228,479
2026-09-16 17:26:27.072299,477
2026-09-16 17:26:27.080376,475
2026-09-16 17:26:27.084889,473
2026-09-16 17:26:27.088640,471
2026-09-16 17:26:27.096757,469
2026-09-16 17:26:27.101126,467
2026-09-16 17:26:27.105065,465
2026-09-16 17:26:27.109097,464
2026-09-16 17:26:27.117469,462
2026-09-16 17:26:27.121380,461
2026-09-16 17:26:27.125456,459
2026-09-16 17:26:27.129589,458
2026-09-16 17:26:27.137795,457
2026-09-16 17:26:27.141812,456
2026-09-16 17:26:27.145913,454
2026-09-16 17:26:27.150082,453
2026-09-16 17:26:27.158279,452
2026-09-16 17:26:27.162401,451
2026-09-16 17:26:27.166639,450
2026-09-16 17:26:27.174558,451
2026-09-16 17:26:27.178694,452
2026-09-16 17:26:27.182792,453
2026-09-16 17:26:27.186984,454
2026-09-16 17:26:27.195071,455
2026-09-16 17:26:27.199577,456
2026-09-16 17:26:27.203410,457
2026-09-16 17:26:27.207381,458
2026-09-16 17:26:27.215523,459
2026-09-16 17:26:27.219947,460
2026-09-16 17:26:27.223776,461
2026-09-16 17:26:27.231940,462
2026-09-16 17:26:27.236188,463
2026-09-16 17:26:27.240180,464
2026-09-16 17:26:27.244247,465
2026-09-16 17:26:27.252458,466
2026-09-16 17:26:27.256578,467
2026-09-16 17:26:27.260619,468
2026-09-16 17:26:27.264737,469
2026-09-16 17:26:27.272944,470
2026-09-16 17:26:27.276966,471
2026-09-16 17:26:27.281117,472
2026-09-16 17:26:27.289300,473
2026-09-16 17:26:27.293380,474
2026-09-16 17:26:27.297606,475
2026-09-16 17:26:27.301660,476
2026-09-16 17:26:27.309723,477
2026-09-16 17:26:27.313857,478
2026-09-16 17:26:27.318053,479
2026-09-16 17:26:27.322091,480
2026-09-16 17:26:27.330232,481
2026-09-16 17:26:27.334828,482
2026-09-16 17:26:27.338461,483
2026-09-16 17:26:27.342594,484
2026-09-16 17:26:27.351124,485
2026-09-16 17:26:27.354837,487
2026-09-16 17:26:27.358976,490
2026-09-16 17:26:27.367214,492
2026-09-16 17:26:27.371294,494
2026-09-16 17:26:27.375341,497
2026-09-16 17:26:27.379420,499
2026-09-16 17:26:27.387658,502
2026-09-16 17:26:27.391696,504
2026-09-16 17:26:27.395815,507
2026-09-16 17:26:27.400293,509
2026-09-16 17:26:27.408051,512
2026-09-16 17:26:27.412219,514
2026-09-16 17:26:27.416610,517
2026-09-16 17:26:27.424543,519
2026-09-16 17:26:27.428571,522
2026-09-16 17:26:27.432670,524
2026-09-16 17:26:27.436827,527
2026-09-16 17:26:27.444925,529
2026-09-16 17:26:27.449138,531
2026-09-16 17:26:27.453414,534
2026-09-16 17:26:27.457327,536
2026-09-16 17:26:27.465440,539
2026-09-16 17:26:27.469628,541
2026-09-16 17:26:27.473631,543
2026-09-16 17:26:27.477766,546
2026-09-16 17:26:27.486257,548
2026-09-16 17:26:27.490015,550
2026-09-16 17:26:27.494137,552
2026-09-16 17:26:27.502542,554
2026-09-16 17:26:27.506388,556
2026-09-16 17:26:27.510537,558
2026-09-16 17:26:27.514611,560
2026-09-16 17:26:27.522744,562
2026-09-16 17:26:27.526887,564
2026-09-16 17:26:27.530982,565
2026-09-16 17:26:27.535365,567
2026-09-16 17:26:27.543242,569
2026-09-16 17:26:27.547457,570
2026-09-16 17:26:27.551583,572
2026-09-16 17:26:27.559616,573
2026-09-16 17:26:27.563761,574
2026-09-16 17:26:27.567961,575
2026-09-16 17:26:27.571955,576
2026-09-16 17:26:27.580120,577
2026-09-16 17:26:27.584323,578
2026-09-16 17:26:27.588409,579
2026-09-16 17:26:27.592443,580
2026-09-16 17:26:27.600636,581
2026-09-16 17:26:27.604800,580
2026-09-16 17:26:27.608819,579
2026-09-16 17:26:27.617337,578
2026-09-16 17:26:27.621237,577
2026-09-16 17:26:27.625191,576
2026-09-16 17:26:27.629325,575
2026-09-16 17:26:27.637520,574
2026-09-16 17:26:27.641572,573
2026-09-16 17:26:27.645679,572
2026-09-16 17:26:27.649814,571
2026-09-16 17:26:27.657931,570
2026-09-16 17:26:27.662046,569
2026-09-16 17:26:27.666196,568
2026-09-16 17:26:27.670587,567
2026-09-16 17:26:27.678420,566
2026-09-16 17:26:27.682589,565
2026-09-16 17:26:27.686794,564
2026-09-16 17:26:27.694829,563
2026-09-16 17:26:27.698943,562
2026-09-16 17:26:27.703336,561
2026-09-16 17:26:27.707206,560
2026-09-16 17:26:27.715310,559
2026-09-16 17:26:27.719398,558
2026-09-16 17:26:27.723583,557
2026-09-16 17:26:27.727648,556
2026-09-16 17:26:27.735931,555
2026-09-16 17:26:27.739894,554
2026-09-16 17:26:27.743987,553
2026-09-16 17:26:27.752630,552
2026-09-16 17:26:27.756294,551
2026-09-16 17:26:27.760370,550
2026-09-16 17:26:27.764543,549
2026-09-16 17:26:27.772709,548
2026-09-16 17:26:27.776745,546
2026-09-16 17:26:27.780880,544
2026-09-16 17:26:27.785278,542
2026-09-16 17:26:27.793089,540
2026-09-16 17:26:27.797258,537
2026-09-16 17:26:27.801620,535
2026-09-16 17:26:27.805511,533
2026-09-16 17:26:27.813646,530
2026-09-16 17:26:27.817762,528
2026-09-16 17:26:27.821825,525
2026-09-16 17:26:27.830004,523
2026-09-16 17:26:27.834128,520
2026-09-16 17:26:27.838307,518
2026-09-16 17:26:27.842333,516
2026-09-16 17:26:27.850550,513
2026-09-16 17:26:27.854674,511
2026-09-16 17:26:27.858689,508
2026-09-16 17:26:27.862839,506
2026-09-16 17:26:27.871042,503
2026-09-16 17:26:27.875051,501
2026-09-16 17:26:27.879219,498
2026-09-16 17:26:27.887426,496
2026-09-16 17:26:27.891459,494
2026-09-16 17:26:27.895591,491
2026-09-16 17:26:27.899692,489
2026-09-16 17:26:27.907835,487
2026-09-16 17:26:27.911965,485
2026-09-16 17:26:27.916559,482
2026-09-16 17:26:27.920376,480
2026-09-16 17:26:27.928286,478
2026-09-16 17:26:27.932398,476
2026-09-16 17:26:27.936678,474
2026-09-16 17:26:27.944702,472
2026-09-16 17:26:27.949263,471
2026-09-16 17:26:27.953015,469
2026-09-16 17:26:27.957036,467
2026-09-16 17:26:27.965197,466
2026-09-16 17:26:27.969550,464
2026-09-16 17:26:27.973363,463
2026-09-16 17:26:27.977609,461
2026-09-16 17:26:27.985909,460
2026-09-16 17:26:27.989774,459
2026-09-16 17:26:27.993889,458
2026-09-16 17:26:27.998009,456
2026-09-16 17:26:28.006211,455
2026-09-16 17:26:28.010262,454
2026-09-16 17:26:28.014437,453
2026-09-16 17:26:28.022595,452
2026-09-16 17:26:28.026614,453
2026-09-16 17:26:28.030762,454
2026-09-16 17:26:28.034868,455
2026-09-16 17:26:28.043006,456
2026-09-16 17:26:28.047135,457
2026-09-16 17:26:28.051324,458
2026-09-16 17:26:28.055444,459
2026-09-16 17:26:28.063553,460
2026-09-16 17:26:28.067689,461
2026-09-16 17:26:28.071781,462
2026-09-16 17:26:28.079874,463
2026-09-16 17:26:28.084323,464
2026-09-16 17:26:28.088202,465
2026-09-16 17:26:28.092222,466
2026-09-16 17:26:28.100321,467
2026-09-16 17:26:28.104453,468
2026-09-16 17:26:28.108597,469
2026-09-16 17:26:28.112708,470
2026-09-16 17:26:28.120918,471
2026-09-16 17:26:28.124935,472
2026-09-16 17:26:28.129052,473
2026-09-16 17:26:28.133466,474
2026-09-16 17:26:28.141356,475
2026-09-16 17:26:28.145423,476
2026-09-16 17:26:28.149603,477
2026-09-16 17:26:28.157776,478
2026-09-16 17:26:28.161820,479
2026-09-16 17:26:28.165940,480
2026-09-16 17:26:28.170476,481
2026-09-16 17:26:28.178204,482
2026-09-16 17:26:28.182363,483
2026-09-16 17:26:28.186652,484
2026-09-16 17:26:28.190590,485
2026-09-16 17:26:28.198653,486
2026-09-16 17:26:28.202863,487
2026-09-16 17:26:28.206915,488
2026-09-16 17:26:28.215054,490
2026-09-16 17:26:28.219285,492
2026-09-16 17:26:28.223263,494
2026-09-16 17:26:28.227464,497
2026-09-16 17:26:28.235583,499
2026-09-16 17:26:28.239640,501
2026-09-16 17:26:28.243746,504
2026-09-16 17:26:28.247876,506
2026-09-16 17:26:28.256067,509
2026-09-16 17:26:28.260144,511
2026-09-16 17:26:28.264251,514
2026-09-16 17:26:28.272456,516
2026-09-16 17:26:28.276566,518
2026-09-16 17:26:28.280635,521
2026-09-16 17:26:28.285078,523
2026-09-16 17:26:28.292871,526
2026-09-16 17:26:28.296991,528
2026-09-16 17:26:28.301221,531
2026-09-16 17:26:28.305320,533
2026-09-16 17:26:28.313317,535
2026-09-16 17:26:28.317634,538
2026-09-16 17:26:28.321672,540
2026-09-16 17:26:28.325780,542
2026-09-16 17:26:28.333840,544
2026-09-16 17:26:28.338063,547
2026-09-16 17:26:28.342072,549
2026-09-16 17:26:28.350472,551
2026-09-16 17:26:28.354459,553
2026-09-16 17:26:28.358418,555
2026-09-16 17:26:28.362597,557
2026-09-16 17:26:28.370811,559
2026-09-16 17:26:28.374821,560
2026-09-16 17:26:28.378944,562
2026-09-16 17:26:28.383057,564
2026-09-16 17:26:28.391225,565
2026-09-16 17:26:28.395330,567
2026-09-16 17:26:28.399632,568
2026-09-16 17:26:28.407566,570
2026-09-16 17:26:28.411688,571
2026-09-16 17:26:28.415790,572
2026-09-16 17:26:28.419978,573
2026-09-16 17:26:28.428056,575
2026-09-16 17:26:28.432205,576
2026-09-16 17:26:28.436317,577
2026-09-16 17:26:28.440392,578
2026-09-16 17:26:28.448537,579
2026-09-16 17:26:28.452649,578
2026-09-16 17:26:28.456835,577
2026-09-16 17:26:28.460998,576
2026-09-16 17:26:28.469085,575
2026-09-16 17:26:28.473262,574
2026-09-16 17:26:28.477365,573
2026-09-16 17:26:28.485444,572
2026-09-16 17:26:28.489635,571
2026-09-16 17:26:28.493676,570
2026-09-16 17:26:28.497792,569
2026-09-16 17:26:28.505909,568
2026-09-16 17:26:28.509998,567
2026-09-16 17:26:28.514100,566
2026-09-16 17:26:28.518223,565
2026-09-16 17:26:28.526340,564
2026-09-16 17:26:28.530447,563
2026-09-16 17:26:28.534562,562
2026-09-16 17:26:28.542788,561
2026-09-16 17:26:28.546932,560
2026-09-16 17:26:28.551031,559
2026-09-16 17:26:28.555197,558
2026-09-16 17:26:28.563249,557
2026-09-16 17:26:28.567526,556
2026-09-16 17:26:28.571527,555
2026-09-16 17:26:28.575601,554
2026-09-16 17:26:28.583990,553
2026-09-16 17:26:28.587917,552
2026-09-16 17:26:28.592047,551
2026-09-16 17:26:28.600224,550
2026-09-16 17:26:28.604304,549
2026-09-16 17:26:28.608332,548
2026-09-16 17:26:28.612452,547
2026-09-16 17:26:28.620669,546
2026-09-16 17:26:28.624716,545
2026-09-16 17:26:28.629077,544
2026-09-16 17:26:28.633026,543
2026-09-16 17:26:28.641155,542
2026-09-16 17:26:28.645226,539
2026-09-16 17:26:28.649314,537
2026-09-16 17:26:28.653489,535
2026-09-16 17:26:28.661563,533
2026-09-16 17:26:28.665957,530
2026-09-16 17:26:28.670041,528
2026-09-16 17:26:28.677958,526
2026-09-16 17:26:28.682425,523
2026-09-16 17:26:28.686291,521
2026-09-16 17:26:28.690294,518
2026-09-16 17:26:28.698494,516
2026-09-16 17:26:28.702837,514
2026-09-16 17:26:28.706651,511
2026-09-16 17:26:28.710765,509
2026-09-16 17:26:28.718973,506
2026-09-16 17:26:28.723027,504
2026-09-16 17:26:28.727099,502
2026-09-16 17:26:28.735294,499
2026-09-16 17:26:28.739388,497
2026-09-16 17:26:28.743569,495
2026-09-16 17:26:28.747634,493
2026-09-16 17:26:28.755741,490
2026-09-16 17:26:28.759886,488
2026-09-16 17:26:28.764006,486
2026-09-16 17:26:28.768380,484
2026-09-16 17:26:28.776237,482
2026-09-16 17:26:28.780379,480
2026-09-16 17:26:28.784510,478
2026-09-16 17:26:28.792719,476
2026-09-16 17:26:28.796775,474
2026-09-16 17:26:28.801298,472
2026-09-16 17:26:28.804981,471
2026-09-16 17:26:28.813124,469
2026-09-16 17:26:28.817334,467
2026-09-16 17:26:28.821328,466
2026-09-16 17:26:28.825431,464
2026-09-16 17:26:28.834034,463
2026-09-16 17:26:28.837826,462
2026-09-16 17:26:28.841806,461
2026-09-16 17:26:28.845952,459
2026-09-16 17:26:28.854217,458
2026-09-16 17:26:28.858212,457
2026-09-16 17:26:28.862365,456
2026-09-16 17:26:28.870536,455
2026-09-16 17:26:28.874596,454
2026-09-16 17:26:28.878703,453
2026-09-16 17:26:28.882817,454
2026-09-16 17:26:28.891028,455
2026-09-16 17:26:28.895088,456
2026-09-16 17:26:28.899454,457
2026-09-16 17:26:28.903609,458
2026-09-16 17:26:28.911466,459
2026-09-16 17:26:28.915608,460
2026-09-16 17:26:28.919743,461
2026-09-16 17:26:28.927819,462
2026-09-16 17:26:28.931917,463
2026-09-16 17:26:28.936034,464
2026-09-16 17:26:28.940133,465
2026-09-16 17:26:28.948279,466
2026-09-16 17:26:28.952379,467
2026-09-16 17:26:28.956582,468
2026-09-16 17:26:28.960626,469
2026-09-16 17:26:28.968757,470
2026-09-16 17:26:28.972866,471
2026-09-16 17:26:28.977009,472
2026-09-16 17:26:28.981321,473
2026-09-16 17:26:28.989342,474
2026-09-16 17:26:28.993388,475
2026-09-16 17:26:28.997594,476
2026-09-16 17:26:29.005646,477
2026-09-16 17:26:29.009768,478
2026-09-16 17:26:29.014323,479
2026-09-16 17:26:29.017991,480
2026-09-16 17:26:29.026105,481
2026-09-16 17:26:29.030257,482
2026-09-16 17:26:29.034350,483
2026-09-16 17:26:29.038538,484
2026-09-16 17:26:29.046844,485
2026-09-16 17:26:29.050997,486
2026-09-16 17:26:29.054911,487
2026-09-16 17:26:29.063003,488
2026-09-16 17:26:29.067399,489
2026-09-16 17:26:29.071271,492
2026-09-16 17:26:29.075308,494
2026-09-16 17:26:29.083580,496
2026-09-16 17:26:29.087656,498
2026-09-16 17:26:29.091715,501
2026-09-16 17:26:29.095828,503
2026-09-16 17:26:29.104383,505
2026-09-16 17:26:29.108080,508
2026-09-16 17:26:29.112199,510
2026-09-16 17:26:29.120597,512
2026-09-16 17:26:29.124467,515
2026-09-16 17:26:29.128583,517
2026-09-16 17:26:29.132941,519
2026-09-16 17:26:29.140797,522
2026-09-16 17:26:29.144947,524
2026-09-16 17:26:29.149352,526
2026-09-16 17:26:29.153177,529
2026-09-16 17:26:29.161303,531
2026-09-16 17:26:29.165493,533
2026-09-16 17:26:29.169685,536
2026-09-16 17:26:29.173646,538
2026-09-16 17:26:29.182063,540
2026-09-16 17:26:29.186228,542
2026-09-16 17:26:29.190022,544
2026-09-16 17:26:29.198387,546
2026-09-16 17:26:29.202410,548
2026-09-16 17:26:29.206378,550
2026-09-16 17:26:29.210494,552
2026-09-16 17:26:29.218911,554
2026-09-16 17:26:29.222736,556
2026-09-16 17:26:29.226891,558
2026-09-16 17:26:29.231084,559
2026-09-16 17:26:29.239646,561
2026-09-16 17:26:29.243265,563
2026-09-16 17:26:29.247431,564
2026-09-16 17:26:29.255603,566
2026-09-16 17:26:29.259613,567
2026-09-16 17:26:29.263832,568
2026-09-16 17:26:29.267843,569
2026-09-16 17:26:29.275961,571
2026-09-16 17:26:29.280114,572
2026-09-16 17:26:29.284227,573
2026-09-16 17:26:29.288448,574
2026-09-16 17:26:29.296578,575
2026-09-16 17:26:29.300688,576
2026-09-16 17:26:29.304859,575
2026-09-16 17:26:29.308837,574
2026-09-16 17:26:29.317001,573
2026-09-16 17:26:29.321158,572
2026-09-16 17:26:29.325215,571
2026-09-16 17:26:29.333446,570
2026-09-16 17:26:29.337508,569
2026-09-16 17:26:29.341612,568
2026-09-16 17:26:29.345703,567
2026-09-16 17:26:29.353968,566
2026-09-16 17:26:29.357945,565
2026-09-16 17:26:29.362084,564
2026-09-16 17:26:29.366215,563
2026-09-16 17:26:29.374300,562
2026-09-16 17:26:29.378398,561
2026-09-16 17:26:29.383057,560
2026-09-16 17:26:29.390688,559
2026-09-16 17:26:29.395134,558
2026-09-16 17:26:29.398922,557
2026-09-16 17:26:29.403338,556
2026-09-16 17:26:29.411182,555
2026-09-16 17:26:29.415526,554
2026-09-16 17:26:29.419444,553
2026-09-16 17:26:29.423515,552
2026-09-16 17:26:29.431719,551
2026-09-16 17:26:29.436158,550
2026-09-16 17:26:29.439896,549
2026-09-16 17:26:29.448111,548
2026-09-16 17:26:29.452413,547
2026-09-16 17:26:29.456280,546
2026-09-16 17:26:29.460373,545
2026-09-16 17:26:29.468864,544
2026-09-16 17:26:29.472640,543
2026-09-16 17:26:29.476817,542
2026-09-16 17:26:29.480966,541
2026-09-16 17:26:29.489087,540
2026-09-16 17:26:29.493148,539
2026-09-16 17:26:29.497305,538
2026-09-16 17:26:29.501397,536
2026-09-16 17:26:29.509615,534
2026-09-16 17:26:29.513716,531
2026-09-16 17:26:29.518012,529
2026-09-16 17:26:29.525862,527
2026-09-16 17:26:29.530073,525
2026-09-16 17:26:29.534373,522
2026-09-16 17:26:29.538302,520
2026-09-16 17:26:29.546322,518
2026-09-16 17:26:29.550550,515
2026-09-16 17:26:29.554677,513
2026-09-16 17:26:29.558811,511
2026-09-16 17:26:29.566848,508
2026-09-16 17:26:29.571040,506
2026-09-16 17:26:29.575381,504
2026-09-16 17:26:29.583283,501
2026-09-16 17:26:29.587408,499
2026-09-16 17:26:29.591439,497
2026-09-16 17:26:29.595613,495
2026-09-16 17:26:29.603695,492
2026-09-16 17:26:29.607835,490
2026-09-16 17:26:29.611950,488
2026-09-16 17:26:29.616347,486
2026-09-16 17:26:29.624185,484
2026-09-16 17:26:29.628337,482
2026-09-16 17:26:29.632492,480
2026-09-16 17:26:29.636677,478
2026-09-16 17:26:29.644741,476
2026-09-16 17:26:29.648834,475
2026-09-16 17:26:29.652941,473
2026-09-16 17:26:29.661072,471
2026-09-16 17:26:29.665290,470
2026-09-16 17:26:29.669397,468
2026-09-16 17:26:29.673394,467
2026-09-16 17:26:29.681626,465
2026-09-16 17:26:29.685920,464
2026-09-16 17:26:29.689765,463
2026-09-16 17:26:29.693884,461
2026-09-16 17:26:29.702351,460
2026-09-16 17:26:29.706132,459
2026-09-16 17:26:29.710285,458
2026-09-16 17:26:29.718657,457
2026-09-16 17:26:29.722593,456
2026-09-16 17:26:29.726773,455
2026-09-16 17:26:29.731032,454
2026-09-16 17:26:29.738964,455
2026-09-16 17:26:29.743067,456
2026-09-16 17:26:29.747244,457
2026-09-16 17:26:29.751329,458
2026-09-16 17:26:29.759342,459
2026-09-16 17:26:29.763794,460
2026-09-16 17:26:29.767939,461
2026-09-16 17:26:29.775740,462
2026-09-16 17:26:29.780276,463
2026-09-16 17:26:29.784075,464
2026-09-16 17:26:29.788235,465
2026-09-16 17:26:29.796328,466
2026-09-16 17:26:29.800422,467
2026-09-16 17:26:29.804571,468
2026-09-16 17:26:29.808796,469
2026-09-16 17:26:29.816784,470
2026-09-16 17:26:29.821075,471
2026-09-16 17:26:29.824952,472
2026-09-16 17:26:29.829071,473
2026-09-16 17:26:29.837278,474
2026-09-16 17:26:29.841341,475
2026-09-16 17:26:29.845449,476
2026-09-16 17:26:29.853682,477
2026-09-16 17:26:29.857815,478
2026-09-16 17:26:29.861819,479
2026-09-16 17:26:29.865989,480
2026-09-16 17:26:29.874046,481
2026-09-16 17:26:29.878197,482
2026-09-16 17:26:29.882406,483
2026-09-16 17:26:29.886656,484
2026-09-16 17:26:29.894597,485
2026-09-16 17:26:29.899023,486
2026-09-16 17:26:29.903063,487
2026-09-16 17:26:29.910931,488
2026-09-16 17:26:29.915314,489
2026-09-16 17:26:29.919160,490
2026-09-16 17:26:29.923283,491
2026-09-16 17:26:29.931466,493
2026-09-16 17:26:29.935600,496
2026-09-16 17:26:29.939672,498
2026-09-16 17:26:29.943736,500
2026-09-16 17:26:29.952009,502
2026-09-16 17:26:29.956024,504
2026-09-16 17:26:29.960133,507
2026-09-16 17:26:29.964496,509
2026-09-16 17:26:29.972492,511
2026-09-16 17:26:29.976517,514
2026-09-16 17:26:29.980635,516
2026-09-16 17:26:29.988847,518
2026-09-16 17:26:29.992894,520
2026-09-16 17:26:29.997094,523
2026-09-16 17:26:30.001114,525
2026-09-16 17:26:30.009289,527
2026-09-16 17:26:30.013458,530
2026-09-16 17:26:30.017857,532
2026-09-16 17:26:30.021684,534
2026-09-16 17:26:30.029745,536
2026-09-16 17:26:30.034273,538
2026-09-16 17:26:30.038003,540
2026-09-16 17:26:30.046481,542
2026-09-16 17:26:30.050315,544
2026-09-16 17:26:30.054371,546
2026-09-16 17:26:30.058492,548
2026-09-16 17:26:30.066686,550
2026-09-16 17:26:30.070793,552
2026-09-16 17:26:30.075089,554
2026-09-16 17:26:30.079432,555
2026-09-16 17:26:30.087199,557
2026-09-16 17:26:30.091209,559
2026-09-16 17:26:30.095337,560
2026-09-16 17:26:30.103558,562
2026-09-16 17:26:30.107596,563
2026-09-16 17:26:30.111712,564
2026-09-16 17:26:30.115909,566
2026-09-16 17:26:30.123951,567
2026-09-16 17:26:30.128089,568
2026-09-16 17:26:30.132216,569
2026-09-16 17:26:30.136393,570
2026-09-16 17:26:30.144441,571
2026-09-16 17:26:30.148937,572
2026-09-16 17:26:30.152781,573
2026-09-16 17:26:30.156781,572
2026-09-16 17:26:30.165318,571
2026-09-16 17:26:30.169128,570
2026-09-16 17:26:30.173194,569
2026-09-16 17:26:30.181377,568
2026-09-16 17:26:30.185594,567
2026-09-16 17:26:30.189617,566
2026-09-16 17:26:30.193650,565
2026-09-16 17:26:30.201874,564
2026-09-16 17:26:30.205943,563
2026-09-16 17:26:30.210014,562
2026-09-16 17:26:30.214419,561
2026-09-16 17:26:30.222300,560
2026-09-16 17:26:30.226376,559
2026-09-16 17:26:30.230561,558
2026-09-16 17:26:30.238659,557
2026-09-16 17:26:30.242756,556
2026-09-16 17:26:30.247002,555
2026-09-16 17:26:30.251007,554
2026-09-16 17:26:30.259219,553
2026-09-16 17:26:30.263385,552
2026-09-16 17:26:30.267450,551
2026-09-16 17:26:30.271510,550
2026-09-16 17:26:30.279612,549
2026-09-16 17:26:30.283994,548
2026-09-16 17:26:30.287895,547
2026-09-16 17:26:30.292093,546
2026-09-16 17:26:30.300533,545
2026-09-16 17:26:30.304341,544
2026-09-16 17:26:30.308336,543
2026-09-16 17:26:30.316542,542
2026-09-16 17:26:30.320715,541
2026-09-16 17:26:30.324951,540
2026-09-16 17:26:30.328844,539
2026-09-16 17:26:30.337052,538
2026-09-16 17:26:30.341092,537
2026-09-16 17:26:30.345245,536
2026-09-16 17:26:30.349756,535
2026-09-16 17:26:30.357466,534
2026-09-16 17:26:30.362009,532
2026-09-16 17:26:30.366001,530
2026-09-16 17:26:30.373923,528
2026-09-16 17:26:30.377955,525
2026-09-16 17:26:30.382327,523
2026-09-16 17:26:30.386426,521
2026-09-16 17:26:30.394301,519
2026-09-16 17:26:30.398528,516
2026-09-16 17:26:30.402706,514
2026-09-16 17:26:30.406640,512
2026-09-16 17:26:30.415043,510
2026-09-16 17:26:30.419040,508
2026-09-16 17:26:30.423050,505
2026-09-16 17:26:30.431208,503
2026-09-16 17:26:30.435437,501
2026-09-16 17:26:30.439426,499
2026-09-16 17:26:30.443501,496
2026-09-16 17:26:30.452044,494
2026-09-16 17:26:30.455783,492
2026-09-16 17:26:30.459884,490
2026-09-16 17:26:30.464010,488
2026-09-16 17:26:30.472159,486
2026-09-16 17:26:30.476243,484
2026-09-16 17:26:30.480622,482
2026-09-16 17:26:30.484622,480
2026-09-16 17:26:30.492639,478
2026-09-16 17:26:30.497040,477
2026-09-16 17:26:30.500978,475
2026-09-16 17:26:30.509013,473
2026-09-16 17:26:30.513141,472
2026-09-16 17:26:30.517480,470
2026-09-16 17:26:30.521618,469
2026-09-16 17:26:30.529508,467
2026-09-16 17:26:30.533726,466
2026-09-16 17:26:30.537774,465
2026-09-16 17:26:30.541959,463
2026-09-16 17:26:30.550193,462
2026-09-16 17:26:30.554149,461
2026-09-16 17:26:30.558257,460
2026-09-16 17:26:30.566560,459
2026-09-16 17:26:30.570534,458
2026-09-16 17:26:30.574736,457
2026-09-16 17:26:30.578942,456
2026-09-16 17:26:30.587291,455
2026-09-16 17:26:30.590967,456
2026-09-16 17:26:30.595062,457
2026-09-16 17:26:30.599320,458
2026-09-16 17:26:30.607329,459
2026-09-16 17:26:30.611425,460
2026-09-16 17:26:30.615688,461
2026-09-16 17:26:30.619706,462
2026-09-16 17:26:30.627833,463
2026-09-16 17:26:30.632002,464
2026-09-16 17:26:30.636355,465
2026-09-16 17:26:30.644355,466
2026-09-16 17:26:30.648397,467
2026-09-16 17:26:30.652488,468
2026-09-16 17:26:30.656537,469
2026-09-16 17:26:30.664908,470
2026-09-16 17:26:30.668886,471
2026-09-16 17:26:30.672901,472
2026-09-16 17:26:30.677009,473
2026-09-16 17:26:30.685276,474
2026-09-16 17:26:30.689256,475
2026-09-16 17:26:30.693374,476
2026-09-16 17:26:30.701653,477
2026-09-16 17:26:30.705674,478
2026-09-16 17:26:30.709745,479
2026-09-16 17:26:30.713968,480
2026-09-16 17:26:30.722088,481
2026-09-16 17:26:30.726124,482
2026-09-16 17:26:30.730325,483
2026-09-16 17:26:30.734453,484
2026-09-16 17:26:30.742564,485
2026-09-16 17:26:30.746688,486
2026-09-16 17:26:30.750973,487
2026-09-16 17:26:30.758883,488
2026-09-16 17:26:30.763001,489
2026-09-16 17:26:30.767440,490
2026-09-16 17:26:30.771315,491
2026-09-16 17:26:30.779385,492
2026-09-16 17:26:30.783770,493
2026-09-16 17:26:30.787668,495
2026-09-16 17:26:30.791931,497
2026-09-16 17:26:30.799928,499
2026-09-16 17:26:30.804040,502
2026-09-16 17:26:30.808083,504
2026-09-16 17:26:30.812232,506
2026-09-16 17:26:30.820389,508
2026-09-16 17:26:30.824462,510
2026-09-16 17:26:30.828897,513
2026-09-16 17:26:30.836973,515
2026-09-16 17:26:30.840846,517
2026-09-16 17:26:30.844969,519
2026-09-16 17:26:30.849162,521
2026-09-16 17:26:30.857210,524
2026-09-16 17:26:30.861320,526
2026-09-16 17:26:30.865621,528
2026-09-16 17:26:30.869926,530
2026-09-16 17:26:30.877693,532
2026-09-16 17:26:30.882061,534
2026-09-16 17:26:30.886212,536
2026-09-16 17:26:30.894077,538
2026-09-16 17:26:30.898430,540
2026-09-16 17:26:30.902772,542
2026-09-16 17:26:30.906402,544
2026-09-16 17:26:30.914988,546
2026-09-16 17:26:30.918754,548
2026-09-16 17:26:30.922780,550
2026-09-16 17:26:30.926895,551
2026-09-16 17:26:30.935285,553
2026-09-16 17:26:30.939186,555
2026-09-16 17:26:30.943278,556
2026-09-16 17:26:30.951469,558
2026-09-16 17:26:30.955605,559
2026-09-16 17:26:30.959664,560
2026-09-16 17:26:30.964146,562
2026-09-16 17:26:30.971984,563
2026-09-16 17:26:30.976015,564
2026-09-16 17:26:30.980132,565
2026-09-16 17:26:30.984478,566
2026-09-16 17:26:30.992394,567
2026-09-16 17:26:30.996591,568
2026-09-16 17:26:31.000603,569
2026-09-16 17:26:31.004724,570
2026-09-16 17:26:31.013239,571
2026-09-16 17:26:31.017113,570
2026-09-16 17:26:31.021094,569
2026-09-16 17:26:31.029467,568
2026-09-16 17:26:31.033429,567
2026-09-16 17:26:31.037532,566
2026-09-16 17:26:31.042128,565
2026-09-16 17:26:31.049809,564
2026-09-16 17:26:31.053938,563
2026-09-16 17:26:31.057979,562
2026-09-16 17:26:31.062518,561
2026-09-16 17:26:31.070320,560
2026-09-16 17:26:31.074343,559
2026-09-16 17:26:31.078475,558
2026-09-16 17:26:31.086901,557
2026-09-16 17:26:31.090712,556
2026-09-16 17:26:31.095082,555
2026-09-16 17:26:31.099351,554
2026-09-16 17:26:31.107145,553
2026-09-16 17:26:31.111224,552
2026-09-16 17:26:31.115405,551
2026-09-16 17:26:31.119485,550
2026-09-16 17:26:31.127594,549
2026-09-16 17:26:31.131948,548
2026-09-16 17:26:31.135879,547
2026-09-16 17:26:31.139910,546
2026-09-16 17:26:31.148197,545
2026-09-16 17:26:31.152280,544
2026-09-16 17:26:31.156302,543
2026-09-16 17:26:31.164553,542
2026-09-16 17:26:31.168690,541
2026-09-16 17:26:31.172678,540
2026-09-16 17:26:31.176784,539
2026-09-16 17:26:31.185286,538
2026-09-16 17:26:31.189037,537
2026-09-16 17:26:31.193147,536
2026-09-16 17:26:31.197378,535
2026-09-16 17:26:31.205422,534
2026-09-16 17:26:31.209495,533
2026-09-16 17:26:31.213715,531
2026-09-16 17:26:31.221845,529
2026-09-16 17:26:31.225860,527
2026-09-16 17:26:31.230405,525
2026-09-16 17:26:31.234389,523
2026-09-16 17:26:31.242300,521
2026-09-16 17:26:31.246778,518
2026-09-16 17:26:31.250562,516
2026-09-16 17:26:31.254687,514
2026-09-16 17:26:31.263014,512
2026-09-16 17:26:31.267127,510
2026-09-16 17:26:31.270977,508
2026-09-16 17:26:31.279412,505
2026-09-16 17:26:31.283487,503
2026-09-16 17:26:31.287339,501
2026-09-16 17:26:31.291465,499
2026-09-16 17:26:31.299861,497
2026-09-16 17:26:31.303812,495
2026-09-16 17:26:31.307874,493
2026-09-16 17:26:31.312234,491
2026-09-16 17:26:31.320147,489
2026-09-16 17:26:31.324219,487
2026-09-16 17:26:31.328343,485
2026-09-16 17:26:31.332518,483
2026-09-16 17:26:31.340565,481
2026-09-16 17:26:31.344751,479
2026-09-16 17:26:31.349214,478
2026-09-16 17:26:31.356985,476
2026-09-16 17:26:31.361083,474
2026-09-16 17:26:31.365326,473
2026-09-16 17:26:31.369374,471
2026-09-16 17:26:31.377452,470
2026-09-16 17:26:31.381623,469
2026-09-16 17:26:31.385749,467
2026-09-16 17:26:31.389787,466
2026-09-16 17:26:31.398003,465
2026-09-16 17:26:31.402321,464
2026-09-16 17:26:31.406142,463
2026-09-16 17:26:31.414381,462
2026-09-16 17:26:31.418487,461
2026-09-16 17:26:31.422511,460
2026-09-16 17:26:31.426654,459
2026-09-16 17:26:31.435044,458
2026-09-16 17:26:31.438913,459
2026-09-16 17:26:31.443023,460
2026-09-16 17:26:31.447278,461
2026-09-16 17:26:31.455349,462
2026-09-16 17:26:31.459378,463
2026-09-16 17:26:31.464123,464
2026-09-16 17:26:31.472297,465
2026-09-16 17:26:31.475767,466
2026-09-16 17:26:31.479969,467
2026-09-16 17:26:31.484284,468
2026-09-16 17:26:31.492119,469
2026-09-16 17:26:31.496508,470
2026-09-16 17:26:31.500448,471
2026-09-16 17:26:31.504526,472
2026-09-16 17:26:31.512636,473
2026-09-16 17:26:31.517241,474
2026-09-16 17:26:31.520857,475
2026-09-16 17:26:31.529264,476
2026-09-16 17:26:31.533247,477
2026-09-16 17:26:31.537303,478
2026-09-16 17:26:31.541344,479
2026-09-16 17:26:31.549545,480
2026-09-16 17:26:31.553825,481
2026-09-16 17:26:31.557974,482
2026-09-16 17:26:31.562341,483
2026-09-16 17:26:31.570078,484
2026-09-16 17:26:31.574100,485
2026-09-16 17:26:31.578233,486
2026-09-16 17:26:31.586438,487
2026-09-16 17:26:31.590441,488
2026-09-16 17:26:31.594585,489
2026-09-16 17:26:31.598689,490
2026-09-16 17:26:31.606821,491
2026-09-16 17:26:31.610976,492
2026-09-16 17:26:31.615158,493
2026-09-16 17:26:31.619209,494
2026-09-16 17:26:31.627310,495
2026-09-16 17:26:31.631414,496
2026-09-16 17:26:31.635533,497
2026-09-16 17:26:31.639654,498
2026-09-16 17:26:31.648039,499
2026-09-16 17:26:31.651996,502
2026-09-16 17:26:31.656024,504
2026-09-16 17:26:31.664182,506
2026-09-16 17:26:31.668558,508
2026-09-16 17:26:31.672405,510
2026-09-16 17:26:31.676523,512
2026-09-16 17:26:31.684913,514
2026-09-16 17:26:31.688786,516
2026-09-16 17:26:31.692888,519
2026-09-16 17:26:31.696996,521
2026-09-16 17:26:31.705226,523
2026-09-16 17:26:31.709253,525
2026-09-16 17:26:31.713358,527
2026-09-16 17:26:31.721631,529
2026-09-16 17:26:31.725637,531
2026-09-16 17:26:31.729770,533
2026-09-16 17:26:31.734348,535
2026-09-16 17:26:31.742019,537
2026-09-16 17:26:31.746118,539
2026-09-16 17:26:31.750247,541
2026-09-16 17:26:31.754554,543
2026-09-16 17:26:31.762479,545
2026-09-16 17:26:31.766608,546
2026-09-16 17:26:31.770783,548
2026-09-16 17:26:31.774814,550
2026-09-16 17:26:31.782987,551
2026-09-16 17:26:31.787194,553
2026-09-16 17:26:31.791235,555
2026-09-16 17:26:31.799385,556
2026-09-16 17:26:31.803533,557
2026-09-16 17:26:31.807625,559
2026-09-16 17:26:31.811695,560
2026-09-16 17:26:31.820082,561
2026-09-16 17:26:31.823942,562
2026-09-16 17:26:31.828077,563
2026-09-16 17:26:31.832230,564
2026-09-16 17:26:31.840359,565
2026-09-16 17:26:31.844438,566
2026-09-16 17:26:31.848634,567
2026-09-16 17:26:31.856706,568
2026-09-16 17:26:31.860845,569
2026-09-16 17:26:31.864991,568
2026-09-16 17:26:31.869350,567
2026-09-16 17:26:31.877198,566
2026-09-16 17:26:31.881334,565
2026-09-16 17:26:31.885658,564
2026-09-16 17:26:31.889524,563
2026-09-16 17:26:31.897779,562
2026-09-16 17:26:31.902057,561
2026-09-16 17:26:31.905898,560
2026-09-16 17:26:31.914137,559
2026-09-16 17:26:31.918663,558
2026-09-16 17:26:31.922282,557
2026-09-16 17:26:31.926397,556
2026-09-16 17:26:31.934615,555
2026-09-16 17:26:31.938638,554
2026-09-16 17:26:31.942763,553
2026-09-16 17:26:31.946983,552
2026-09-16 17:26:31.954997,551
2026-09-16 17:26:31.959111,550
2026-09-16 17:26:31.963362,549
2026-09-16 17:26:31.967483,548
2026-09-16 17:26:31.975488,547
2026-09-16 17:26:31.979770,546
2026-09-16 17:26:31.984091,545
2026-09-16 17:26:31.991892,544
2026-09-16 17:26:31.996285,543
2026-09-16 17:26:32.000229,542
2026-09-16 17:26:32.004341,541
2026-09-16 17:26:32.012358,540
2026-09-16 17:26:32.016555,539
2026-09-16 17:26:32.020706,538
2026-09-16 17:26:32.024700,537
2026-09-16 17:26:32.032930,536
2026-09-16 17:26:32.037066,535
2026-09-16 17:26:32.041072,534
2026-09-16 17:26:32.049473,533
2026-09-16 17:26:32.053495,532
2026-09-16 17:26:32.057452,531
2026-09-16 17:26:32.061932,530
2026-09-16 17:26:32.070158,529
2026-09-16 17:26:32.073829,528
2026-09-16 17:26:32.077979,526
2026-09-16 17:26:32.082201,524
2026-09-16 17:26:32.090253,522
2026-09-16 17:26:32.094330,520
2026-09-16 17:26:32.098604,518
2026-09-16 17:26:32.102891,516
2026-09-16 17:26:32.110725,514
2026-09-16 17:26:32.114940,511
2026-09-16 17:26:32.119313,509
2026-09-16 17:26:32.127086,507
2026-09-16 17:26:32.131226,505
2026-09-16 17:26:32.135324,503
2026-09-16 17:26:32.139392,501
2026-09-16 17:26:32.147633,499
2026-09-16 17:26:32.151940,497
2026-09-16 17:26:32.155791,495
2026-09-16 17:26:32.159902,493
2026-09-16 17:26:32.168113,491
2026-09-16 17:26:32.172159,489
2026-09-16 17:26:32.176299,487
2026-09-16 17:26:32.184504,486
2026-09-16 17:26:32.188630,484
2026-09-16 17:26:32.192644,482
2026-09-16 17:26:32.197041,480
2026-09-16 17:26:32.204950,479
2026-09-16 17:26:32.209035,477
2026-09-16 17:26:32.213141,476
2026-09-16 17:26:32.217334,474
2026-09-16 17:26:32.225376,473
2026-09-16 17:26:32.229514,471
2026-09-16 17:26:32.233755,470
2026-09-16 17:26:32.241781,469
2026-09-16 17:26:32.245926,468
2026-09-16 17:26:32.250073,467
2026-09-16 17:26:32.254102,465
2026-09-16 17:26:32.262331,464
2026-09-16 17:26:32.266435,463
2026-09-16 17:26:32.270536,462
2026-09-16 17:26:32.274624,461
2026-09-16 17:26:32.282841,460
2026-09-16 17:26:32.286954,461
2026-09-16 17:26:32.290957,462
2026-09-16 17:26:32.295086,463
2026-09-16 17:26:32.303347,464
2026-09-16 17:26:32.311431,465
2026-09-16 17:26:32.315597,466
2026-09-16 17:26:32.323698,467
2026-09-16 17:26:32.327847,468
2026-09-16 17:26:32.331951,469
2026-09-16 17:26:32.340077,470
2026-09-16 17:26:32.344374,471
2026-09-16 17:26:32.348332,472
2026-09-16 17:26:32.352486,473
2026-09-16 17:26:32.360587,474
2026-09-16 17:26:32.364670,475
2026-09-16 17:26:32.369069,476
2026-09-16 17:26:32.376937,477
2026-09-16 17:26:32.381066,478
2026-09-16 17:26:32.385574,479
2026-09-16 17:26:32.389279,480
2026-09-16 17:26:32.397416,481
2026-09-16 17:26:32.401906,482
2026-09-16 17:26:32.405652,483
2026-09-16 17:26:32.409772,484
2026-09-16 17:26:32.417989,485
2026-09-16 17:26:32.422044,486
2026-09-16 17:26:32.426139,487
2026-09-16 17:26:32.430278,488
2026-09-16 17:26:32.438376,489
2026-09-16 17:26:32.442527,490
2026-09-16 17:26:32.446640,491
2026-09-16 17:26:32.454819,492
2026-09-16 17:26:32.458880,493
2026-09-16 17:26:32.463035,494
2026-09-16 17:26:32.467379,495
2026-09-16 17:26:32.475293,496
2026-09-16 17:26:32.479411,497
2026-09-16 17:26:32.483492,498
2026-09-16 17:26:32.487745,499
2026-09-16 17:26:32.495753,500
2026-09-16 17:26:32.499900,501
2026-09-16 17:26:32.503979,502
2026-09-16 17:26:32.512115,504
2026-09-16 17:26:32.516487,506
2026-09-16 17:26:32.520457,508
2026-09-16 17:26:32.524580,510
2026-09-16 17:26:32.532607,513
2026-09-16 17:26:32.536733,515
2026-09-16 17:26:32.540893,517
2026-09-16 17:26:32.544996,519
2026-09-16 17:26:32.553089,521
2026-09-16 17:26:32.557289,523
2026-09-16 17:26:32.561340,525
2026-09-16 17:26:32.569552,527
2026-09-16 17:26:32.573633,529
2026-09-16 17:26:32.577707,531
2026-09-16 17:26:32.582303,533
2026-09-16 17:26:32.589960,535
2026-09-16 17:26:32.594074,537
2026-09-16 17:26:32.598192,538
2026-09-16 17:26:32.602552,540
2026-09-16 17:26:32.610470,542
2026-09-16 17:26:32.614665,544
2026-09-16 17:26:32.618751,545
2026-09-16 17:26:32.622802,547
2026-09-16 17:26:32.631223,549
2026-09-16 17:26:32.635154,550
2026-09-16 17:26:32.639160,552
2026-09-16 17:26:32.647280,553
2026-09-16 17:26:32.651590,555
2026-09-16 17:26:32.655529,556
2026-09-16 17:26:32.659627,557
2026-09-16 17:26:32.668030,558
2026-09-16 17:26:32.671909,560
2026-09-16 17:26:32.676024,561
2026-09-16 17:26:32.680420,562
2026-09-16 17:26:32.688304,563
2026-09-16 17:26:32.692435,564
2026-09-16 17:26:32.696600,565
2026-09-16 17:26:32.704727,566
2026-09-16 17:26:32.708742,567
2026-09-16 17:26:32.712874,566
2026-09-16 17:26:32.717099,565
2026-09-16 17:26:32.725137,564
2026-09-16 17:26:32.729553,563
2026-09-16 17:26:32.737467,562
2026-09-16 17:26:32.741544,561
2026-09-16 17:26:32.745668,560
2026-09-16 17:26:32.753877,559
2026-09-16 17:26:32.757911,558
2026-09-16 17:26:32.762340,557
2026-09-16 17:26:32.770277,556
2026-09-16 17:26:32.774523,555
2026-09-16 17:26:32.778419,554
2026-09-16 17:26:32.782601,553
2026-09-16 17:26:32.790658,552
2026-09-16 17:26:32.794795,551
2026-09-16 17:26:32.799416,550
2026-09-16 17:26:32.803058,549
2026-09-16 17:26:32.811193,548
2026-09-16 17:26:32.815540,547
2026-09-16 17:26:32.819467,546
2026-09-16 17:26:32.827597,545
2026-09-16 17:26:32.831927,544
2026-09-16 17:26:32.836013,543
2026-09-16 17:26:32.839908,542
2026-09-16 17:26:32.848395,541
2026-09-16 17:26:32.852141,540
2026-09-16 17:26:32.856273,539
2026-09-16 17:26:32.860374,538
2026-09-16 17:26:32.868603,537
2026-09-16 17:26:32.872614,536
2026-09-16 17:26:32.876748,535
2026-09-16 17:26:32.885142,534
2026-09-16 17:26:32.888997,533
2026-09-16 17:26:32.893131,532
2026-09-16 17:26:32.897352,531
2026-09-16 17:26:32.905339,530
2026-09-16 17:26:32.909490,529
2026-09-16 17:26:32.913917,528
2026-09-16 17:26:32.917954,527
2026-09-16 17:26:32.925857,526
2026-09-16 17:26:32.930036,525
2026-09-16 17:26:32.934073,523
2026-09-16 17:26:32.942228,522
2026-09-16 17:26:32.946697,520
2026-09-16 17:26:32.950523,518
2026-09-16 17:26:32.954683,516
2026-09-16 17:26:32.962741,513
2026-09-16 17:26:32.966958,511
2026-09-16 17:26:32.970953,509
2026-09-16 17:26:32.975063,507
2026-09-16 17:26:32.983642,505
2026-09-16 17:26:32.987377,503
2026-09-16 17:26:32.991456,501
2026-09-16 17:26:32.995561,500
2026-09-16 17:26:33.003748,498
2026-09-16 17:26:33.007848,496
2026-09-16 17:26:33.012200,494
2026-09-16 17:26:33.020095,492
2026-09-16 17:26:33.024230,490
2026-09-16 17:26:33.028314,488
2026-09-16 17:26:33.032482,487
2026-09-16 17:26:33.040599,485
2026-09-16 17:26:33.045154,483
2026-09-16 17:26:33.049029,482
2026-09-16 17:26:33.053149,480
2026-09-16 17:26:33.061039,478
2026-09-16 17:26:33.065405,477
2026-09-16 17:26:33.069357,476
2026-09-16 17:26:33.077407,474
2026-09-16 17:26:33.081809,473
2026-09-16 17:26:33.086214,472
2026-09-16 17:26:33.089830,470
2026-09-16 17:26:33.098155,469
2026-09-16 17:26:33.102306,468
2026-09-16 17:26:33.106134,467
2026-09-16 17:26:33.110260,466
2026-09-16 17:26:33.118562,465
2026-09-16 17:26:33.122514,464
2026-09-16 17:26:33.126646,463
2026-09-16 17:26:33.134858,462
2026-09-16 17:26:33.138888,463
2026-09-16 17:26:33.142997,464
2026-09-16 17:26:33.147107,465
2026-09-16 17:26:33.155389,466
2026-09-16 17:26:33.163553,467
2026-09-16 17:26:33.171668,468
2026-09-16 17:26:33.175774,469
2026-09-16 17:26:33.180411,470
2026-09-16 17:26:33.187980,471
2026-09-16 17:26:33.192139,472
2026-09-16 17:26:33.196501,473
2026-09-16 17:26:33.200442,474
2026-09-16 17:26:33.208486,475
2026-09-16 17:26:33.212701,476
2026-09-16 17:26:33.217020,477
2026-09-16 17:26:33.220853,478
2026-09-16 17:26:33.228981,479
2026-09-16 17:26:33.233417,480
2026-09-16 17:26:33.237331,481
2026-09-16 17:26:33.245378,482
2026-09-16 17:26:33.249533,483
2026-09-16 17:26:33.253665,484
2026-09-16 17:26:33.257704,485
2026-09-16 17:26:33.266237,486
2026-09-16 17:26:33.270005,487
2026-09-16 17:26:33.274100,488
2026-09-16 17:26:33.278196,489
2026-09-16 17:26:33.286443,490
2026-09-16 17:26:33.290471,491
2026-09-16 17:26:33.294642,492
2026-09-16 17:26:33.302961,493
2026-09-16 17:26:33.306832,494
2026-09-16 17:26:33.311003,495
2026-09-16 17:26:33.315367,496
2026-09-16 17:26:33.323200,497
2026-09-16 17:26:33.327388,498
2026-09-16 17:26:33.331624,499
2026-09-16 17:26:33.335806,500
2026-09-16 17:26:33.343678,501
2026-09-16 17:26:33.348051,502
2026-09-16 17:26:33.352192,503
2026-09-16 17:26:33.356030,504
2026-09-16 17:26:33.364424,505
2026-09-16 17:26:33.368541,507
2026-09-16 17:26:33.372404,509
2026-09-16 17:26:33.380664,511
2026-09-16 17:26:33.384733,513
2026-09-16 17:26:33.388788,515
2026-09-16 17:26:33.392893,517
2026-09-16 17:26:33.401089,519
2026-09-16 17:26:33.405148,521
2026-09-16 17:26:33.409268,523
2026-09-16 17:26:33.413619,525
2026-09-16 17:26:33.421536,527
2026-09-16 17:26:33.425628,529
2026-09-16 17:26:33.429817,531
2026-09-16 17:26:33.437959,533
2026-09-16 17:26:33.442011,534
2026-09-16 17:26:33.446591,536
2026-09-16 17:26:33.450260,538
2026-09-16 17:26:33.458356,540
2026-09-16 17:26:33.462505,542
2026-09-16 17:26:33.466942,543
2026-09-16 17:26:33.470735,545
2026-09-16 17:26:33.478931,546
2026-09-16 17:26:33.483253,548
2026-09-16 17:26:33.487195,549
2026-09-16 17:26:33.491212,551
2026-09-16 17:26:33.499657,552
2026-09-16 17:26:33.503515,554
2026-09-16 17:26:33.507662,555
2026-09-16 17:26:33.515813,556
2026-09-16 17:26:33.519845,557
2026-09-16 17:26:33.523958,558
2026-09-16 17:26:33.528075,559
2026-09-16 17:26:33.536284,560
2026-09-16 17:26:33.540352,561
2026-09-16 17:26:33.544445,562
2026-09-16 17:26:33.548804,563
2026-09-16 17:26:33.556688,564
2026-09-16 17:26:33.560821,565
2026-09-16 17:26:33.565041,564
2026-09-16 17:26:33.573090,563
2026-09-16 17:26:33.577217,562
2026-09-16 17:26:33.581558,561
2026-09-16 17:26:33.589474,560
2026-09-16 17:26:33.593660,559
2026-09-16 17:26:33.602096,558
2026-09-16 17:26:33.605888,557
2026-09-16 17:26:33.609999,556
2026-09-16 17:26:33.618213,555
2026-09-16 17:26:33.622250,554
2026-09-16 17:26:33.626366,553
2026-09-16 17:26:33.630518,552
2026-09-16 17:26:33.638620,551
2026-09-16 17:26:33.642771,550
2026-09-16 17:26:33.646945,549
2026-09-16 17:26:33.651042,548
2026-09-16 17:26:33.659129,547
2026-09-16 17:26:33.663252,546
2026-09-16 17:26:33.667591,545
2026-09-16 17:26:33.675490,544
2026-09-16 17:26:33.679894,543
2026-09-16 17:26:33.683970,542
2026-09-16 17:26:33.687838,541
2026-09-16 17:26:33.695954,540
2026-09-16 17:26:33.700391,539
2026-09-16 17:26:33.704327,538
2026-09-16 17:26:33.708299,537
2026-09-16 17:26:33.716758,536
2026-09-16 17:26:33.720611,535
2026-09-16 17:26:33.724701,534
2026-09-16 17:26:33.733133,533
2026-09-16 17:26:33.736938,532
2026-09-16 17:26:33.741269,531
2026-09-16 17:26:33.745223,530
2026-09-16 17:26:33.753480,529
2026-09-16 17:26:33.757556,528
2026-09-16 17:26:33.761578,527
2026-09-16 17:26:33.765747,526
2026-09-16 17:26:33.773826,525
2026-09-16 17:26:33.777936,524
2026-09-16 17:26:33.782334,523
2026-09-16 17:26:33.790216,522
2026-09-16 17:26:33.794329,521
2026-09-16 17:26:33.798505,519
2026-09-16 17:26:33.802837,517
2026-09-16 17:26:33.810689,515
2026-09-16 17:26:33.815064,513
2026-09-16 17:26:33.819343,511
2026-09-16 17:26:33.823021,509
2026-09-16 17:26:33.831157,507
2026-09-16 17:26:33.835544,505
2026-09-16 17:26:33.839365,503
2026-09-16 17:26:33.843487,501
2026-09-16 17:26:33.851698,499
2026-09-16 17:26:33.855768,497
2026-09-16 17:26:33.859876,496
2026-09-16 17:26:33.868091,494
2026-09-16 17:26:33.872132,492
2026-09-16 17:26:33.876260,490
2026-09-16 17:26:33.880379,489
2026-09-16 17:26:33.888499,487
2026-09-16 17:26:33.892635,485
2026-09-16 17:26:33.896844,484
2026-09-16 17:26:33.901111,482
2026-09-16 17:26:33.908983,481
2026-09-16 17:26:33.913499,479
2026-09-16 17:26:33.917321,478
2026-09-16 17:26:33.925336,476
2026-09-16 17:26:33.929505,475
2026-09-16 17:26:33.933853,474
2026-09-16 17:26:33.937678,473
2026-09-16 17:26:33.945872,472
2026-09-16 17:26:33.950264,470
2026-09-16 17:26:33.954062,469
2026-09-16 17:26:33.958200,468
2026-09-16 17:26:33.966385,467
2026-09-16 17:26:33.970519,466
2026-09-16 17:26:33.974574,465
2026-09-16 17:26:33.978680,464
2026-09-16 17:26:33.986894,465
2026-09-16 17:26:33.990962,466
2026-09-16 17:26:34.003244,467
2026-09-16 17:26:34.011350,468
2026-09-16 17:26:34.015678,469
2026-09-16 17:26:34.023689,470
2026-09-16 17:26:34.028242,471
2026-09-16 17:26:34.036057,472
2026-09-16 17:26:34.040096,473
2026-09-16 17:26:34.044232,474
2026-09-16 17:26:34.048763,475
2026-09-16 17:26:34.056473,476
2026-09-16 17:26:34.060652,477
2026-09-16 17:26:34.064784,478
2026-09-16 17:26:34.069108,479
2026-09-16 17:26:34.076936,480
2026-09-16 17:26:34.081339,481
2026-09-16 17:26:34.085296,482
2026-09-16 17:26:34.093315,483
2026-09-16 17:26:34.097504,484
2026-09-16 17:26:34.101612,485
2026-09-16 17:26:34.105680,486
2026-09-16 17:26:34.113913,487
2026-09-16 17:26:34.118236,488
2026-09-16 17:26:34.122046,489
2026-09-16 17:26:34.126153,490
2026-09-16 17:26:34.134344,491
2026-09-16 17:26:34.138366,492
2026-09-16 17:26:34.142528,493
2026-09-16 17:26:34.150740,494
2026-09-16 17:26:34.154782,495
2026-09-16 17:26:34.158939,496
2026-09-16 17:26:34.163097,497
2026-09-16 17:26:34.171119,498
2026-09-16 17:26:34.175264,499
2026-09-16 17:26:34.179370,500
2026-09-16 17:26:34.183656,501
2026-09-16 17:26:34.191617,502
2026-09-16 17:26:34.196029,503
2026-09-16 17:26:34.200326,504
2026-09-16 17:26:34.203939,505
2026-09-16 17:26:34.212147,506
2026-09-16 17:26:34.216275,507
2026-09-16 17:26:34.220364,508
2026-09-16 17:26:34.228487,510
2026-09-16 17:26:34.232898,512
2026-09-16 17:26:34.236796,514
2026-09-16 17:26:34.240882,516
2026-09-16 17:26:34.249028,518
2026-09-16 17:26:34.253180,520
2026-09-16 17:26:34.257204,522
2026-09-16 17:26:34.261332,524
2026-09-16 17:26:34.269432,525
2026-09-16 17:26:34.273643,527
2026-09-16 17:26:34.277700,529
2026-09-16 17:26:34.285891,531
2026-09-16 17:26:34.289965,533
2026-09-16 17:26:34.294081,534
2026-09-16 17:26:34.298432,536
2026-09-16 17:26:34.306338,538
2026-09-16 17:26:34.310446,540
2026-09-16 17:26:34.314560,541
2026-09-16 17:26:34.318734,543
2026-09-16 17:26:34.326799,544
2026-09-16 17:26:34.331315,546
2026-09-16 17:26:34.335032,547
2026-09-16 17:26:34.343210,549
2026-09-16 17:26:34.347535,550
2026-09-16 17:26:34.351394,551
2026-09-16 17:26:34.355537,553
2026-09-16 17:26:34.363932,554
2026-09-16 17:26:34.368076,555
2026-09-16 17:26:34.371892,556
2026-09-16 17:26:34.376016,557
2026-09-16 17:26:34.384141,558
2026-09-16 17:26:34.388259,559
2026-09-16 17:26:34.392366,560
2026-09-16 17:26:34.396478,561
2026-09-16 17:26:34.404704,562
2026-09-16 17:26:34.408773,563
2026-09-16 17:26:34.413135,562
2026-09-16 17:26:34.421161,561
2026-09-16 17:26:34.425157,560
2026-09-16 17:26:34.433599,559
2026-09-16 17:26:34.441503,558
2026-09-16 17:26:34.449764,557
2026-09-16 17:26:34.453815,556
2026-09-16 17:26:34.457925,555
2026-09-16 17:26:34.466538,554
2026-09-16 17:26:34.470227,553
2026-09-16 17:26:34.474702,552
2026-09-16 17:26:34.478433,551
2026-09-16 17:26:34.486672,550
2026-09-16 17:26:34.490681,549
2026-09-16 17:26:34.494799,548
2026-09-16 17:26:34.499158,547
2026-09-16 17:26:34.507019,546
2026-09-16 17:26:34.511162,545
2026-09-16 17:26:34.515362,544
2026-09-16 17:26:34.523450,543
2026-09-16 17:26:34.527551,542
2026-09-16 17:26:34.531780,541
2026-09-16 17:26:34.535784,540
2026-09-16 17:26:34.543914,539
2026-09-16 17:26:34.548309,538
2026-09-16 17:26:34.552231,537
2026-09-16 17:26:34.556282,536
2026-09-16 17:26:34.564431,535
2026-09-16 17:26:34.568739,534
2026-09-16 17:26:34.572613,533
2026-09-16 17:26:34.581084,532
2026-09-16 17:26:34.584905,531
2026-09-16 17:26:34.589017,530
2026-09-16 17:26:34.593136,529
2026-09-16 17:26:34.601362,528
2026-09-16 17:26:34.605360,527
2026-09-16 17:26:34.609513,526
2026-09-16 17:26:34.614191,525
2026-09-16 17:26:34.621738,524
2026-09-16 17:26:34.625869,523
2026-09-16 17:26:34.630288,522
2026-09-16 17:26:34.634100,521
2026-09-16 17:26:34.642226,520
2026-09-16 17:26:34.646435,519
2026-09-16 17:26:34.650529,518
2026-09-16 17:26:34.658653,516
2026-09-16 17:26:34.662784,514
2026-09-16 17:26:34.666893,512
2026-09-16 17:26:34.670971,510
2026-09-16 17:26:34.679208,508
2026-09-16 17:26:34.683498,506
2026-09-16 17:26:34.687316,505
2026-09-16 17:26:34.691434,503
2026-09-16 17:26:34.699858,501
2026-09-16 17:26:34.703674,499
2026-09-16 17:26:34.707795,497
2026-09-16 17:26:34.716012,496
2026-09-16 17:26:34.720207,494
2026-09-16 17:26:34.724182,492
2026-09-16 17:26:34.728565,490
2026-09-16 17:26:34.736552,489
2026-09-16 17:26:34.740544,487
2026-09-16 17:26:34.744928,486
2026-09-16 17:26:34.749044,484
2026-09-16 17:26:34.756949,483
2026-09-16 17:26:34.761043,481
2026-09-16 17:26:34.765153,480
2026-09-16 17:26:34.773300,478
2026-09-16 17:26:34.777432,477
2026-09-16 17:26:34.781869,476
2026-09-16 17:26:34.785671,475
2026-09-16 17:26:34.793792,474
2026-09-16 17:26:34.798310,473
2026-09-16 17:26:34.802085,472
2026-09-16 17:26:34.806157,471
2026-09-16 17:26:34.814309,470
2026-09-16 17:26:34.818450,469
2026-09-16 17:26:34.822517,468
2026-09-16 17:26:34.826674,467
2026-09-16 17:26:34.835014,466
2026-09-16 17:26:34.838846,465
2026-09-16 17:26:34.843009,466
2026-09-16 17:26:34.851228,467
2026-09-16 17:26:34.855248,468
2026-09-16 17:26:34.863513,469
2026-09-16 17:26:34.871663,470
2026-09-16 17:26:34.875755,471
2026-09-16 17:26:34.884354,472
2026-09-16 17:26:34.888022,473
2026-09-16 17:26:34.892161,474
2026-09-16 17:26:34.896262,475
2026-09-16 17:26:34.904454,476
2026-09-16 17:26:34.908508,477
2026-09-16 17:26:34.912905,478
2026-09-16 17:26:34.916978,479
2026-09-16 17:26:34.924857,480
2026-09-16 17:26:34.929085,481
2026-09-16 17:26:34.933112,482
2026-09-16 17:26:34.941279,483
2026-09-16 17:26:34.945591,484
2026-09-16 17:26:34.949835,485
2026-09-16 17:26:34.953654,486
2026-09-16 17:26:34.961978,487
2026-09-16 17:26:34.965938,488
2026-09-16 17:26:34.969970,489
2026-09-16 17:26:34.974048,490
2026-09-16 17:26:34.982319,491
2026-09-16 17:26:34.986461,492
2026-09-16 17:26:34.990439,493
2026-09-16 17:26:34.998859,494
2026-09-16 17:26:35.002783,495
2026-09-16 17:26:35.006873,496
2026-09-16 17:26:35.011029,497
2026-09-16 17:26:35.019133,498
2026-09-16 17:26:35.023225,499
2026-09-16 17:26:35.027356,500
2026-09-16 17:26:35.031645,501
2026-09-16 17:26:35.039599,502
2026-09-16 17:26:35.044105,503
2026-09-16 17:26:35.048055,504
2026-09-16 17:26:35.055955,505
2026-09-16 17:26:35.060208,506
2026-09-16 17:26:35.064278,507
2026-09-16 17:26:35.068365,508
2026-09-16 17:26:35.076426,509
2026-09-16 17:26:35.081033,510
2026-09-16 17:26:35.085042,512
2026-09-16 17:26:35.088773,514
2026-09-16 17:26:35.096914,516
2026-09-16 17:26:35.101305,518
2026-09-16 17:26:35.105143,519
2026-09-16 17:26:35.109275,521
2026-09-16 17:26:35.117474,523
2026-09-16 17:26:35.121534,525
2026-09-16 17:26:35.125677,527
2026-09-16 17:26:35.134210,528
2026-09-16 17:26:35.137896,530
2026-09-16 17:26:35.142026,532
2026-09-16 17:26:35.146255,534
2026-09-16 17:26:35.154255,535
2026-09-16 17:26:35.158382,537
2026-09-16 17:26:35.162484,538
2026-09-16 17:26:35.166960,540
2026-09-16 17:26:35.174757,541
2026-09-16 17:26:35.178971,543
2026-09-16 17:26:35.183260,544
2026-09-16 17:26:35.191134,546
2026-09-16 17:26:35.195266,547
2026-09-16 17:26:35.199579,548
2026-09-16 17:26:35.203553,550
2026-09-16 17:26:35.211889,551
2026-09-16 17:26:35.215988,552
2026-09-16 17:26:35.219837,553
2026-09-16 17:26:35.223970,554
2026-09-16 17:26:35.232221,555
2026-09-16 17:26:35.236313,556
2026-09-16 17:26:35.240448,557
2026-09-16 17:26:35.244469,558
2026-09-16 17:26:35.252675,559
2026-09-16 17:26:35.256726,560
2026-09-16 17:26:35.260866,559
2026-09-16 17:26:35.269062,558
2026-09-16 17:26:35.277232,557
2026-09-16 17:26:35.285638,556
2026-09-16 17:26:35.293666,555
2026-09-16 17:26:35.301854,554
2026-09-16 17:26:35.305866,553
2026-09-16 17:26:35.314095,552
2026-09-16 17:26:35.318420,551
2026-09-16 17:26:35.322465,550
2026-09-16 17:26:35.326433,549
2026-09-16 17:26:35.334569,548
2026-09-16 17:26:35.338653,547
2026-09-16 17:26:35.342757,546
2026-09-16 17:26:35.346935,545
2026-09-16 17:26:35.355055,544
2026-09-16 17:26:35.359115,543
2026-09-16 17:26:35.363338,542
2026-09-16 17:26:35.371457,541
2026-09-16 17:26:35.375495,540
2026-09-16 17:26:35.379914,539
2026-09-16 17:26:35.383962,538
2026-09-16 17:26:35.391834,537
2026-09-16 17:26:35.396344,536
2026-09-16 17:26:35.400223,535
2026-09-16 17:26:35.404194,534
2026-09-16 17:26:35.412399,533
2026-09-16 17:26:35.416532,532
2026-09-16 17:26:35.420638,531
2026-09-16 17:26:35.424681,530
2026-09-16 17:26:35.432911,529
2026-09-16 17:26:35.437090,528
2026-09-16 17:26:35.441062,527
2026-09-16 17:26:35.449297,526
2026-09-16 17:26:35.453420,525
2026-09-16 17:26:35.457420,524
2026-09-16 17:26:35.461567,523
2026-09-16 17:26:35.469739,522
2026-09-16 17:26:35.473812,521
2026-09-16 17:26:35.478212,520
2026-09-16 17:26:35.482159,519
2026-09-16 17:26:35.490575,518
2026-09-16 17:26:35.494373,517
2026-09-16 17:26:35.498485,516
2026-09-16 17:26:35.506636,515
2026-09-16 17:26:35.511022,514
2026-09-16 17:26:35.514884,512
2026-09-16 17:26:35.518982,510
2026-09-16 17:26:35.527050,508
2026-09-16 17:26:35.531417,507
2026-09-16 17:26:35.535665,505
2026-09-16 17:26:35.539433,503
2026-09-16 17:26:35.547904,501
2026-09-16 17:26:35.551805,500
2026-09-16 17:26:35.555746,498
2026-09-16 17:26:35.563996,496
2026-09-16 17:26:35.568135,494
2026-09-16 17:26:35.572132,493
2026-09-16 17:26:35.576281,491
2026-09-16 17:26:35.584474,489
2026-09-16 17:26:35.588513,488
2026-09-16 17:26:35.592690,486
2026-09-16 17:26:35.596843,485
2026-09-16 17:26:35.604872,483
2026-09-16 17:26:35.608988,482
2026-09-16 17:26:35.613214,481
2026-09-16 17:26:35.617319,479
2026-09-16 17:26:35.625335,478
2026-09-16 17:26:35.629562,477
2026-09-16 17:26:35.634139,476
2026-09-16 17:26:35.641759,475
2026-09-16 17:26:35.646191,474
2026-09-16 17:26:35.650049,473
2026-09-16 17:26:35.654109,472
2026-09-16 17:26:35.662467,471
2026-09-16 17:26:35.666408,470
2026-09-16 17:26:35.670457,469
2026-09-16 17:26:35.674577,468
2026-09-16 17:26:35.682797,467
2026-09-16 17:26:35.686914,466
2026-09-16 17:26:35.690915,467
2026-09-16 17:26:35.699351,468
2026-09-16 17:26:35.707291,469
2026-09-16 17:26:35.715583,470
2026-09-16 17:26:35.723699,471
2026-09-16 17:26:35.727814,472
2026-09-16 17:26:35.736104,473
2026-09-16 17:26:35.740106,474
2026-09-16 17:26:35.744261,475
2026-09-16 17:26:35.752501,476
2026-09-16 17:26:35.756473,477
2026-09-16 17:26:35.760592,478
2026-09-16 17:26:35.764945,479
2026-09-16 17:26:35.772809,480
2026-09-16 17:26:35.776964,481
2026-09-16 17:26:35.781326,482
2026-09-16 17:26:35.785273,483
2026-09-16 17:26:35.793393,484
2026-09-16 17:26:35.797508,485
2026-09-16 17:26:35.801665,486
2026-09-16 17:26:35.809705,487
2026-09-16 17:26:35.814265,488
2026-09-16 17:26:35.818070,489
2026-09-16 17:26:35.822032,490
2026-09-16 17:26:35.830399,491
2026-09-16 17:26:35.834373,492
2026-09-16 17:26:35.838418,493
2026-09-16 17:26:35.842520,494
2026-09-16 17:26:35.850924,495
2026-09-16 17:26:35.854787,496
2026-09-16 17:26:35.858922,497
2026-09-16 17:26:35.867121,498
2026-09-16 17:26:35.871126,499
2026-09-16 17:26:35.875299,500
2026-09-16 17:26:35.879437,501
2026-09-16 17:26:35.887583,502
2026-09-16 17:26:35.891647,503
2026-09-16 17:26:35.896031,504
2026-09-16 17:26:35.900128,505
2026-09-16 17:26:35.908014,506
2026-09-16 17:26:35.912424,507
2026-09-16 17:26:35.916491,508
2026-09-16 17:26:35.924354,509
2026-09-16 17:26:35.928591,510
2026-09-16 17:26:35.932652,511
2026-09-16 17:26:35.936728,512
2026-09-16 17:26:35.945094,514
2026-09-16 17:26:35.949407,516
2026-09-16 17:26:35.953078,517
2026-09-16 17:26:35.957237,519
2026-09-16 17:26:35.965555,521
2026-09-16 17:26:35.969530,523
2026-09-16 17:26:35.973583,524
2026-09-16 17:26:35.977928,526
2026-09-16 17:26:35.985892,528
2026-09-16 17:26:35.989981,529
2026-09-16 17:26:35.994079,531
2026-09-16 17:26:36.002284,533
2026-09-16 17:26:36.006338,534
2026-09-16 17:26:36.010418,536
2026-09-16 17:26:36.014632,537
2026-09-16 17:26:36.022697,539
2026-09-16 17:26:36.026818,540
2026-09-16 17:26:36.031017,542
2026-09-16 17:26:36.035217,543
2026-09-16 17:26:36.043201,544
2026-09-16 17:26:36.047591,545
2026-09-16 17:26:36.051477,547
2026-09-16 17:26:36.059637,548
2026-09-16 17:26:36.063939,549
2026-09-16 17:26:36.068044,550
2026-09-16 17:26:36.071907,551
2026-09-16 17:26:36.080145,552
2026-09-16 17:26:36.084294,553
2026-09-16 17:26:36.088267,554
2026-09-16 17:26:36.092384,555
2026-09-16 17:26:36.100592,556
2026-09-16 17:26:36.104659,557
2026-09-16 17:26:36.108763,558
2026-09-16 17:26:36.113112,557
2026-09-16 17:26:36.121040,556
2026-09-16 17:26:36.133338,555
2026-09-16 17:26:36.141575,554
2026-09-16 17:26:36.145805,553
2026-09-16 17:26:36.153791,552
2026-09-16 17:26:36.157898,551
2026-09-16 17:26:36.166347,550
2026-09-16 17:26:36.170207,549
2026-09-16 17:26:36.174298,548
2026-09-16 17:26:36.182531,547
2026-09-16 17:26:36.186784,546
2026-09-16 17:26:36.190683,545
2026-09-16 17:26:36.194811,544
2026-09-16 17:26:36.203021,543
2026-09-16 17:26:36.207052,542
2026-09-16 17:26:36.211317,541
2026-09-16 17:26:36.215384,540
2026-09-16 17:26:36.223382,539
2026-09-16 17:26:36.227942,538
2026-09-16 17:26:36.231713,537
2026-09-16 17:26:36.239808,536
2026-09-16 17:26:36.243939,535
2026-09-16 17:26:36.248344,534
2026-09-16 17:26:36.252194,533
2026-09-16 17:26:36.260315,532
2026-09-16 17:26:36.264582,531
2026-09-16 17:26:36.268621,530
2026-09-16 17:26:36.272763,529
2026-09-16 17:26:36.281040,528
2026-09-16 17:26:36.285293,527
2026-09-16 17:26:36.289014,526
2026-09-16 17:26:36.297277,525
2026-09-16 17:26:36.301540,524
2026-09-16 17:26:36.305407,523
2026-09-16 17:26:36.309505,522
2026-09-16 17:26:36.317902,521
2026-09-16 17:26:36.321766,520
2026-09-16 17:26:36.325882,519
2026-09-16 17:26:36.330001,518
2026-09-16 17:26:36.338280,517
2026-09-16 17:26:36.342258,516
2026-09-16 17:26:36.346420,515
2026-09-16 17:26:36.350627,514
2026-09-16 17:26:36.358641,513
2026-09-16 17:26:36.362727,512
2026-09-16 17:26:36.366937,511
2026-09-16 17:26:36.374985,509
2026-09-16 17:26:36.379096,508
2026-09-16 17:26:36.383325,506
2026-09-16 17:26:36.387360,504
2026-09-16 17:26:36.395445,502
2026-09-16 17:26:36.399655,501
2026-09-16 17:26:36.403709,499
2026-09-16 17:26:36.407805,497
2026-09-16 17:26:36.416278,496
2026-09-16 17:26:36.420065,494
2026-09-16 17:26:36.424204,493
2026-09-16 17:26:36.432316,491
2026-09-16 17:26:36.436429,490
2026-09-16 17:26:36.440556,488
2026-09-16 17:26:36.444959,487
2026-09-16 17:26:36.452857,485
2026-09-16 17:26:36.456927,484
2026-09-16 17:26:36.461459,482
2026-09-16 17:26:36.465519,481
2026-09-16 17:26:36.473294,480
2026-09-16 17:26:36.477379,479
2026-09-16 17:26:36.481899,478
2026-09-16 17:26:36.485671,477
2026-09-16 17:26:36.493803,476
2026-09-16 17:26:36.498194,475
2026-09-16 17:26:36.502106,474
2026-09-16 17:26:36.510160,473
2026-09-16 17:26:36.514576,472
2026-09-16 17:26:36.518525,471
2026-09-16 17:26:36.522498,470
2026-09-16 17:26:36.530736,469
2026-09-16 17:26:36.534968,468
2026-09-16 17:26:36.538884,469
2026-09-16 17:26:36.542986,470
2026-09-16 17:26:36.551268,471
2026-09-16 17:26:36.559374,472
2026-09-16 17:26:36.567641,473
2026-09-16 17:26:36.575721,474
2026-09-16 17:26:36.580106,475
2026-09-16 17:26:36.588121,476
2026-09-16 17:26:36.592130,477
2026-09-16 17:26:36.596696,478
2026-09-16 17:26:36.604406,479
2026-09-16 17:26:36.608496,480
2026-09-16 17:26:36.612680,481
2026-09-16 17:26:36.620828,482
2026-09-16 17:26:36.624888,483
2026-09-16 17:26:36.629273,484
2026-09-16 17:26:36.633097,485
2026-09-16 17:26:36.641250,486
2026-09-16 17:26:36.645332,487
2026-09-16 17:26:36.649574,488
2026-09-16 17:26:36.653622,489
2026-09-16 17:26:36.662023,490
2026-09-16 17:26:36.666116,491
2026-09-16 17:26:36.669936,492
2026-09-16 17:26:36.674063,493
2026-09-16 17:26:36.682536,494
2026-09-16 17:26:36.686358,495
2026-09-16 17:26:36.690451,496
2026-09-16 17:26:36.698708,497
2026-09-16 17:26:36.702687,498
2026-09-16 17:26:36.706829,499
2026-09-16 17:26:36.710935,500
2026-09-16 17:26:36.719162,501
2026-09-16 17:26:36.723239,502
2026-09-16 17:26:36.727327,503
2026-09-16 17:26:36.731392,504
2026-09-16 17:26:36.739630,505
2026-09-16 17:26:36.743671,506
2026-09-16 17:26:36.747784,507
2026-09-16 17:26:36.755972,508
2026-09-16 17:26:36.760309,509
2026-09-16 17:26:36.764308,510
2026-09-16 17:26:36.768363,511
2026-09-16 17:26:36.776427,512
2026-09-16 17:26:36.780653,513
2026-09-16 17:26:36.784781,514
2026-09-16 17:26:36.788874,515
2026-09-16 17:26:36.797207,516
2026-09-16 17:26:36.801146,517
2026-09-16 17:26:36.805158,519
2026-09-16 17:26:36.809263,521
2026-09-16 17:26:36.817402,522
2026-09-16 17:26:36.821535,524
2026-09-16 17:26:36.825712,526
2026-09-16 17:26:36.833878,527
2026-09-16 17:26:36.837944,529
2026-09-16 17:26:36.842029,530
2026-09-16 17:26:36.846127,532
2026-09-16 17:26:36.854272,534
2026-09-16 17:26:36.858417,535
2026-09-16 17:26:36.862589,537
2026-09-16 17:26:36.866946,538
2026-09-16 17:26:36.874766,539
2026-09-16 17:26:36.878893,541
2026-09-16 17:26:36.883021,542
2026-09-16 17:26:36.891157,543
2026-09-16 17:26:36.895317,545
2026-09-16 17:26:36.899440,546
2026-09-16 17:26:36.903530,547
2026-09-16 17:26:36.911909,548
2026-09-16 17:26:36.916000,549
2026-09-16 17:26:36.919831,550
2026-09-16 17:26:36.923962,551
2026-09-16 17:26:36.932076,552
2026-09-16 17:26:36.936219,553
2026-09-16 17:26:36.940347,554
2026-09-16 17:26:36.948489,555
2026-09-16 17:26:36.952649,556
2026-09-16 17:26:36.956891,557
2026-09-16 17:26:36.960874,556
2026-09-16 17:26:36.973223,555
2026-09-16 17:26:36.985493,554
2026-09-16 17:26:36.993558,553
2026-09-16 17:26:36.997818,552
2026-09-16 17:26:37.005856,551
2026-09-16 17:26:37.009971,550
2026-09-16 17:26:37.018244,549
2026-09-16 17:26:37.022277,548
2026-09-16 17:26:37.026420,547
2026-09-16 17:26:37.034586,546
2026-09-16 17:26:37.038702,545
2026-09-16 17:26:37.042742,544
2026-09-16 17:26:37.050962,543
2026-09-16 17:26:37.055014,542
2026-09-16 17:26:37.059141,541
2026-09-16 17:26:37.063582,540
2026-09-16 17:26:37.071343,539
2026-09-16 17:26:37.075485,538
2026-09-16 17:26:37.079608,537
2026-09-16 17:26:37.083715,536
2026-09-16 17:26:37.091850,535
2026-09-16 17:26:37.095961,534
2026-09-16 17:26:37.100192,533
2026-09-16 17:26:37.104200,532
2026-09-16 17:26:37.112315,531
2026-09-16 17:26:37.116657,530
2026-09-16 17:26:37.120570,529
2026-09-16 17:26:37.129006,528
2026-09-16 17:26:37.132981,527
2026-09-16 17:26:37.136955,526
2026-09-16 17:26:37.141052,525
2026-09-16 17:26:37.149295,524
2026-09-16 17:26:37.153330,523
2026-09-16 17:26:37.157445,522
2026-09-16 17:26:37.162216,521
2026-09-16 17:26:37.169740,520
2026-09-16 17:26:37.173784,519
2026-09-16 17:26:37.178236,518
2026-09-16 17:26:37.186117,517
2026-09-16 17:26:37.190185,516
2026-09-16 17:26:37.194290,515
2026-09-16 17:26:37.198838,514
2026-09-16 17:26:37.206552,513
2026-09-16 17:26:37.210668,512
2026-09-16 17:26:37.214773,511
2026-09-16 17:26:37.218970,510
2026-09-16 17:26:37.227047,509
2026-09-16 17:26:37.231161,508
2026-09-16 17:26:37.235353,506
2026-09-16 17:26:37.239399,505
2026-09-16 17:26:37.247928,503
2026-09-16 17:26:37.251743,501
2026-09-16 17:26:37.255779,500
2026-09-16 17:26:37.263973,498
2026-09-16 17:26:37.268126,497
2026-09-16 17:26:37.272128,495
2026-09-16 17:26:37.276253,494
2026-09-16 17:26:37.284457,492
2026-09-16 17:26:37.288571,491
2026-09-16 17:26:37.292782,489
2026-09-16 17:26:37.296760,488
2026-09-16 17:26:37.304875,487
2026-09-16 17:26:37.308981,485
2026-09-16 17:26:37.313123,484
2026-09-16 17:26:37.321223,483
2026-09-16 17:26:37.325372,482
2026-09-16 17:26:37.329464,481
2026-09-16 17:26:37.333946,479
2026-09-16 17:26:37.341764,478
2026-09-16 17:26:37.345837,477
2026-09-16 17:26:37.349943,476
2026-09-16 17:26:37.354060,475
2026-09-16 17:26:37.362215,474
2026-09-16 17:26:37.366339,473
2026-09-16 17:26:37.370424,472
2026-09-16 17:26:37.378636,471
2026-09-16 17:26:37.382945,472
2026-09-16 17:26:37.390913,473
2026-09-16 17:26:37.403270,474
2026-09-16 17:26:37.411459,475
2026-09-16 17:26:37.419673,476
2026-09-16 17:26:37.427772,477
2026-09-16 17:26:37.436235,478
2026-09-16 17:26:37.440024,479
2026-09-16 17:26:37.444224,480
2026-09-16 17:26:37.452452,481
2026-09-16 17:26:37.456432,482
2026-09-16 17:26:37.460554,483
2026-09-16 17:26:37.464738,484
2026-09-16 17:26:37.472777,485
2026-09-16 17:26:37.476919,486
2026-09-16 17:26:37.481681,487
2026-09-16 17:26:37.489234,488
2026-09-16 17:26:37.493340,489
2026-09-16 17:26:37.497406,490
2026-09-16 17:26:37.501815,491
2026-09-16 17:26:37.509677,492
2026-09-16 17:26:37.513903,493
2026-09-16 17:26:37.518009,494
2026-09-16 17:26:37.522006,495
2026-09-16 17:26:37.530416,496
2026-09-16 17:26:37.534377,497
2026-09-16 17:26:37.538372,498
2026-09-16 17:26:37.542482,499
2026-09-16 17:26:37.550892,500
2026-09-16 17:26:37.554779,501
2026-09-16 17:26:37.558882,502
2026-09-16 17:26:37.567284,503
2026-09-16 17:26:37.571139,504
2026-09-16 17:26:37.575266,505
2026-09-16 17:26:37.579368,506
2026-09-16 17:26:37.587501,507
2026-09-16 17:26:37.591724,508
2026-09-16 17:26:37.595991,509
2026-09-16 17:26:37.599946,510
2026-09-16 17:26:37.607991,511
2026-09-16 17:26:37.612104,512
2026-09-16 17:26:37.616639,513
2026-09-16 17:26:37.624341,514
2026-09-16 17:26:37.628518,515
2026-09-16 17:26:37.632620,516
2026-09-16 17:26:37.636707,517
2026-09-16 17:26:37.644867,518
2026-09-16 17:26:37.649275,519
2026-09-16 17:26:37.653142,520
2026-09-16 17:26:37.657191,521
2026-09-16 17:26:37.665408,522
2026-09-16 17:26:37.669447,524
2026-09-16 17:26:37.673550,526
2026-09-16 17:26:37.677708,527
2026-09-16 17:26:37.685901,529
2026-09-16 17:26:37.689946,530
2026-09-16 17:26:37.694069,532
2026-09-16 17:26:37.702303,533
2026-09-16 17:26:37.706348,535
2026-09-16 17:26:37.710425,536
2026-09-16 17:26:37.714827,537
2026-09-16 17:26:37.722673,539
2026-09-16 17:26:37.727206,540
2026-09-16 17:26:37.731017,541
2026-09-16 17:26:37.735091,543
2026-09-16 17:26:37.743189,544
2026-09-16 17:26:37.747366,545
2026-09-16 17:26:37.751510,546
2026-09-16 17:26:37.759551,547
2026-09-16 17:26:37.763673,548
2026-09-16 17:26:37.767776,549
2026-09-16 17:26:37.771905,550
2026-09-16 17:26:37.780297,551
2026-09-16 17:26:37.784226,552
2026-09-16 17:26:37.788239,553
2026-09-16 17:26:37.792401,554
2026-09-16 17:26:37.800600,555
2026-09-16 17:26:37.804694,556
2026-09-16 17:26:37.808763,555
2026-09-16 17:26:37.817030,554
2026-09-16 17:26:37.829289,553
2026-09-16 17:26:37.837406,552
2026-09-16 17:26:37.845592,551
2026-09-16 17:26:37.853832,550
2026-09-16 17:26:37.857897,549
2026-09-16 17:26:37.866146,548
2026-09-16 17:26:37.870185,547
2026-09-16 17:26:37.874281,546
2026-09-16 17:26:37.882753,545
2026-09-16 17:26:37.886573,544
2026-09-16 17:26:37.890667,543
2026-09-16 17:26:37.894780,542
2026-09-16 17:26:37.902979,541
2026-09-16 17:26:37.907045,540
2026-09-16 17:26:37.911151,539
2026-09-16 17:26:37.919375,538
2026-09-16 17:26:37.923397,537
2026-09-16 17:26:37.927542,536
2026-09-16 17:26:37.931677,535
2026-09-16 17:26:37.939801,534
2026-09-16 17:26:37.943910,533
2026-09-16 17:26:37.948019,532
2026-09-16 17:26:37.952276,531
2026-09-16 17:26:37.960531,530
2026-09-16 17:26:37.964509,529
2026-09-16 17:26:37.968586,528
2026-09-16 17:26:37.972596,527
2026-09-16 17:26:37.980753,526
2026-09-16 17:26:37.984857,525
2026-09-16 17:26:37.989000,524
2026-09-16 17:26:37.997287,523
2026-09-16 17:26:38.001505,522
2026-09-16 17:26:38.005379,521
2026-09-16 17:26:38.009485,520
2026-09-16 17:26:38.017802,519
2026-09-16 17:26:38.021760,518
2026-09-16 17:26:38.025846,517
2026-09-16 17:26:38.029950,516
2026-09-16 17:26:38.038086,515
2026-09-16 17:26:38.042243,514
2026-09-16 17:26:38.046430,513
2026-09-16 17:26:38.054545,512
2026-09-16 17:26:38.058690,511
2026-09-16 17:26:38.062716,510
2026-09-16 17:26:38.067100,509
2026-09-16 17:26:38.074965,508
2026-09-16 17:26:38.079522,507
2026-09-16 17:26:38.083219,506
2026-09-16 17:26:38.087329,505
2026-09-16 17:26:38.095566,504
2026-09-16 17:26:38.099883,502
2026-09-16 17:26:38.103684,501
2026-09-16 17:26:38.107784,499
2026-09-16 17:26:38.116241,498
2026-09-16 17:26:38.120065,496
2026-09-16 17:26:38.124190,495
2026-09-16 17:26:38.132561,493
2026-09-16 17:26:38.136421,492
2026-09-16 17:26:38.140557,491
2026-09-16 17:26:38.145019,489
2026-09-16 17:26:38.152895,488
2026-09-16 17:26:38.156935,487
2026-09-16 17:26:38.161030,486
2026-09-16 17:26:38.165410,484
2026-09-16 17:26:38.173309,483
2026-09-16 17:26:38.177451,482
2026-09-16 17:26:38.181622,481
2026-09-16 17:26:38.189674,480
2026-09-16 17:26:38.193786,479
2026-09-16 17:26:38.198014,478
2026-09-16 17:26:38.202061,477
2026-09-16 17:26:38.210154,476
2026-09-16 17:26:38.214532,475
2026-09-16 17:26:38.218367,474
2026-09-16 17:26:38.222451,473
2026-09-16 17:26:38.230698,472
2026-09-16 17:26:38.234758,473
2026-09-16 17:26:38.247283,474
2026-09-16 17:26:38.255336,475
2026-09-16 17:26:38.267480,476
2026-09-16 17:26:38.271711,477
2026-09-16 17:26:38.279832,478
2026-09-16 17:26:38.288002,479
2026-09-16 17:26:38.292111,480
2026-09-16 17:26:38.296500,481
2026-09-16 17:26:38.304378,482
2026-09-16 17:26:38.308519,483
2026-09-16 17:26:38.312951,484
2026-09-16 17:26:38.320758,485
2026-09-16 17:26:38.324872,486
2026-09-16 17:26:38.328973,487
2026-09-16 17:26:38.333353,488
2026-09-16 17:26:38.341232,489
2026-09-16 17:26:38.345347,490
2026-09-16 17:26:38.349460,491
2026-09-16 17:26:38.353579,492
2026-09-16 17:26:38.361746,493
2026-09-16 17:26:38.366327,494
2026-09-16 17:26:38.369949,495
2026-09-16 17:26:38.378090,496
2026-09-16 17:26:38.382258,497
2026-09-16 17:26:38.386369,498
2026-09-16 17:26:38.390419,499
2026-09-16 17:26:38.398754,500
2026-09-16 17:26:38.402705,501
2026-09-16 17:26:38.406802,502
2026-09-16 17:26:38.410942,503
2026-09-16 17:26:38.419185,504
2026-09-16 17:26:38.423156,505
2026-09-16 17:26:38.427389,506
2026-09-16 17:26:38.435511,507
2026-09-16 17:26:38.439583,508
2026-09-16 17:26:38.443719,509
2026-09-16 17:26:38.447809,510
2026-09-16 17:26:38.455947,511
2026-09-16 17:26:38.460083,512
2026-09-16 17:26:38.464271,513
2026-09-16 17:26:38.468378,514
2026-09-16 17:26:38.476410,515
2026-09-16 17:26:38.480556,516
2026-09-16 17:26:38.484808,517
2026-09-16 17:26:38.492829,518
2026-09-16 17:26:38.496931,519
2026-09-16 17:26:38.501133,520
2026-09-16 17:26:38.505245,521
2026-09-16 17:26:38.513313,522
2026-09-16 17:26:38.517531,523
2026-09-16 17:26:38.521517,524
2026-09-16 17:26:38.525645,525
2026-09-16 17:26:38.533856,527
2026-09-16 17:26:38.538061,528
2026-09-16 17:26:38.542011,530
2026-09-16 17:26:38.546484,531
2026-09-16 17:26:38.554391,532
2026-09-16 17:26:38.558451,534
2026-09-16 17:26:38.562493,535
2026-09-16 17:26:38.570652,536
2026-09-16 17:26:38.574760,538
2026-09-16 17:26:38.578867,539
2026-09-16 17:26:38.582999,540
2026-09-16 17:26:38.591133,541
2026-09-16 17:26:38.595253,542
2026-09-16 17:26:38.599438,544
2026-09-16 17:26:38.603470,545
2026-09-16 17:26:38.611681,546
2026-09-16 17:26:38.615827,547
2026-09-16 17:26:38.619812,548
2026-09-16 17:26:38.628002,549
2026-09-16 17:26:38.632394,550
2026-09-16 17:26:38.636244,551
2026-09-16 17:26:38.640337,552
2026-09-16 17:26:38.648625,553
2026-09-16 17:26:38.652976,552
2026-09-16 17:26:38.669061,551
2026-09-16 17:26:38.681269,550
2026-09-16 17:26:38.689459,549
2026-09-16 17:26:38.697933,548
2026-09-16 17:26:38.705812,547
2026-09-16 17:26:38.710278,546
2026-09-16 17:26:38.718230,545
2026-09-16 17:26:38.722234,544
2026-09-16 17:26:38.730519,543
2026-09-16 17:26:38.734596,542
2026-09-16 17:26:38.738709,541
2026-09-16 17:26:38.742752,540
2026-09-16 17:26:38.750870,539
2026-09-16 17:26:38.754998,538
2026-09-16 17:26:38.759124,537
2026-09-16 17:26:38.763479,536
2026-09-16 17:26:38.771327,535
2026-09-16 17:26:38.775851,534
2026-09-16 17:26:38.779871,533
2026-09-16 17:26:38.783839,532
2026-09-16 17:26:38.791885,531
2026-09-16 17:26:38.796069,530
2026-09-16 17:26:38.800222,529
2026-09-16 17:26:38.808246,528
2026-09-16 17:26:38.812344,527
2026-09-16 17:26:38.816609,526
2026-09-16 17:26:38.820580,525
2026-09-16 17:26:38.828996,524
2026-09-16 17:26:38.832935,523
2026-09-16 17:26:38.836952,522
2026-09-16 17:26:38.841063,521
2026-09-16 17:26:38.849270,520
2026-09-16 17:26:38.853315,519
2026-09-16 17:26:38.857419,518
2026-09-16 17:26:38.865849,517
2026-09-16 17:26:38.869691,516
2026-09-16 17:26:38.873819,515
2026-09-16 17:26:38.878352,514
2026-09-16 17:26:38.886135,513
2026-09-16 17:26:38.890214,512
2026-09-16 17:26:38.894370,511
2026-09-16 17:26:38.898644,510
2026-09-16 17:26:38.906534,509
2026-09-16 17:26:38.910707,508
2026-09-16 17:26:38.914886,507
2026-09-16 17:26:38.922932,506
2026-09-16 17:26:38.927059,505
2026-09-16 17:26:38.931142,504
2026-09-16 17:26:38.935453,503
2026-09-16 17:26:38.943391,502
2026-09-16 17:26:38.947538,501
2026-09-16 17:26:38.951798,500
2026-09-16 17:26:38.955726,499
2026-09-16 17:26:38.963993,498
2026-09-16 17:26:38.968116,496
2026-09-16 17:26:38.972324,495
2026-09-16 17:26:38.976266,494
2026-09-16 17:26:38.984485,492
2026-09-16 17:26:38.988566,491
2026-09-16 17:26:38.992634,490
2026-09-16 17:26:39.000722,488
2026-09-16 17:26:39.004909,487
2026-09-16 17:26:39.009355,486
2026-09-16 17:26:39.013347,485
2026-09-16 17:26:39.021406,484
2026-09-16 17:26:39.025411,483
2026-09-16 17:26:39.029549,482
2026-09-16 17:26:39.033653,481
2026-09-16 17:26:39.041957,480
2026-09-16 17:26:39.046089,479
2026-09-16 17:26:39.050403,478
2026-09-16 17:26:39.058104,477
2026-09-16 17:26:39.062319,476
2026-09-16 17:26:39.066600,475
2026-09-16 17:26:39.070424,474
2026-09-16 17:26:39.078612,473
2026-09-16 17:26:39.086836,474
2026-09-16 17:26:39.099571,475
2026-09-16 17:26:39.111571,476
2026-09-16 17:26:39.119642,477
2026-09-16 17:26:39.127977,478
2026-09-16 17:26:39.131984,479
2026-09-16 17:26:39.140027,480
2026-09-16 17:26:39.144602,481
2026-09-16 17:26:39.152504,482
2026-09-16 17:26:39.156441,483
2026-09-16 17:26:39.160549,484
2026-09-16 17:26:39.168786,485
2026-09-16 17:26:39.172832,486
2026-09-16 17:26:39.176927,487
2026-09-16 17:26:39.181030,488
2026-09-16 17:26:39.189197,489
2026-09-16 17:26:39.193324,490
2026-09-16 17:26:39.197683,491
2026-09-16 17:26:39.201641,492
2026-09-16 17:26:39.209696,493
2026-09-16 17:26:39.214049,494
2026-09-16 17:26:39.217997,495
2026-09-16 17:26:39.226054,496
2026-09-16 17:26:39.230281,497
2026-09-16 17:26:39.234365,498
2026-09-16 17:26:39.238451,499
2026-09-16 17:26:39.246520,500
2026-09-16 17:26:39.250784,501
2026-09-16 17:26:39.254779,502
2026-09-16 17:26:39.259091,503
2026-09-16 17:26:39.267277,504
2026-09-16 17:26:39.271129,505
2026-09-16 17:26:39.275246,506
2026-09-16 17:26:39.279626,507
2026-09-16 17:26:39.287481,508
2026-09-16 17:26:39.291707,509
2026-09-16 17:26:39.295987,510
2026-09-16 17:26:39.303869,511
2026-09-16 17:26:39.307977,512
2026-09-16 17:26:39.312234,513
2026-09-16 17:26:39.316347,514
2026-09-16 17:26:39.324319,515
2026-09-16 17:26:39.328495,516
2026-09-16 17:26:39.332930,517
2026-09-16 17:26:39.336742,518
2026-09-16 17:26:39.344899,519
2026-09-16 17:26:39.349255,520
2026-09-16 17:26:39.353061,521
2026-09-16 17:26:39.361250,522
2026-09-16 17:26:39.365429,523
2026-09-16 17:26:39.369451,524
2026-09-16 17:26:39.373596,525
2026-09-16 17:26:39.382208,526
2026-09-16 17:26:39.385800,527
2026-09-16 17:26:39.389959,528
2026-09-16 17:26:39.394068,529
2026-09-16 17:26:39.402204,530
2026-09-16 17:26:39.406307,532
2026-09-16 17:26:39.410428,533
2026-09-16 17:26:39.414516,534
2026-09-16 17:26:39.422681,535
2026-09-16 17:26:39.426809,537
2026-09-16 17:26:39.431015,538
2026-09-16 17:26:39.439069,539
2026-09-16 17:26:39.443192,540
2026-09-16 17:26:39.447556,541
2026-09-16 17:26:39.451474,542
2026-09-16 17:26:39.459850,543
2026-09-16 17:26:39.463875,544
2026-09-16 17:26:39.467848,545
2026-09-16 17:26:39.471898,546
2026-09-16 17:26:39.480115,547
2026-09-16 17:26:39.484401,548
2026-09-16 17:26:39.488292,549
2026-09-16 17:26:39.496401,550
2026-09-16 17:26:39.500592,551
2026-09-16 17:26:39.508736,550
2026-09-16 17:26:39.525109,549
2026-09-16 17:26:39.533424,548
2026-09-16 17:26:39.541891,547
2026-09-16 17:26:39.549821,546
2026-09-16 17:26:39.557873,545
2026-09-16 17:26:39.566478,544
2026-09-16 17:26:39.570160,543
2026-09-16 17:26:39.574301,542
2026-09-16 17:26:39.582590,541
2026-09-16 17:26:39.586568,540
2026-09-16 17:26:39.590719,539
2026-09-16 17:26:39.598827,538
2026-09-16 17:26:39.602960,537
2026-09-16 17:26:39.607067,536
2026-09-16 17:26:39.611522,535
2026-09-16 17:26:39.619345,534
2026-09-16 17:26:39.623420,533
2026-09-16 17:26:39.627538,532
2026-09-16 17:26:39.631739,531
2026-09-16 17:26:39.639791,530
2026-09-16 17:26:39.644010,529
2026-09-16 17:26:39.648308,528
2026-09-16 17:26:39.656194,527
2026-09-16 17:26:39.660309,526
2026-09-16 17:26:39.664432,525
2026-09-16 17:26:39.668584,524
2026-09-16 17:26:39.676732,523
2026-09-16 17:26:39.680808,522
2026-09-16 17:26:39.684861,521
2026-09-16 17:26:39.688983,520
2026-09-16 17:26:39.697136,519
2026-09-16 17:26:39.701340,518
2026-09-16 17:26:39.705355,517
2026-09-16 17:26:39.709476,516
2026-09-16 17:26:39.717754,515
2026-09-16 17:26:39.721778,514
2026-09-16 17:26:39.726120,513
2026-09-16 17:26:39.734099,512
2026-09-16 17:26:39.738126,511
2026-09-16 17:26:39.742261,510
2026-09-16 17:26:39.746623,509
2026-09-16 17:26:39.754496,508
2026-09-16 17:26:39.758620,507
2026-09-16 17:26:39.762736,506
2026-09-16 17:26:39.766924,505
2026-09-16 17:26:39.774978,504
2026-09-16 17:26:39.779393,503
2026-09-16 17:26:39.783203,502
2026-09-16 17:26:39.791321,501
2026-09-16 17:26:39.795872,500
2026-09-16 17:26:39.799686,499
2026-09-16 17:26:39.803731,498
2026-09-16 17:26:39.812142,497
2026-09-16 17:26:39.816056,496
2026-09-16 17:26:39.820074,495
2026-09-16 17:26:39.824193,494
2026-09-16 17:26:39.832395,493
2026-09-16 17:26:39.836421,492
2026-09-16 17:26:39.840837,491
2026-09-16 17:26:39.844737,490
2026-09-16 17:26:39.852806,489
2026-09-16 17:26:39.856947,487
2026-09-16 17:26:39.861038,486
2026-09-16 17:26:39.869272,485
2026-09-16 17:26:39.873304,484
2026-09-16 17:26:39.877610,483
2026-09-16 17:26:39.881622,482
2026-09-16 17:26:39.889662,481
2026-09-16 17:26:39.893734,480
2026-09-16 17:26:39.898339,479
2026-09-16 17:26:39.902119,478
2026-09-16 17:26:39.910247,477
2026-09-16 17:26:39.914246,476
2026-09-16 17:26:39.918415,475
2026-09-16 17:26:39.926504,476
2026-09-16 17:26:39.938878,477
2026-09-16 17:26:39.955203,478
2026-09-16 17:26:39.963620,479
2026-09-16 17:26:39.971607,480
2026-09-16 17:26:39.979909,481
2026-09-16 17:26:39.987981,482
2026-09-16 17:26:39.992105,483
2026-09-16 17:26:40.000347,484
2026-09-16 17:26:40.004393,485
2026-09-16 17:26:40.008489,486
2026-09-16 17:26:40.012599,487
2026-09-16 17:26:40.020808,488
2026-09-16 17:26:40.024874,489
2026-09-16 17:26:40.029095,490
2026-09-16 17:26:40.037180,491
2026-09-16 17:26:40.041254,492
2026-09-16 17:26:40.045652,493
2026-09-16 17:26:40.049557,494
2026-09-16 17:26:40.057682,495
2026-09-16 17:26:40.061909,496
2026-09-16 17:26:40.065929,497
2026-09-16 17:26:40.069961,498
2026-09-16 17:26:40.078662,499
2026-09-16 17:26:40.082328,500
2026-09-16 17:26:40.086352,501
2026-09-16 17:26:40.094567,502
2026-09-16 17:26:40.098883,503
2026-09-16 17:26:40.102728,504
2026-09-16 17:26:40.106809,505
2026-09-16 17:26:40.115040,506
2026-09-16 17:26:40.119082,507
2026-09-16 17:26:40.123204,508
2026-09-16 17:26:40.127304,509
2026-09-16 17:26:40.135414,510
2026-09-16 17:26:40.139554,511
2026-09-16 17:26:40.143819,512
2026-09-16 17:26:40.151927,513
2026-09-16 17:26:40.155920,514
2026-09-16 17:26:40.160056,515
2026-09-16 17:26:40.164265,516
2026-09-16 17:26:40.172394,517
2026-09-16 17:26:40.176506,518
2026-09-16 17:26:40.180832,519
2026-09-16 17:26:40.184678,520
2026-09-16 17:26:40.193021,521
2026-09-16 17:26:40.197191,522
2026-09-16 17:26:40.201118,523
2026-09-16 17:26:40.205155,524
2026-09-16 17:26:40.213269,525
2026-09-16 17:26:40.217622,526
2026-09-16 17:26:40.221528,527
2026-09-16 17:26:40.229760,528
2026-09-16 17:26:40.233996,529
2026-09-16 17:26:40.237917,530
2026-09-16 17:26:40.242273,531
2026-09-16 17:26:40.250350,532
2026-09-16 17:26:40.254273,533
2026-09-16 17:26:40.258422,534
2026-09-16 17:26:40.262503,535
2026-09-16 17:26:40.270706,536
2026-09-16 17:26:40.274751,537
2026-09-16 17:26:40.279149,538
2026-09-16 17:26:40.287002,539
2026-09-16 17:26:40.291128,540
2026-09-16 17:26:40.295282,541
2026-09-16 17:26:40.299378,542
2026-09-16 17:26:40.307513,543
2026-09-16 17:26:40.311799,544
2026-09-16 17:26:40.316231,545
2026-09-16 17:26:40.319821,546
2026-09-16 17:26:40.327993,547
2026-09-16 17:26:40.332107,548
2026-09-16 17:26:40.336223,549
2026-09-16 17:26:40.340302,550
2026-09-16 17:26:40.348536,549
2026-09-16 17:26:40.364958,548
2026-09-16 17:26:40.377416,547
2026-09-16 17:26:40.385354,546
2026-09-16 17:26:40.397685,545
2026-09-16 17:26:40.401755,544
2026-09-16 17:26:40.409952,543
2026-09-16 17:26:40.418163,542
2026-09-16 17:26:40.422239,541
2026-09-16 17:26:40.430353,540
2026-09-16 17:26:40.434562,539
2026-09-16 17:26:40.438572,538
2026-09-16 17:26:40.447219,537
2026-09-16 17:26:40.450971,536
2026-09-16 17:26:40.455050,535
2026-09-16 17:26:40.459125,534
2026-09-16 17:26:40.467403,533
2026-09-16 17:26:40.471400,532
2026-09-16 17:26:40.475497,531
2026-09-16 17:26:40.479887,530
2026-09-16 17:26:40.487727,529
2026-09-16 17:26:40.491820,528
2026-09-16 17:26:40.496334,527
2026-09-16 17:26:40.500373,526
2026-09-16 17:26:40.508250,525
2026-09-16 17:26:40.512443,524
2026-09-16 17:26:40.516552,523
2026-09-16 17:26:40.524609,522
2026-09-16 17:26:40.528728,521
2026-09-16 17:26:40.533105,520
2026-09-16 17:26:40.536941,519
2026-09-16 17:26:40.545209,518
2026-09-16 17:26:40.549312,517
2026-09-16 17:26:40.553326,516
2026-09-16 17:26:40.557398,515
2026-09-16 17:26:40.565682,514
2026-09-16 17:26:40.569725,513
2026-09-16 17:26:40.573811,512
2026-09-16 17:26:40.582310,511
2026-09-16 17:26:40.586058,510
2026-09-16 17:26:40.590189,509
2026-09-16 17:26:40.594545,508
2026-09-16 17:26:40.602456,507
2026-09-16 17:26:40.606536,506
2026-09-16 17:26:40.610996,505
2026-09-16 17:26:40.615034,504
2026-09-16 17:26:40.622921,503
2026-09-16 17:26:40.627039,502
2026-09-16 17:26:40.631261,501
2026-09-16 17:26:40.639318,500
2026-09-16 17:26:40.643449,499
2026-09-16 17:26:40.647618,498
2026-09-16 17:26:40.651721,497
2026-09-16 17:26:40.659768,496
2026-09-16 17:26:40.664191,495
2026-09-16 17:26:40.667977,494
2026-09-16 17:26:40.672122,493
2026-09-16 17:26:40.680375,492
2026-09-16 17:26:40.684440,491
2026-09-16 17:26:40.688571,490
2026-09-16 17:26:40.692942,489
2026-09-16 17:26:40.700812,488
2026-09-16 17:26:40.705270,487
2026-09-16 17:26:40.708992,486
2026-09-16 17:26:40.717247,485
2026-09-16 17:26:40.721260,484
2026-09-16 17:26:40.725362,483
2026-09-16 17:26:40.729430,482
2026-09-16 17:26:40.737619,481
2026-09-16 17:26:40.741748,480
2026-09-16 17:26:40.745851,479
2026-09-16 17:26:40.750058,478
2026-09-16 17:26:40.758082,477
2026-09-16 17:26:40.779008,478
2026-09-16 17:26:40.795095,479
2026-09-16 17:26:40.807274,480
2026-09-16 17:26:40.815789,481
2026-09-16 17:26:40.823730,482
2026-09-16 17:26:40.831951,483
2026-09-16 17:26:40.839992,484
2026-09-16 17:26:40.844427,485
2026-09-16 17:26:40.852369,486
2026-09-16 17:26:40.856403,487
2026-09-16 17:26:40.860570,488
2026-09-16 17:26:40.868754,489
2026-09-16 17:26:40.872819,490
2026-09-16 17:26:40.876983,491
2026-09-16 17:26:40.885156,492
2026-09-16 17:26:40.889291,493
2026-09-16 17:26:40.893567,494
2026-09-16 17:26:40.897634,495
2026-09-16 17:26:40.905709,496
2026-09-16 17:26:40.909864,497
2026-09-16 17:26:40.914265,498
2026-09-16 17:26:40.917894,499
2026-09-16 17:26:40.926041,500
2026-09-16 17:26:40.930160,501
2026-09-16 17:26:40.934252,502
2026-09-16 17:26:40.938407,503
2026-09-16 17:26:40.946525,504
2026-09-16 17:26:40.950815,505
2026-09-16 17:26:40.954813,506
2026-09-16 17:26:40.962994,507
2026-09-16 17:26:40.967115,508
2026-09-16 17:26:40.971153,509
2026-09-16 17:26:40.975279,510
2026-09-16 17:26:40.983503,511
2026-09-16 17:26:40.987523,512
2026-09-16 17:26:40.991622,513
2026-09-16 17:26:40.995807,514
2026-09-16 17:26:41.003932,515
2026-09-16 17:26:41.008037,516
2026-09-16 17:26:41.012148,517
2026-09-16 17:26:41.020337,518
2026-09-16 17:26:41.024380,519
2026-09-16 17:26:41.028523,520
2026-09-16 17:26:41.032640,521
2026-09-16 17:26:41.040760,522
2026-09-16 17:26:41.044876,523
2026-09-16 17:26:41.049070,524
2026-09-16 17:26:41.053092,525
2026-09-16 17:26:41.061229,526
2026-09-16 17:26:41.065404,527
2026-09-16 17:26:41.069506,528
2026-09-16 17:26:41.073575,529
2026-09-16 17:26:41.081996,530
2026-09-16 17:26:41.085918,531
2026-09-16 17:26:41.089988,532
2026-09-16 17:26:41.098373,533
2026-09-16 17:26:41.102212,534
2026-09-16 17:26:41.106347,535
2026-09-16 17:26:41.110626,536
2026-09-16 17:26:41.118549,537
2026-09-16 17:26:41.122726,538
2026-09-16 17:26:41.126820,539
2026-09-16 17:26:41.131019,540
2026-09-16 17:26:41.139030,541
2026-09-16 17:26:41.143195,542
2026-09-16 17:26:41.147586,543
2026-09-16 17:26:41.155521,544
2026-09-16 17:26:41.159665,545
2026-09-16 17:26:41.163845,546
2026-09-16 17:26:41.167755,547
2026-09-16 17:26:41.175917,548
2026-09-16 17:26:41.200611,547
2026-09-16 17:26:41.217011,546
2026-09-16 17:26:41.229340,545
2026-09-16 17:26:41.241427,544
2026-09-16 17:26:41.249972,543
2026-09-16 17:26:41.257834,542
2026-09-16 17:26:41.262039,541
2026-09-16 17:26:41.270210,540
2026-09-16 17:26:41.274321,539
2026-09-16 17:26:41.282545,538
2026-09-16 17:26:41.286538,537
2026-09-16 17:26:41.290772,536
2026-09-16 17:26:41.299076,535
2026-09-16 17:26:41.302936,534
2026-09-16 17:26:41.307053,533
2026-09-16 17:26:41.315300,532
2026-09-16 17:26:41.319291,531
2026-09-16 17:26:41.323413,530
2026-09-16 17:26:41.327646,529
2026-09-16 17:26:41.335736,528
2026-09-16 17:26:41.339792,527
2026-09-16 17:26:41.344014,526
2026-09-16 17:26:41.348022,525
2026-09-16 17:26:41.356145,524
2026-09-16 17:26:41.360275,523
2026-09-16 17:26:41.364625,522
2026-09-16 17:26:41.372552,521
2026-09-16 17:26:41.376977,520
2026-09-16 17:26:41.380745,519
2026-09-16 17:26:41.384855,518
2026-09-16 17:26:41.393016,517
2026-09-16 17:26:41.397294,516
2026-09-16 17:26:41.401276,515
2026-09-16 17:26:41.405342,514
2026-09-16 17:26:41.413842,513
2026-09-16 17:26:41.417602,512
2026-09-16 17:26:41.421781,511
2026-09-16 17:26:41.425854,510
2026-09-16 17:26:41.434076,509
2026-09-16 17:26:41.438089,508
2026-09-16 17:26:41.442273,507
2026-09-16 17:26:41.450360,506
2026-09-16 17:26:41.454477,505
2026-09-16 17:26:41.458575,504
2026-09-16 17:26:41.462815,503
2026-09-16 17:26:41.470881,502
2026-09-16 17:26:41.474995,501
2026-09-16 17:26:41.479100,500
2026-09-16 17:26:41.483331,499
2026-09-16 17:26:41.491301,498
2026-09-16 17:26:41.495622,497
2026-09-16 17:26:41.499665,496
2026-09-16 17:26:41.507738,495
2026-09-16 17:26:41.511846,494
2026-09-16 17:26:41.516324,493
2026-09-16 17:26:41.520059,492
2026-09-16 17:26:41.528506,491
2026-09-16 17:26:41.532631,490
2026-09-16 17:26:41.536430,489
2026-09-16 17:26:41.540605,488
2026-09-16 17:26:41.548793,487
2026-09-16 17:26:41.552780,486
2026-09-16 17:26:41.556922,485
2026-09-16 17:26:41.565163,484
2026-09-16 17:26:41.569202,483
2026-09-16 17:26:41.573327,482
2026-09-16 17:26:41.577443,481
2026-09-16 17:26:41.585556,480
2026-09-16 17:26:41.589735,479
2026-09-16 17:26:41.594050,478
2026-09-16 17:26:41.634747,479
2026-09-16 17:26:41.651103,480
2026-09-16 17:26:41.659442,481
2026-09-16 17:26:41.671561,482
2026-09-16 17:26:41.676017,483
2026-09-16 17:26:41.684013,484
2026-09-16 17:26:41.692090,485
2026-09-16 17:26:41.696631,486
2026-09-16 17:26:41.704394,487
2026-09-16 17:26:41.708575,488
2026-09-16 17:26:41.716787,489
2026-09-16 17:26:41.721023,490
2026-09-16 17:26:41.725115,491
2026-09-16 17:26:41.733282,492
2026-09-16 17:26:41.737138,493
2026-09-16 17:26:41.741328,494
2026-09-16 17:26:41.745506,495
2026-09-16 17:26:41.753499,496
2026-09-16 17:26:41.757905,497
2026-09-16 17:26:41.761848,498
2026-09-16 17:26:41.765954,499
2026-09-16 17:26:41.774048,500
2026-09-16 17:26:41.778247,501
2026-09-16 17:26:41.782325,502
2026-09-16 17:26:41.786323,503
2026-09-16 17:26:41.794532,504
2026-09-16 17:26:41.798977,505
2026-09-16 17:26:41.802764,506
2026-09-16 17:26:41.811114,507
2026-09-16 17:26:41.815257,508
2026-09-16 17:26:41.819092,509
2026-09-16 17:26:41.823219,510
2026-09-16 17:26:41.831417,511
2026-09-16 17:26:41.835445,512
2026-09-16 17:26:41.839564,513
2026-09-16 17:26:41.844091,514
2026-09-16 17:26:41.851871,515
2026-09-16 17:26:41.855946,516
2026-09-16 17:26:41.860063,517
2026-09-16 17:26:41.868207,518
2026-09-16 17:26:41.872318,519
2026-09-16 17:26:41.876597,520
2026-09-16 17:26:41.880552,521
2026-09-16 17:26:41.888682,522
2026-09-16 17:26:41.892910,523
2026-09-16 17:26:41.897226,524
2026-09-16 17:26:41.901114,525
2026-09-16 17:26:41.909292,526
2026-09-16 17:26:41.913397,527
2026-09-16 17:26:41.917465,528
2026-09-16 17:26:41.921509,529
2026-09-16 17:26:41.929842,530
2026-09-16 17:26:41.933767,531
2026-09-16 17:26:41.937922,532
2026-09-16 17:26:41.946281,533
2026-09-16 17:26:41.950291,534
2026-09-16 17:26:41.954278,535
2026-09-16 17:26:41.958575,536
2026-09-16 17:26:41.966595,537
2026-09-16 17:26:41.970637,538
2026-09-16 17:26:41.975001,539
2026-09-16 17:26:41.979318,540
2026-09-16 17:26:41.987046,541
2026-09-16 17:26:41.991127,542
2026-09-16 17:26:41.995478,543
2026-09-16 17:26:42.003382,544
2026-09-16 17:26:42.007517,545
2026-09-16 17:26:42.011900,546
2026-09-16 17:26:42.056867,545
2026-09-16 17:26:42.073055,544
2026-09-16 17:26:42.085316,543
2026-09-16 17:26:42.093602,542
2026-09-16 17:26:42.101789,541
2026-09-16 17:26:42.110014,540
2026-09-16 17:26:42.118518,539
2026-09-16 17:26:42.122144,538
2026-09-16 17:26:42.130573,537
2026-09-16 17:26:42.134566,536
2026-09-16 17:26:42.138546,535
2026-09-16 17:26:42.146863,534
2026-09-16 17:26:42.150974,533
2026-09-16 17:26:42.154940,532
2026-09-16 17:26:42.159366,531
2026-09-16 17:26:42.167359,530
2026-09-16 17:26:42.171354,529
2026-09-16 17:26:42.175487,528
2026-09-16 17:26:42.183699,527
2026-09-16 17:26:42.187716,526
2026-09-16 17:26:42.191865,525
2026-09-16 17:26:42.196251,524
2026-09-16 17:26:42.204087,523
2026-09-16 17:26:42.208204,522
2026-09-16 17:26:42.212354,521
2026-09-16 17:26:42.216430,520
2026-09-16 17:26:42.224590,519
2026-09-16 17:26:42.228865,518
2026-09-16 17:26:42.232865,517
2026-09-16 17:26:42.240974,516
2026-09-16 17:26:42.245558,515
2026-09-16 17:26:42.249231,514
2026-09-16 17:26:42.253305,513
2026-09-16 17:26:42.261508,512
2026-09-16 17:26:42.265598,511
2026-09-16 17:26:42.269746,510
2026-09-16 17:26:42.273807,509
2026-09-16 17:26:42.282041,508
2026-09-16 17:26:42.286041,507
2026-09-16 17:26:42.290213,506
2026-09-16 17:26:42.298599,505
2026-09-16 17:26:42.302436,504
2026-09-16 17:26:42.306551,503
2026-09-16 17:26:42.311007,502
2026-09-16 17:26:42.318817,501
2026-09-16 17:26:42.322928,500
2026-09-16 17:26:42.327120,499
2026-09-16 17:26:42.331250,498
2026-09-16 17:26:42.339295,497
2026-09-16 17:26:42.343484,496
2026-09-16 17:26:42.347567,495
2026-09-16 17:26:42.351616,494
2026-09-16 17:26:42.359840,493
2026-09-16 17:26:42.363892,492
2026-09-16 17:26:42.367981,491
2026-09-16 17:26:42.376139,490
2026-09-16 17:26:42.380263,489
2026-09-16 17:26:42.384401,488
2026-09-16 17:26:42.388484,487
2026-09-16 17:26:42.396801,486
2026-09-16 17:26:42.400726,485
2026-09-16 17:26:42.404825,484
2026-09-16 17:26:42.408985,483
2026-09-16 17:26:42.417214,482
2026-09-16 17:26:42.421259,481
2026-09-16 17:26:42.425447,480
2026-09-16 17:26:42.470404,481
2026-09-16 17:26:42.490945,482
2026-09-16 17:26:42.503183,483
2026-09-16 17:26:42.515417,484
2026-09-16 17:26:42.523642,485
2026-09-16 17:26:42.531831,486
2026-09-16 17:26:42.540017,487
2026-09-16 17:26:42.544140,488
2026-09-16 17:26:42.552306,489
2026-09-16 17:26:42.556414,490
2026-09-16 17:26:42.564644,491
2026-09-16 17:26:42.568721,492
2026-09-16 17:26:42.572873,493
2026-09-16 17:26:42.581074,494
2026-09-16 17:26:42.585059,495
2026-09-16 17:26:42.589207,496
2026-09-16 17:26:42.593300,497
2026-09-16 17:26:42.601419,498
2026-09-16 17:26:42.605544,499
2026-09-16 17:26:42.609742,500
2026-09-16 17:26:42.613780,501
2026-09-16 17:26:42.621926,502
2026-09-16 17:26:42.626049,503
2026-09-16 17:26:42.630428,504
2026-09-16 17:26:42.638334,505
2026-09-16 17:26:42.642476,506
2026-09-16 17:26:42.646635,507
2026-09-16 17:26:42.650662,508
2026-09-16 17:26:42.658800,509
2026-09-16 17:26:42.662991,510
2026-09-16 17:26:42.667068,511
2026-09-16 17:26:42.671205,512
2026-09-16 17:26:42.679579,513
2026-09-16 17:26:42.683423,514
2026-09-16 17:26:42.687493,515
2026-09-16 17:26:42.695928,516
2026-09-16 17:26:42.699773,517
2026-09-16 17:26:42.703902,518
2026-09-16 17:26:42.708010,519
2026-09-16 17:26:42.716280,520
2026-09-16 17:26:42.720267,521
2026-09-16 17:26:42.724357,522
2026-09-16 17:26:42.728465,523
2026-09-16 17:26:42.736617,524
2026-09-16 17:26:42.740743,525
2026-09-16 17:26:42.744853,526
2026-09-16 17:26:42.749282,527
2026-09-16 17:26:42.757131,528
2026-09-16 17:26:42.761246,529
2026-09-16 17:26:42.765433,530
2026-09-16 17:26:42.773506,531
2026-09-16 17:26:42.777627,532
2026-09-16 17:26:42.781797,533
2026-09-16 17:26:42.785852,534
2026-09-16 17:26:42.794076,535
2026-09-16 17:26:42.798391,536
2026-09-16 17:26:42.802230,537
2026-09-16 17:26:42.806305,538
2026-09-16 17:26:42.814551,539
2026-09-16 17:26:42.818585,540
2026-09-16 17:26:42.822781,541
2026-09-16 17:26:42.830946,542
2026-09-16 17:26:42.834973,543
2026-09-16 17:26:42.839073,544
2026-09-16 17:26:42.847432,545
2026-09-16 17:26:42.892585,544
2026-09-16 17:26:42.912932,543
2026-09-16 17:26:42.929147,542
2026-09-16 17:26:42.937410,541
2026-09-16 17:26:42.945700,540
2026-09-16 17:26:42.953782,539
2026-09-16 17:26:42.962063,538
2026-09-16 17:26:42.970100,537
2026-09-16 17:26:42.974280,536
2026-09-16 17:26:42.982526,535
2026-09-16 17:26:42.986568,534
2026-09-16 17:26:42.994689,533
2026-09-16 17:26:42.998944,532
2026-09-16 17:26:43.002894,531
2026-09-16 17:26:43.011374,530
2026-09-16 17:26:43.015326,529
2026-09-16 17:26:43.019330,528
2026-09-16 17:26:43.023422,527
2026-09-16 17:26:43.031891,526
2026-09-16 17:26:43.035767,525
2026-09-16 17:26:43.039824,524
2026-09-16 17:26:43.048381,523
2026-09-16 17:26:43.052089,522
2026-09-16 17:26:43.056209,521
2026-09-16 17:26:43.060301,520
2026-09-16 17:26:43.068439,519
2026-09-16 17:26:43.072553,518
2026-09-16 17:26:43.076680,517
2026-09-16 17:26:43.081053,516
2026-09-16 17:26:43.088926,515
2026-09-16 17:26:43.093037,514
2026-09-16 17:26:43.097434,513
2026-09-16 17:26:43.105316,512
2026-09-16 17:26:43.109430,511
2026-09-16 17:26:43.113550,510
2026-09-16 17:26:43.117669,509
2026-09-16 17:26:43.125787,508
2026-09-16 17:26:43.130267,507
2026-09-16 17:26:43.134514,506
2026-09-16 17:26:43.138124,505
2026-09-16 17:26:43.146367,504
2026-09-16 17:26:43.150538,503
2026-09-16 17:26:43.154500,502
2026-09-16 17:26:43.162774,501
2026-09-16 17:26:43.166868,500
2026-09-16 17:26:43.170879,499
2026-09-16 17:26:43.175046,498
2026-09-16 17:26:43.183264,497
2026-09-16 17:26:43.187269,496
2026-09-16 17:26:43.191618,495
2026-09-16 17:26:43.195463,494
2026-09-16 17:26:43.203581,493
2026-09-16 17:26:43.207757,492
2026-09-16 17:26:43.211957,491
2026-09-16 17:26:43.216063,490
2026-09-16 17:26:43.224113,489
2026-09-16 17:26:43.228256,488
2026-09-16 17:26:43.232458,487
2026-09-16 17:26:43.240498,486
2026-09-16 17:26:43.244613,485
2026-09-16 17:26:43.248787,484
2026-09-16 17:26:43.252840,483
2026-09-16 17:26:43.261116,482
2026-09-16 17:26:43.281566,481
2026-09-16 17:26:43.330716,482
2026-09-16 17:26:43.347285,483
2026-09-16 17:26:43.359304,484
2026-09-16 17:26:43.367573,485
2026-09-16 17:26:43.375782,486
2026-09-16 17:26:43.383960,487
2026-09-16 17:26:43.392064,488
2026-09-16 17:26:43.400320,489
2026-09-16 17:26:43.404325,490
2026-09-16 17:26:43.412563,491
2026-09-16 17:26:43.416645,492
2026-09-16 17:26:43.421285,493
2026-09-16 17:26:43.429138,494
2026-09-16 17:26:43.433037,495
2026-09-16 17:26:43.437130,496
2026-09-16 17:26:43.445606,497
2026-09-16 17:26:43.449583,498
2026-09-16 17:26:43.453539,499
2026-09-16 17:26:43.457649,500
2026-09-16 17:26:43.465784,501
2026-09-16 17:26:43.469913,502
2026-09-16 17:26:43.474036,503
2026-09-16 17:26:43.478425,504
2026-09-16 17:26:43.486244,505
2026-09-16 17:26:43.490360,506
2026-09-16 17:26:43.494481,507
2026-09-16 17:26:43.502692,508
2026-09-16 17:26:43.506785,509
2026-09-16 17:26:43.511137,510
2026-09-16 17:26:43.515098,511
2026-09-16 17:26:43.523106,512
2026-09-16 17:26:43.527507,513
2026-09-16 17:26:43.531351,514
2026-09-16 17:26:43.535464,515
2026-09-16 17:26:43.543596,516
2026-09-16 17:26:43.547840,517
2026-09-16 17:26:43.551830,518
2026-09-16 17:26:43.560002,519
2026-09-16 17:26:43.564254,520
2026-09-16 17:26:43.568248,521
2026-09-16 17:26:43.572330,522
2026-09-16 17:26:43.580819,523
2026-09-16 17:26:43.584603,524
2026-09-16 17:26:43.588748,525
2026-09-16 17:26:43.592808,526
2026-09-16 17:26:43.601060,527
2026-09-16 17:26:43.605076,528
2026-09-16 17:26:43.609444,529
2026-09-16 17:26:43.613549,530
2026-09-16 17:26:43.621460,531
2026-09-16 17:26:43.625588,532
2026-09-16 17:26:43.629947,533
2026-09-16 17:26:43.637824,534
2026-09-16 17:26:43.641940,535
2026-09-16 17:26:43.646161,536
2026-09-16 17:26:43.650276,537
2026-09-16 17:26:43.658401,538
2026-09-16 17:26:43.662477,539
2026-09-16 17:26:43.666536,540
2026-09-16 17:26:43.670649,541
2026-09-16 17:26:43.687022,542
2026-09-16 17:26:43.707828,543
2026-09-16 17:26:43.752535,542
2026-09-16 17:26:43.769016,541
2026-09-16 17:26:43.781520,540
2026-09-16 17:26:43.793566,539
2026-09-16 17:26:43.801697,538
2026-09-16 17:26:43.810151,537
2026-09-16 17:26:43.818121,536
2026-09-16 17:26:43.822204,535
2026-09-16 17:26:43.830584,534
2026-09-16 17:26:43.834491,533
2026-09-16 17:26:43.842722,532
2026-09-16 17:26:43.847040,531
2026-09-16 17:26:43.854917,530
2026-09-16 17:26:43.859328,529
2026-09-16 17:26:43.863182,528
2026-09-16 17:26:43.867358,527
2026-09-16 17:26:43.875663,526
2026-09-16 17:26:43.879644,525
2026-09-16 17:26:43.883717,524
2026-09-16 17:26:43.887855,523
2026-09-16 17:26:43.896141,522
2026-09-16 17:26:43.900126,521
2026-09-16 17:26:43.904115,520
2026-09-16 17:26:43.912379,519
2026-09-16 17:26:43.916547,518
2026-09-16 17:26:43.920499,517
2026-09-16 17:26:43.925208,516
2026-09-16 17:26:43.932723,515
2026-09-16 17:26:43.936848,514
2026-09-16 17:26:43.941017,513
2026-09-16 17:26:43.945113,512
2026-09-16 17:26:43.953218,511
2026-09-16 17:26:43.957368,510
2026-09-16 17:26:43.961632,509
2026-09-16 17:26:43.969638,508
2026-09-16 17:26:43.973852,507
2026-09-16 17:26:43.978190,506
2026-09-16 17:26:43.982080,505
2026-09-16 17:26:43.990120,504
2026-09-16 17:26:43.994339,503
2026-09-16 17:26:43.998452,502
2026-09-16 17:26:44.002454,501
2026-09-16 17:26:44.010598,500
2026-09-16 17:26:44.015019,499
2026-09-16 17:26:44.018829,498
2026-09-16 17:26:44.022947,497
2026-09-16 17:26:44.031390,496
2026-09-16 17:26:44.035274,495
2026-09-16 17:26:44.039327,494
2026-09-16 17:26:44.047846,493
2026-09-16 17:26:44.051565,492
2026-09-16 17:26:44.055762,491
2026-09-16 17:26:44.059793,490
2026-09-16 17:26:44.067924,489
2026-09-16 17:26:44.072064,488
2026-09-16 17:26:44.076192,487
2026-09-16 17:26:44.080278,486
2026-09-16 17:26:44.088459,485
2026-09-16 17:26:44.100772,484
2026-09-16 17:26:44.117287,483
2026-09-16 17:26:44.166451,484
2026-09-16 17:26:44.186806,485
2026-09-16 17:26:44.203110,486
2026-09-16 17:26:44.211526,487
2026-09-16 17:26:44.223551,488
2026-09-16 17:26:44.232010,489
2026-09-16 17:26:44.239973,490
2026-09-16 17:26:44.244063,491
2026-09-16 17:26:44.252353,492
2026-09-16 17:26:44.256360,493
2026-09-16 17:26:44.264854,494
2026-09-16 17:26:44.268699,495
2026-09-16 17:26:44.276886,496
2026-09-16 17:26:44.281080,497
2026-09-16 17:26:44.285022,498
2026-09-16 17:26:44.293256,499
2026-09-16 17:26:44.297623,500
2026-09-16 17:26:44.301480,501
2026-09-16 17:26:44.309637,502
2026-09-16 17:26:44.313871,503
2026-09-16 17:26:44.317839,504
2026-09-16 17:26:44.321937,505
2026-09-16 17:26:44.330194,506
2026-09-16 17:26:44.334244,507
2026-09-16 17:26:44.338343,508
2026-09-16 17:26:44.342480,509
2026-09-16 17:26:44.350624,510
2026-09-16 17:26:44.354749,511
2026-09-16 17:26:44.358831,512
2026-09-16 17:26:44.366980,513
2026-09-16 17:26:44.371092,514
2026-09-16 17:26:44.375214,515
2026-09-16 17:26:44.379407,516
2026-09-16 17:26:44.387623,517
2026-09-16 17:26:44.391603,518
2026-09-16 17:26:44.396051,519
2026-09-16 17:26:44.399889,520
2026-09-16 17:26:44.407928,521
2026-09-16 17:26:44.412040,522
2026-09-16 17:26:44.416140,523
2026-09-16 17:26:44.424374,524
2026-09-16 17:26:44.428470,525
2026-09-16 17:26:44.432617,526
2026-09-16 17:26:44.436677,527
2026-09-16 17:26:44.445088,528
2026-09-16 17:26:44.449159,529
2026-09-16 17:26:44.453018,530
2026-09-16 17:26:44.457134,531
2026-09-16 17:26:44.465361,532
2026-09-16 17:26:44.469433,533
2026-09-16 17:26:44.473494,534
2026-09-16 17:26:44.477620,535
2026-09-16 17:26:44.485767,536
2026-09-16 17:26:44.489906,537
2026-09-16 17:26:44.494286,538
2026-09-16 17:26:44.502192,539
2026-09-16 17:26:44.514618,540
2026-09-16 17:26:44.526961,541
2026-09-16 17:26:44.543070,542
2026-09-16 17:26:44.588240,541
2026-09-16 17:26:44.612813,540
2026-09-16 17:26:44.625074,539
2026-09-16 17:26:44.637391,538
2026-09-16 17:26:44.645626,537
2026-09-16 17:26:44.653831,536
2026-09-16 17:26:44.662230,535
2026-09-16 17:26:44.670119,534
2026-09-16 17:26:44.678370,533
2026-09-16 17:26:44.682502,532
2026-09-16 17:26:44.690575,531
2026-09-16 17:26:44.694707,530
2026-09-16 17:26:44.702899,529
2026-09-16 17:26:44.706971,528
2026-09-16 17:26:44.711258,527
2026-09-16 17:26:44.719309,526
2026-09-16 17:26:44.723342,525
2026-09-16 17:26:44.727568,524
2026-09-16 17:26:44.731587,523
2026-09-16 17:26:44.739740,522
2026-09-16 17:26:44.744094,521
2026-09-16 17:26:44.747998,520
2026-09-16 17:26:44.756209,519
2026-09-16 17:26:44.760471,518
2026-09-16 17:26:44.764571,517
2026-09-16 17:26:44.768529,516
2026-09-16 17:26:44.776807,515
2026-09-16 17:26:44.780800,514
2026-09-16 17:26:44.784861,513
2026-09-16 17:26:44.788962,512
2026-09-16 17:26:44.797386,511
2026-09-16 17:26:44.801255,510
2026-09-16 17:26:44.805336,509
2026-09-16 17:26:44.813524,508
2026-09-16 17:26:44.817607,507
2026-09-16 17:26:44.821787,506
2026-09-16 17:26:44.826038,505
2026-09-16 17:26:44.833959,504
2026-09-16 17:26:44.838094,503
2026-09-16 17:26:44.842516,502
2026-09-16 17:26:44.846361,501
2026-09-16 17:26:44.854448,500
2026-09-16 17:26:44.858525,499
2026-09-16 17:26:44.862752,498
2026-09-16 17:26:44.866839,497
2026-09-16 17:26:44.874972,496
2026-09-16 17:26:44.879306,495
2026-09-16 17:26:44.883185,494
2026-09-16 17:26:44.891557,493
2026-09-16 17:26:44.895467,492
2026-09-16 17:26:44.899548,491
2026-09-16 17:26:44.903672,490
2026-09-16 17:26:44.911879,489
2026-09-16 17:26:44.920042,488
2026-09-16 17:26:44.932300,487
2026-09-16 17:26:44.940493,486
2026-09-16 17:26:44.956817,485
2026-09-16 17:26:44.977338,484
2026-09-16 17:26:45.030785,485
2026-09-16 17:26:45.047150,486
2026-09-16 17:26:45.055132,487
2026-09-16 17:26:45.067423,488
2026-09-16 17:26:45.075658,489
2026-09-16 17:26:45.083894,490
2026-09-16 17:26:45.092017,491
2026-09-16 17:26:45.100220,492
2026-09-16 17:26:45.104398,493
2026-09-16 17:26:45.112578,494
2026-09-16 17:26:45.116654,495
2026-09-16 17:26:45.124808,496
2026-09-16 17:26:45.129298,497
2026-09-16 17:26:45.137083,498
2026-09-16 17:26:45.141234,499
2026-09-16 17:26:45.145402,500
2026-09-16 17:26:45.153594,501
2026-09-16 17:26:45.157607,502
2026-09-16 17:26:45.162048,503
2026-09-16 17:26:45.165848,504
2026-09-16 17:26:45.174086,505
2026-09-16 17:26:45.178360,506
2026-09-16 17:26:45.182247,507
2026-09-16 17:26:45.186342,508
2026-09-16 17:26:45.194758,509
2026-09-16 17:26:45.198626,510
2026-09-16 17:26:45.202708,511
2026-09-16 17:26:45.210929,512
2026-09-16 17:26:45.215010,513
2026-09-16 17:26:45.219126,514
2026-09-16 17:26:45.223193,515
2026-09-16 17:26:45.231357,516
2026-09-16 17:26:45.235440,517
2026-09-16 17:26:45.239498,518
2026-09-16 17:26:45.243730,519
2026-09-16 17:26:45.251782,520
2026-09-16 17:26:45.255953,521
2026-09-16 17:26:45.260118,522
2026-09-16 17:26:45.268224,523
2026-09-16 17:26:45.272387,524
2026-09-16 17:26:45.276423,525
2026-09-16 17:26:45.280543,526
2026-09-16 17:26:45.288646,527
2026-09-16 17:26:45.292781,528
2026-09-16 17:26:45.296948,529
2026-09-16 17:26:45.301002,530
2026-09-16 17:26:45.309129,531
2026-09-16 17:26:45.313252,532
2026-09-16 17:26:45.321431,533
2026-09-16 17:26:45.325622,534
2026-09-16 17:26:45.333812,535
2026-09-16 17:26:45.341977,536
2026-09-16 17:26:45.354238,537
2026-09-16 17:26:45.362588,538
2026-09-16 17:26:45.378853,539
2026-09-16 17:26:45.399357,540
2026-09-16 17:26:45.452502,539
2026-09-16 17:26:45.469013,538
2026-09-16 17:26:45.481258,537
2026-09-16 17:26:45.489371,536
2026-09-16 17:26:45.501615,535
2026-09-16 17:26:45.509843,534
2026-09-16 17:26:45.518111,533
2026-09-16 17:26:45.522191,532
2026-09-16 17:26:45.530441,531
2026-09-16 17:26:45.538529,530
2026-09-16 17:26:45.542654,529
2026-09-16 17:26:45.550861,528
2026-09-16 17:26:45.554945,527
2026-09-16 17:26:45.559060,526
2026-09-16 17:26:45.567306,525
2026-09-16 17:26:45.571361,524
2026-09-16 17:26:45.575494,523
2026-09-16 17:26:45.583641,522
2026-09-16 17:26:45.587833,521
2026-09-16 17:26:45.591848,520
2026-09-16 17:26:45.600075,519
2026-09-16 17:26:45.604139,518
2026-09-16 17:26:45.608227,517
2026-09-16 17:26:45.612550,516
2026-09-16 17:26:45.620495,515
2026-09-16 17:26:45.624569,514
2026-09-16 17:26:45.628952,513
2026-09-16 17:26:45.632836,512
2026-09-16 17:26:45.640941,511
2026-09-16 17:26:45.645057,510
2026-09-16 17:26:45.649240,509
2026-09-16 17:26:45.657294,508
2026-09-16 17:26:45.661445,507
2026-09-16 17:26:45.665609,506
2026-09-16 17:26:45.669705,505
2026-09-16 17:26:45.677777,504
2026-09-16 17:26:45.681939,503
2026-09-16 17:26:45.686134,502
2026-09-16 17:26:45.690092,501
2026-09-16 17:26:45.698331,500
2026-09-16 17:26:45.702461,499
2026-09-16 17:26:45.706512,498
2026-09-16 17:26:45.714770,497
2026-09-16 17:26:45.718858,496
2026-09-16 17:26:45.722930,495
2026-09-16 17:26:45.731217,494
2026-09-16 17:26:45.739270,493
2026-09-16 17:26:45.743366,492
2026-09-16 17:26:45.751584,491
2026-09-16 17:26:45.759802,490
2026-09-16 17:26:45.772006,489
2026-09-16 17:26:45.780327,488
2026-09-16 17:26:45.792528,487
2026-09-16 17:26:45.808926,486
2026-09-16 17:26:45.866257,487
2026-09-16 17:26:45.887010,488
2026-09-16 17:26:45.899124,489
2026-09-16 17:26:45.911331,490
2026-09-16 17:26:45.919590,491
2026-09-16 17:26:45.931758,492
2026-09-16 17:26:45.936007,493
2026-09-16 17:26:45.944127,494
2026-09-16 17:26:45.952435,495
2026-09-16 17:26:45.960887,496
2026-09-16 17:26:45.964624,497
2026-09-16 17:26:45.972826,498
2026-09-16 17:26:45.977127,499
2026-09-16 17:26:45.985093,500
2026-09-16 17:26:45.989122,501
2026-09-16 17:26:45.997377,502
2026-09-16 17:26:46.001432,503
2026-09-16 17:26:46.005600,504
2026-09-16 17:26:46.014011,505
2026-09-16 17:26:46.017849,506
2026-09-16 17:26:46.021902,507
2026-09-16 17:26:46.026290,508
2026-09-16 17:26:46.034239,509
2026-09-16 17:26:46.038332,510
2026-09-16 17:26:46.042384,511
2026-09-16 17:26:46.050581,512
2026-09-16 17:26:46.054735,513
2026-09-16 17:26:46.058784,514
2026-09-16 17:26:46.062976,515
2026-09-16 17:26:46.071052,516
2026-09-16 17:26:46.075219,517
2026-09-16 17:26:46.079516,518
2026-09-16 17:26:46.083425,519
2026-09-16 17:26:46.091585,520
2026-09-16 17:26:46.095875,521
2026-09-16 17:26:46.099821,522
2026-09-16 17:26:46.107926,523
2026-09-16 17:26:46.112337,524
2026-09-16 17:26:46.116232,525
2026-09-16 17:26:46.120367,526
2026-09-16 17:26:46.128402,527
2026-09-16 17:26:46.132535,528
2026-09-16 17:26:46.140791,529
2026-09-16 17:26:46.145287,530
2026-09-16 17:26:46.153024,531
2026-09-16 17:26:46.161422,532
2026-09-16 17:26:46.169338,533
2026-09-16 17:26:46.173455,534
2026-09-16 17:26:46.185904,535
2026-09-16 17:26:46.193963,536
2026-09-16 17:26:46.202351,537
2026-09-16 17:26:46.214597,538
2026-09-16 17:26:46.231321,539
2026-09-16 17:26:46.288151,538
2026-09-16 17:26:46.308924,537
2026-09-16 17:26:46.325100,536
2026-09-16 17:26:46.337326,535
2026-09-16 17:26:46.345610,534
2026-09-16 17:26:46.353789,533
2026-09-16 17:26:46.361954,532
2026-09-16 17:26:46.370203,531
2026-09-16 17:26:46.378289,530
2026-09-16 17:26:46.386450,529
2026-09-16 17:26:46.390598,528
2026-09-16 17:26:46.398719,527
2026-09-16 17:26:46.403074,526
2026-09-16 17:26:46.411285,525
2026-09-16 17:26:46.415149,524
2026-09-16 17:26:46.423418,523
2026-09-16 17:26:46.427639,522
2026-09-16 17:26:46.431655,521
2026-09-16 17:26:46.439793,520
2026-09-16 17:26:46.443859,519
2026-09-16 17:26:46.448096,518
2026-09-16 17:26:46.456120,517
2026-09-16 17:26:46.460206,516
2026-09-16 17:26:46.464676,515
2026-09-16 17:26:46.468442,514
2026-09-16 17:26:46.476619,513
2026-09-16 17:26:46.481043,512
2026-09-16 17:26:46.484845,511
2026-09-16 17:26:46.492976,510
2026-09-16 17:26:46.497346,509
2026-09-16 17:26:46.501219,508
2026-09-16 17:26:46.505303,507
2026-09-16 17:26:46.513729,506
2026-09-16 17:26:46.517595,505
2026-09-16 17:26:46.521741,504
2026-09-16 17:26:46.530114,503
2026-09-16 17:26:46.533975,502
2026-09-16 17:26:46.542139,501
2026-09-16 17:26:46.546522,500
2026-09-16 17:26:46.550464,499
2026-09-16 17:26:46.558557,498
2026-09-16 17:26:46.566805,497
2026-09-16 17:26:46.570829,496
2026-09-16 17:26:46.579255,495
2026-09-16 17:26:46.587179,494
2026-09-16 17:26:46.595607,493
2026-09-16 17:26:46.603634,492
2026-09-16 17:26:46.611828,491
2026-09-16 17:26:46.619956,490
2026-09-16 17:26:46.632265,489
2026-09-16 17:26:46.644930,488
2026-09-16 17:26:46.669101,487
2026-09-16 17:26:46.726707,488
2026-09-16 17:26:46.743276,489
2026-09-16 17:26:46.755189,490
2026-09-16 17:26:46.767450,491
2026-09-16 17:26:46.775634,492
2026-09-16 17:26:46.783842,493
2026-09-16 17:26:46.792045,494
2026-09-16 17:26:46.800238,495
2026-09-16 17:26:46.808374,496
2026-09-16 17:26:46.812593,497
2026-09-16 17:26:46.820739,498
2026-09-16 17:26:46.825053,499
2026-09-16 17:26:46.833053,500
2026-09-16 17:26:46.841207,501
2026-09-16 17:26:46.845495,502
2026-09-16 17:26:46.849470,503
2026-09-16 17:26:46.857616,504
2026-09-16 17:26:46.862057,505
2026-09-16 17:26:46.869857,506
2026-09-16 17:26:46.873910,507
2026-09-16 17:26:46.877984,508
2026-09-16 17:26:46.886285,509
2026-09-16 17:26:46.890359,510
2026-09-16 17:26:46.894467,511
2026-09-16 17:26:46.898628,512
2026-09-16 17:26:46.906799,513
2026-09-16 17:26:46.910852,514
2026-09-16 17:26:46.914961,515
2026-09-16 17:26:46.923091,516
2026-09-16 17:26:46.927253,517
2026-09-16 17:26:46.931338,518
2026-09-16 17:26:46.939542,519
2026-09-16 17:26:46.943600,520
2026-09-16 17:26:46.951914,521
2026-09-16 17:26:46.955872,522
2026-09-16 17:26:46.959929,523
2026-09-16 17:26:46.968178,524
2026-09-16 17:26:46.972305,525
2026-09-16 17:26:46.980465,526
2026-09-16 17:26:46.984674,527
2026-09-16 17:26:46.992803,528
2026-09-16 17:26:47.001002,529
2026-09-16 17:26:47.009332,530
2026-09-16 17:26:47.017314,531
2026-09-16 17:26:47.025510,532
2026-09-16 17:26:47.033879,533
2026-09-16 17:26:47.042205,534
2026-09-16 17:26:47.054298,535
2026-09-16 17:26:47.070574,536
2026-09-16 17:26:47.091119,537
2026-09-16 17:26:47.148515,536
2026-09-16 17:26:47.164845,535
2026-09-16 17:26:47.181246,534
2026-09-16 17:26:47.189362,533
2026-09-16 17:26:47.201630,532
2026-09-16 17:26:47.209913,531
2026-09-16 17:26:47.218012,530
2026-09-16 17:26:47.226427,529
2026-09-16 17:26:47.230441,528
2026-09-16 17:26:47.238551,527
2026-09-16 17:26:47.247041,526
2026-09-16 17:26:47.250862,525
2026-09-16 17:26:47.259021,524
2026-09-16 17:26:47.263408,523
2026-09-16 17:26:47.271351,522
2026-09-16 17:26:47.275395,521
2026-09-16 17:26:47.283671,520
2026-09-16 17:26:47.287746,519
2026-09-16 17:26:47.295900,518
2026-09-16 17:26:47.300035,517
2026-09-16 17:26:47.304158,516
2026-09-16 17:26:47.312468,515
2026-09-16 17:26:47.316422,514
2026-09-16 17:26:47.320540,513
2026-09-16 17:26:47.328910,512
2026-09-16 17:26:47.332849,511
2026-09-16 17:26:47.336919,510
2026-09-16 17:26:47.345354,509
2026-09-16 17:26:47.349243,508
2026-09-16 17:26:47.357510,507
2026-09-16 17:26:47.361562,506
2026-09-16 17:26:47.365589,505
2026-09-16 17:26:47.373983,504
2026-09-16 17:26:47.378073,503
2026-09-16 17:26:47.385993,502
2026-09-16 17:26:47.390129,501
2026-09-16 17:26:47.398276,500
2026-09-16 17:26:47.402447,499
2026-09-16 17:26:47.410585,498
2026-09-16 17:26:47.418816,497
2026-09-16 17:26:47.426923,496
2026-09-16 17:26:47.431208,495
2026-09-16 17:26:47.439316,494
2026-09-16 17:26:47.451556,493
2026-09-16 17:26:47.459994,492
2026-09-16 17:26:47.472041,491
2026-09-16 17:26:47.484375,490
2026-09-16 17:26:47.500732,489
2026-09-16 17:26:47.562183,490
2026-09-16 17:26:47.582677,491
2026-09-16 17:26:47.599033,492
2026-09-16 17:26:47.611461,493
2026-09-16 17:26:47.619561,494
2026-09-16 17:26:47.631795,495
2026-09-16 17:26:47.640018,496
2026-09-16 17:26:47.648151,497
2026-09-16 17:26:47.656341,498
2026-09-16 17:26:47.660577,499
2026-09-16 17:26:47.668815,500
2026-09-16 17:26:47.676776,501
2026-09-16 17:26:47.681052,502
2026-09-16 17:26:47.689160,503
2026-09-16 17:26:47.693512,504
2026-09-16 17:26:47.701454,505
2026-09-16 17:26:47.705566,506
2026-09-16 17:26:47.714031,507
2026-09-16 17:26:47.717851,508
2026-09-16 17:26:47.726304,509
2026-09-16 17:26:47.730099,510
2026-09-16 17:26:47.734289,511
2026-09-16 17:26:47.742588,512
2026-09-16 17:26:47.746585,513
2026-09-16 17:26:47.754678,514
2026-09-16 17:26:47.758767,515
2026-09-16 17:26:47.763352,516
2026-09-16 17:26:47.771057,517
2026-09-16 17:26:47.775449,518
2026-09-16 17:26:47.783351,519
2026-09-16 17:26:47.787490,520
2026-09-16 17:26:47.791582,521
2026-09-16 17:26:47.799857,522
2026-09-16 17:26:47.803937,523
2026-09-16 17:26:47.812321,524
2026-09-16 17:26:47.820220,525
2026-09-16 17:26:47.824450,526
2026-09-16 17:26:47.832533,527
2026-09-16 17:26:47.840870,528
2026-09-16 17:26:47.845072,529
2026-09-16 17:26:47.853067,530
2026-09-16 17:26:47.861328,531
2026-09-16 17:26:47.873489,532
2026-09-16 17:26:47.881715,533
2026-09-16 17:26:47.894107,534
2026-09-16 17:26:47.906293,535
2026-09-16 17:26:47.922655,536
2026-09-16 17:26:47.984233,535
2026-09-16 17:26:48.008669,534
2026-09-16 17:26:48.020939,533
2026-09-16 17:26:48.033260,532
2026-09-16 17:26:48.045577,531
2026-09-16 17:26:48.053779,530
2026-09-16 17:26:48.062213,529
2026-09-16 17:26:48.070092,528
2026-09-16 17:26:48.078385,527
2026-09-16 17:26:48.086582,526
2026-09-16 17:26:48.094750,525
2026-09-16 17:26:48.102871,524
2026-09-16 17:26:48.106943,523
2026-09-16 17:26:48.115215,522
2026-09-16 17:26:48.119346,521
2026-09-16 17:26:48.127548,520
2026-09-16 17:26:48.131648,519
2026-09-16 17:26:48.139890,518
2026-09-16 17:26:48.144199,517
2026-09-16 17:26:48.152060,516
2026-09-16 17:26:48.156148,515
2026-09-16 17:26:48.164499,514
2026-09-16 17:26:48.168440,513
2026-09-16 17:26:48.176668,512
2026-09-16 17:26:48.180973,511
2026-09-16 17:26:48.184818,510
2026-09-16 17:26:48.193016,509
2026-09-16 17:26:48.197520,508
2026-09-16 17:26:48.205263,507
2026-09-16 17:26:48.209592,506
2026-09-16 17:26:48.217555,505
2026-09-16 17:26:48.221699,504
2026-09-16 17:26:48.230055,503
2026-09-16 17:26:48.238042,502
2026-09-16 17:26:48.242393,501
2026-09-16 17:26:48.250364,500
2026-09-16 17:26:48.258544,499
2026-09-16 17:26:48.262992,498
2026-09-16 17:26:48.270869,497
2026-09-16 17:26:48.279016,496
2026-09-16 17:26:48.287270,495
2026-09-16 17:26:48.299498,494
2026-09-16 17:26:48.307696,493
2026-09-16 17:26:48.320021,492
2026-09-16 17:26:48.336328,491
2026-09-16 17:26:48.356840,490
2026-09-16 17:26:48.426541,491
2026-09-16 17:26:48.442889,492
2026-09-16 17:26:48.455149,493
2026-09-16 17:26:48.467384,494
2026-09-16 17:26:48.475721,495
2026-09-16 17:26:48.483910,496
2026-09-16 17:26:48.492126,497
2026-09-16 17:26:48.500391,498
2026-09-16 17:26:48.508482,499
2026-09-16 17:26:48.516622,500
2026-09-16 17:26:48.524857,501
2026-09-16 17:26:48.532980,502
2026-09-16 17:26:48.537075,503
2026-09-16 17:26:48.545355,504
2026-09-16 17:26:48.549441,505
2026-09-16 17:26:48.557653,506
2026-09-16 17:26:48.561990,507
2026-09-16 17:26:48.569872,508
2026-09-16 17:26:48.578077,509
2026-09-16 17:26:48.582130,510
2026-09-16 17:26:48.586313,511
2026-09-16 17:26:48.594721,512
2026-09-16 17:26:48.598598,513
2026-09-16 17:26:48.607101,514
2026-09-16 17:26:48.610826,515
2026-09-16 17:26:48.619055,516
2026-09-16 17:26:48.623126,517
2026-09-16 17:26:48.631350,518
2026-09-16 17:26:48.635454,519
2026-09-16 17:26:48.643820,520
2026-09-16 17:26:48.651787,521
2026-09-16 17:26:48.655914,522
2026-09-16 17:26:48.664316,523
2026-09-16 17:26:48.672271,524
2026-09-16 17:26:48.676622,525
2026-09-16 17:26:48.684593,526
2026-09-16 17:26:48.693204,527
2026-09-16 17:26:48.700984,528
2026-09-16 17:26:48.709464,529
2026-09-16 17:26:48.721396,530
2026-09-16 17:26:48.729861,531
2026-09-16 17:26:48.742303,532
2026-09-16 17:26:48.758506,533
2026-09-16 17:26:48.778927,534
2026-09-16 17:26:48.848383,533
2026-09-16 17:26:48.864881,532
2026-09-16 17:26:48.877220,531
2026-09-16 17:26:48.889385,530
2026-09-16 17:26:48.901731,529
2026-09-16 17:26:48.909941,528
2026-09-16 17:26:48.918234,527
2026-09-16 17:26:48.926625,526
2026-09-16 17:26:48.934526,525
2026-09-16 17:26:48.942914,524
2026-09-16 17:26:48.950805,523
2026-09-16 17:26:48.959427,522
2026-09-16 17:26:48.963113,521
2026-09-16 17:26:48.971358,520
2026-09-16 17:26:48.979486,519
2026-09-16 17:26:48.983604,518
2026-09-16 17:26:48.991863,517
2026-09-16 17:26:48.996131,516
2026-09-16 17:26:49.004074,515
2026-09-16 17:26:49.008591,514
2026-09-16 17:26:49.016396,513
2026-09-16 17:26:49.020570,512
2026-09-16 17:26:49.028686,511
2026-09-16 17:26:49.032875,510
2026-09-16 17:26:49.040925,509
2026-09-16 17:26:49.049096,508
2026-09-16 17:26:49.053296,507
2026-09-16 17:26:49.061445,506
2026-09-16 17:26:49.065643,505
2026-09-16 17:26:49.073715,504
2026-09-16 17:26:49.081901,503
2026-09-16 17:26:49.086072,502
2026-09-16 17:26:49.094416,501
2026-09-16 17:26:49.102452,500
2026-09-16 17:26:49.110577,499
2026-09-16 17:26:49.118876,498
2026-09-16 17:26:49.127223,497
2026-09-16 17:26:49.135254,496
2026-09-16 17:26:49.147509,495
2026-09-16 17:26:49.159912,494
2026-09-16 17:26:49.172035,493
2026-09-16 17:26:49.188392,492
2026-09-16 17:26:49.221131,491
2026-09-16 17:26:49.262266,492
2026-09-16 17:26:49.282720,493
2026-09-16 17:26:49.299070,494
2026-09-16 17:26:49.311362,495
2026-09-16 17:26:49.323598,496
2026-09-16 17:26:49.331892,497
2026-09-16 17:26:49.340030,498
2026-09-16 17:26:49.348263,499
2026-09-16 17:26:49.356410,500
2026-09-16 17:26:49.364556,501
2026-09-16 17:26:49.372854,502
2026-09-16 17:26:49.380981,503
2026-09-16 17:26:49.389122,504
2026-09-16 17:26:49.393494,505
2026-09-16 17:26:49.401385,506
2026-09-16 17:26:49.409583,507
2026-09-16 17:26:49.413747,508
2026-09-16 17:26:49.421907,509
2026-09-16 17:26:49.426132,510
2026-09-16 17:26:49.434423,511
2026-09-16 17:26:49.442559,512
2026-09-16 17:26:49.446598,513
2026-09-16 17:26:49.454697,514
2026-09-16 17:26:49.459078,515
2026-09-16 17:26:49.466967,516
2026-09-16 17:26:49.475121,517
2026-09-16 17:26:49.479489,518
2026-09-16 17:26:49.487450,519
2026-09-16 17:26:49.495821,520
2026-09-16 17:26:49.499816,521
2026-09-16 17:26:49.508217,522
2026-09-16 17:26:49.516202,523
2026-09-16 17:26:49.524310,524
2026-09-16 17:26:49.532513,525
2026-09-16 17:26:49.540701,526
2026-09-16 17:26:49.548904,527
2026-09-16 17:26:49.557096,528
2026-09-16 17:26:49.569373,529
2026-09-16 17:26:49.581643,530
2026-09-16 17:26:49.594003,531
2026-09-16 17:26:49.610338,532
2026-09-16 17:26:49.643349,533
2026-09-16 17:26:49.688202,532
2026-09-16 17:26:49.708875,531
2026-09-16 17:26:49.725051,530
2026-09-16 17:26:49.737258,529
2026-09-16 17:26:49.745585,528
2026-09-16 17:26:49.757876,527
2026-09-16 17:26:49.766025,526
2026-09-16 17:26:49.774153,525
2026-09-16 17:26:49.782460,524
2026-09-16 17:26:49.790764,523
2026-09-16 17:26:49.798818,522
2026-09-16 17:26:49.806944,521
2026-09-16 17:26:49.815156,520
2026-09-16 17:26:49.819308,519
2026-09-16 17:26:49.827468,518
2026-09-16 17:26:49.835695,517
2026-09-16 17:26:49.843808,516
2026-09-16 17:26:49.847975,515
2026-09-16 17:26:49.856141,514
2026-09-16 17:26:49.860494,513
2026-09-16 17:26:49.868437,512
2026-09-16 17:26:49.876644,511
2026-09-16 17:26:49.880720,510
2026-09-16 17:26:49.888940,509
2026-09-16 17:26:49.897105,508
2026-09-16 17:26:49.901470,507
2026-09-16 17:26:49.909427,506
2026-09-16 17:26:49.917581,505
2026-09-16 17:26:49.925784,504
2026-09-16 17:26:49.929946,503
2026-09-16 17:26:49.938061,502
2026-09-16 17:26:49.947327,501
2026-09-16 17:26:49.954422,500
2026-09-16 17:26:49.966659,499
2026-09-16 17:26:49.974899,498
2026-09-16 17:26:49.983067,497
2026-09-16 17:26:49.995383,496
2026-09-16 17:26:50.007825,495
2026-09-16 17:26:50.024281,494
2026-09-16 17:26:50.044561,493
2026-09-16 17:26:50.093719,494
2026-09-16 17:26:50.122705,495
2026-09-16 17:26:50.142867,496
2026-09-16 17:26:50.155117,497
2026-09-16 17:26:50.167617,498
2026-09-16 17:26:50.179703,499
2026-09-16 17:26:50.187900,500
2026-09-16 17:26:50.196147,501
2026-09-16 17:26:50.204359,502
2026-09-16 17:26:50.212553,503
2026-09-16 17:26:50.220717,504
2026-09-16 17:26:50.228906,505
2026-09-16 17:26:50.237044,506
2026-09-16 17:26:50.245216,507
2026-09-16 17:26:50.253516,508
2026-09-16 17:26:50.261563,509
2026-09-16 17:26:50.265813,510
2026-09-16 17:26:50.273911,511
2026-09-16 17:26:50.282145,512
2026-09-16 17:26:50.286250,513
2026-09-16 17:26:50.294367,514
2026-09-16 17:26:50.302558,515
2026-09-16 17:26:50.306645,516
2026-09-16 17:26:50.314941,517
2026-09-16 17:26:50.323125,518
2026-09-16 17:26:50.331250,519
2026-09-16 17:26:50.335385,520
2026-09-16 17:26:50.343568,521
2026-09-16 17:26:50.351888,522
2026-09-16 17:26:50.359880,523
2026-09-16 17:26:50.368253,524
2026-09-16 17:26:50.376407,525
2026-09-16 17:26:50.384540,526
2026-09-16 17:26:50.396946,527
2026-09-16 17:26:50.404995,528
2026-09-16 17:26:50.417319,529
2026-09-16 17:26:50.429637,530
2026-09-16 17:26:50.445990,531
2026-09-16 17:26:50.466473,532
2026-09-16 17:26:50.515602,531
2026-09-16 17:26:50.548378,530
2026-09-16 17:26:50.564879,529
2026-09-16 17:26:50.581109,528
2026-09-16 17:26:50.593380,527
2026-09-16 17:26:50.601704,526
2026-09-16 17:26:50.613940,525
2026-09-16 17:26:50.622136,524
2026-09-16 17:26:50.630692,523
2026-09-16 17:26:50.638549,522
2026-09-16 17:26:50.646792,521
2026-09-16 17:26:50.655024,520
2026-09-16 17:26:50.663121,519
2026-09-16 17:26:50.671262,518
2026-09-16 17:26:50.679425,517
2026-09-16 17:26:50.687661,516
2026-09-16 17:26:50.695873,515
2026-09-16 17:26:50.700008,514
2026-09-16 17:26:50.708187,513
2026-09-16 17:26:50.716382,512
2026-09-16 17:26:50.724512,511
2026-09-16 17:26:50.728749,510
2026-09-16 17:26:50.736859,509
2026-09-16 17:26:50.745102,508
2026-09-16 17:26:50.753231,507
2026-09-16 17:26:50.761419,506
2026-09-16 17:26:50.769644,505
2026-09-16 17:26:50.777801,504
2026-09-16 17:26:50.786027,503
2026-09-16 17:26:50.794380,502
2026-09-16 17:26:50.802441,501
2026-09-16 17:26:50.810607,500
2026-09-16 17:26:50.823221,499
2026-09-16 17:26:50.831123,498
2026-09-16 17:26:50.843303,497
2026-09-16 17:26:50.859783,496
2026-09-16 17:26:50.876107,495
2026-09-16 17:26:50.904799,494
2026-09-16 17:26:50.962326,495
2026-09-16 17:26:50.982720,496
2026-09-16 17:26:50.999060,497
2026-09-16 17:26:51.011331,498
2026-09-16 17:26:51.023588,499
2026-09-16 17:26:51.035842,500
2026-09-16 17:26:51.044131,501
2026-09-16 17:26:51.056506,502
2026-09-16 17:26:51.064556,503
2026-09-16 17:26:51.072755,504
2026-09-16 17:26:51.080949,505
2026-09-16 17:26:51.089105,506
2026-09-16 17:26:51.097346,507
2026-09-16 17:26:51.105508,508
2026-09-16 17:26:51.113726,509
2026-09-16 17:26:51.117798,510
2026-09-16 17:26:51.125992,511
2026-09-16 17:26:51.134333,512
2026-09-16 17:26:51.142335,513
2026-09-16 17:26:51.150485,514
2026-09-16 17:26:51.159007,515
2026-09-16 17:26:51.163036,516
2026-09-16 17:26:51.171058,517
2026-09-16 17:26:51.179324,518
2026-09-16 17:26:51.187468,519
2026-09-16 17:26:51.196016,520
2026-09-16 17:26:51.203871,521
2026-09-16 17:26:51.212104,522
2026-09-16 17:26:51.224306,523
2026-09-16 17:26:51.232479,524
2026-09-16 17:26:51.241083,525
2026-09-16 17:26:51.253021,526
2026-09-16 17:26:51.265336,527
2026-09-16 17:26:51.281631,528
2026-09-16 17:26:51.298068,529
2026-09-16 17:26:51.326903,530
2026-09-16 17:26:51.388130,529
2026-09-16 17:26:51.408883,528
2026-09-16 17:26:51.425099,527
2026-09-16 17:26:51.437336,526
2026-09-16 17:26:51.449614,525
2026-09-16 17:26:51.462312,524
2026-09-16 17:26:51.470105,523
2026-09-16 17:26:51.482358,522
2026-09-16 17:26:51.490843,521
2026-09-16 17:26:51.498787,520
2026-09-16 17:26:51.507412,519
2026-09-16 17:26:51.515191,518
2026-09-16 17:26:51.523579,517
2026-09-16 17:26:51.531549,516
2026-09-16 17:26:51.539970,515
2026-09-16 17:26:51.547968,514
2026-09-16 17:26:51.556114,513
2026-09-16 17:26:51.564276,512
2026-09-16 17:26:51.572455,511
2026-09-16 17:26:51.580696,510
2026-09-16 17:26:51.588845,509
2026-09-16 17:26:51.593275,508
2026-09-16 17:26:51.601242,507
2026-09-16 17:26:51.613446,506
2026-09-16 17:26:51.621621,505
2026-09-16 17:26:51.629916,504
2026-09-16 17:26:51.638062,503
2026-09-16 17:26:51.646673,502
2026-09-16 17:26:51.658654,501
2026-09-16 17:26:51.666893,500
2026-09-16 17:26:51.679105,499
2026-09-16 17:26:51.691745,498
2026-09-16 17:26:51.708125,497
2026-09-16 17:26:51.728277,496
2026-09-16 17:26:51.797866,497
2026-09-16 17:26:51.826544,498
2026-09-16 17:26:51.842946,499
2026-09-16 17:26:51.859309,500
2026-09-16 17:26:51.871786,501
2026-09-16 17:26:51.883943,502
2026-09-16 17:26:51.892051,503
2026-09-16 17:26:51.904381,504
2026-09-16 17:26:51.912452,505
2026-09-16 17:26:51.920707,506
2026-09-16 17:26:51.932909,507
2026-09-16 17:26:51.941124,508
2026-09-16 17:26:51.949374,509
2026-09-16 17:26:51.957594,510
2026-09-16 17:26:51.965739,511
2026-09-16 17:26:51.974013,512
2026-09-16 17:26:51.982138,513
2026-09-16 17:26:51.990333,514
2026-09-16 17:26:51.998515,515
2026-09-16 17:26:52.006705,516
2026-09-16 17:26:52.014901,517
2026-09-16 17:26:52.023155,518
2026-09-16 17:26:52.031301,519
2026-09-16 17:26:52.039480,520
2026-09-16 17:26:52.047823,521
2026-09-16 17:26:52.060151,522
2026-09-16 17:26:52.068288,523
2026-09-16 17:26:52.080459,524
2026-09-16 17:26:52.088625,525
2026-09-16 17:26:52.101098,526
2026-09-16 17:26:52.113294,527
2026-09-16 17:26:52.129660,528
2026-09-16 17:26:52.150138,529
2026-09-16 17:26:52.223944,528
2026-09-16 17:26:52.252465,527
2026-09-16 17:26:52.268875,526
2026-09-16 17:26:52.285370,525
2026-09-16 17:26:52.297562,524
2026-09-16 17:26:52.309944,523
2026-09-16 17:26:52.322326,522
2026-09-16 17:26:52.330326,521
2026-09-16 17:26:52.342577,520
2026-09-16 17:26:52.350877,519
2026-09-16 17:26:52.358994,518
2026-09-16 17:26:52.367281,517
2026-09-16 17:26:52.375604,516
2026-09-16 17:26:52.387614,515
2026-09-16 17:26:52.395838,514
2026-09-16 17:26:52.404037,513
2026-09-16 17:26:52.412445,512
2026-09-16 17:26:52.420402,511
2026-09-16 17:26:52.428890,510
2026-09-16 17:26:52.436857,509
2026-09-16 17:26:52.445112,508
2026-09-16 17:26:52.453227,507
2026-09-16 17:26:52.465498,506
2026-09-16 17:26:52.473904,505
2026-09-16 17:26:52.481860,504
2026-09-16 17:26:52.494388,503
2026-09-16 17:26:52.502342,502
2026-09-16 17:26:52.514742,501
2026-09-16 17:26:52.527392,500
2026-09-16 17:26:52.543395,499
2026-09-16 17:26:52.559837,498
2026-09-16 17:26:52.588537,497
2026-09-16 17:26:52.666392,498
2026-09-16 17:26:52.686672,499
2026-09-16 17:26:52.703055,500
2026-09-16 17:26:52.719423,501
2026-09-16 17:26:52.731789,502
2026-09-16 17:26:52.744097,503
2026-09-16 17:26:52.752230,504
2026-09-16 17:26:52.764548,505
2026-09-16 17:26:52.773118,506
2026-09-16 17:26:52.784936,507
2026-09-16 17:26:52.793373,508
2026-09-16 17:26:52.801540,509
2026-09-16 17:26:52.809655,510
2026-09-16 17:26:52.817915,511
2026-09-16 17:26:52.830109,512
2026-09-16 17:26:52.838246,513
2026-09-16 17:26:52.846501,514
2026-09-16 17:26:52.854644,515
2026-09-16 17:26:52.862976,516
2026-09-16 17:26:52.875562,517
2026-09-16 17:26:52.883406,518
2026-09-16 17:26:52.891577,519
2026-09-16 17:26:52.903831,520
2026-09-16 17:26:52.912333,521
2026-09-16 17:26:52.924375,522
2026-09-16 17:26:52.936569,523
2026-09-16 17:26:52.948896,524
2026-09-16 17:26:52.965271,525
2026-09-16 17:26:52.981659,526
2026-09-16 17:26:53.010349,527
2026-09-16 17:26:53.092460,526
2026-09-16 17:26:53.112799,525
2026-09-16 17:26:53.129131,524
2026-09-16 17:26:53.145547,523
2026-09-16 17:26:53.157844,522
2026-09-16 17:26:53.170060,521
2026-09-16 17:26:53.182357,520
2026-09-16 17:26:53.190612,519
2026-09-16 17:26:53.202832,518
2026-09-16 17:26:53.211032,517
2026-09-16 17:26:53.219264,516
2026-09-16 17:26:53.231502,515
2026-09-16 17:26:53.239698,514
2026-09-16 17:26:53.247993,513
2026-09-16 17:26:53.260241,512
2026-09-16 17:26:53.268373,511
2026-09-16 17:26:53.277063,510
2026-09-16 17:26:53.284837,509
2026-09-16 17:26:53.297057,508
2026-09-16 17:26:53.305270,507
2026-09-16 17:26:53.317596,506
2026-09-16 17:26:53.325828,505
2026-09-16 17:26:53.338029,504
2026-09-16 17:26:53.350427,503
2026-09-16 17:26:53.362722,502
2026-09-16 17:26:53.374971,501
2026-09-16 17:26:53.391386,500
2026-09-16 17:26:53.415829,499
2026-09-16 17:26:53.452741,498
2026-09-16 17:26:53.506306,499
2026-09-16 17:26:53.530618,500
2026-09-16 17:26:53.550992,501
2026-09-16 17:26:53.563414,502
2026-09-16 17:26:53.579735,503
2026-09-16 17:26:53.592408,504
2026-09-16 17:26:53.604271,505
2026-09-16 17:26:53.616517,506
2026-09-16 17:26:53.624876,507
2026-09-16 17:26:53.637010,508
2026-09-16 17:26:53.645323,509
2026-09-16 17:26:53.657468,510
2026-09-16 17:26:53.665773,511
2026-09-16 17:26:53.674026,512
2026-09-16 17:26:53.686160,513
2026-09-16 17:26:53.694463,514
2026-09-16 17:26:53.702607,515
2026-09-16 17:26:53.714868,516
2026-09-16 17:26:53.723358,517
2026-09-16 17:26:53.735395,518
2026-09-16 17:26:53.747610,519
2026-09-16 17:26:53.755992,520
2026-09-16 17:26:53.768259,521
2026-09-16 17:26:53.784579,522
2026-09-16 17:26:53.796939,523
2026-09-16 17:26:53.813193,524
2026-09-16 17:26:53.833760,525
2026-09-16 17:26:53.874898,526
2026-09-16 17:26:53.931918,525
2026-09-16 17:26:53.956631,524
2026-09-16 17:26:53.977279,523
2026-09-16 17:26:53.989568,522
2026-09-16 17:26:54.005881,521
2026-09-16 17:26:54.018049,520
2026-09-16 17:26:54.030347,519
2026-09-16 17:26:54.042563,518
2026-09-16 17:26:54.054850,517
2026-09-16 17:26:54.063130,516
2026-09-16 17:26:54.075370,515
2026-09-16 17:26:54.083577,514
2026-09-16 17:26:54.095879,513
2026-09-16 17:26:54.104007,512
2026-09-16 17:26:54.116304,511
2026-09-16 17:26:54.124862,510
2026-09-16 17:26:54.136842,509
2026-09-16 17:26:54.145109,508
2026-09-16 17:26:54.157485,507
2026-09-16 17:26:54.169537,506
2026-09-16 17:26:54.181868,505
2026-09-16 17:26:54.194151,504
2026-09-16 17:26:54.206470,503
2026-09-16 17:26:54.222969,502
2026-09-16 17:26:54.243579,501
2026-09-16 17:26:54.267847,500
2026-09-16 17:26:54.337560,501
2026-09-16 17:26:54.370546,502
2026-09-16 17:26:54.395127,503
2026-09-16 17:26:54.411469,504
2026-09-16 17:26:54.427893,505
2026-09-16 17:26:54.439930,506
2026-09-16 17:26:54.452242,507
2026-09-16 17:26:54.464571,508
2026-09-16 17:26:54.476930,509
2026-09-16 17:26:54.489121,510
2026-09-16 17:26:54.497324,511
2026-09-16 17:26:54.509642,512
2026-09-16 17:26:54.521847,513
2026-09-16 17:26:54.530087,514
2026-09-16 17:26:54.542380,515
2026-09-16 17:26:54.554605,516
2026-09-16 17:26:54.562971,517
2026-09-16 17:26:54.575407,518
2026-09-16 17:26:54.587391,519
2026-09-16 17:26:54.599673,520
2026-09-16 17:26:54.612428,521
2026-09-16 17:26:54.628407,522
2026-09-16 17:26:54.644815,523
2026-09-16 17:26:54.665231,524
2026-09-16 17:26:54.689872,525
2026-09-16 17:26:54.763458,524
2026-09-16 17:26:54.796375,523
2026-09-16 17:26:54.816894,522
2026-09-16 17:26:54.837431,521
2026-09-16 17:26:54.853627,520
2026-09-16 17:26:54.865927,519
2026-09-16 17:26:54.878527,518
2026-09-16 17:26:54.895094,517
2026-09-16 17:26:54.907127,516
2026-09-16 17:26:54.915123,515
2026-09-16 17:26:54.927453,514
2026-09-16 17:26:54.939767,513
2026-09-16 17:26:54.951971,512
2026-09-16 17:26:54.964287,511
2026-09-16 17:26:54.972496,510
2026-09-16 17:26:54.984798,509
2026-09-16 17:26:54.997038,508
2026-09-16 17:26:55.009492,507
2026-09-16 17:26:55.025897,506
2026-09-16 17:26:55.038077,505
2026-09-16 17:26:55.054568,504
2026-09-16 17:26:55.070920,503
2026-09-16 17:26:55.091356,502
2026-09-16 17:26:55.124383,501
2026-09-16 17:26:55.210194,502
2026-09-16 17:26:55.238687,503
2026-09-16 17:26:55.255427,504
2026-09-16 17:26:55.275905,505
2026-09-16 17:26:55.287979,506
2026-09-16 17:26:55.304687,507
2026-09-16 17:26:55.316631,508
2026-09-16 17:26:55.328997,509
2026-09-16 17:26:55.341373,510
2026-09-16 17:26:55.353434,511
2026-09-16 17:26:55.365760,512
2026-09-16 17:26:55.378097,513
2026-09-16 17:26:55.390303,514
2026-09-16 17:26:55.402566,515
2026-09-16 17:26:55.414907,516
2026-09-16 17:26:55.431255,517
2026-09-16 17:26:55.443540,518
2026-09-16 17:26:55.455910,519
2026-09-16 17:26:55.472274,520
2026-09-16 17:26:55.492885,521
2026-09-16 17:26:55.513190,522
2026-09-16 17:26:55.545977,523
2026-09-16 17:26:55.636357,522
2026-09-16 17:26:55.664705,521
2026-09-16 17:26:55.685202,520
2026-09-16 17:26:55.701626,519
2026-09-16 17:26:55.717954,518
2026-09-16 17:26:55.730311,517
2026-09-16 17:26:55.746653,516
2026-09-16 17:26:55.759220,515
2026-09-16 17:26:55.771273,514
2026-09-16 17:26:55.783612,513
2026-09-16 17:26:55.799923,512
2026-09-16 17:26:55.812249,511
2026-09-16 17:26:55.824761,510
2026-09-16 17:26:55.836838,509
2026-09-16 17:26:55.853160,508
2026-09-16 17:26:55.865661,507
2026-09-16 17:26:55.881938,506
2026-09-16 17:26:55.898250,505
2026-09-16 17:26:55.918777,504
2026-09-16 17:26:55.943544,503
2026-09-16 17:26:56.000630,502
2026-09-16 17:26:56.049786,503
2026-09-16 17:26:56.082556,504
2026-09-16 17:26:56.103336,505
2026-09-16 17:26:56.123620,506
2026-09-16 17:26:56.140357,507
2026-09-16 17:26:56.156564,508
2026-09-16 17:26:56.172726,509
2026-09-16 17:26:56.184996,510
2026-09-16 17:26:56.201311,511
2026-09-16 17:26:56.213685,512
2026-09-16 17:26:56.226185,513
2026-09-16 17:26:56.242406,514
2026-09-16 17:26:56.254933,515
2026-09-16 17:26:56.271277,516
2026-09-16 17:26:56.287338,517
2026-09-16 17:26:56.303759,518
2026-09-16 17:26:56.320139,519
2026-09-16 17:26:56.340724,520
2026-09-16 17:26:56.365336,521
2026-09-16 17:26:56.422657,522
2026-09-16 17:26:56.471990,521
2026-09-16 17:26:56.504889,520
2026-09-16 17:26:56.529162,519
2026-09-16 17:26:56.549593,518
2026-09-16 17:26:56.570018,517
2026-09-16 17:26:56.586417,516
2026-09-16 17:26:56.602758,515
2026-09-16 17:26:56.615248,514
2026-09-16 17:26:56.631477,513
2026-09-16 17:26:56.647888,512
2026-09-16 17:26:56.660451,511
2026-09-16 17:26:56.676647,510
2026-09-16 17:26:56.693397,509
2026-09-16 17:26:56.709409,508
2026-09-16 17:26:56.729803,507
2026-09-16 17:26:56.746254,506
2026-09-16 17:26:56.770768,505
2026-09-16 17:26:56.803959,504
2026-09-16 17:26:56.873238,505
2026-09-16 17:26:56.922549,506
2026-09-16 17:26:56.950976,507
2026-09-16 17:26:56.971591,508
2026-09-16 17:26:56.992255,509
2026-09-16 17:26:57.008466,510
2026-09-16 17:26:57.028920,511
2026-09-16 17:26:57.045174,512
2026-09-16 17:26:57.061610,513
2026-09-16 17:26:57.077995,514
2026-09-16 17:26:57.094399,515
2026-09-16 17:26:57.110769,516
2026-09-16 17:26:57.127152,517
2026-09-16 17:26:57.143632,518
2026-09-16 17:26:57.168066,519
2026-09-16 17:26:57.192701,520
2026-09-16 17:26:57.225522,521
2026-09-16 17:26:57.295070,520
2026-09-16 17:26:57.348343,519
2026-09-16 17:26:57.377235,518
2026-09-16 17:26:57.401685,517
2026-09-16 17:26:57.422155,516
2026-09-16 17:26:57.442746,515
2026-09-16 17:26:57.459242,514
2026-09-16 17:26:57.475393,513
2026-09-16 17:26:57.495807,512
2026-09-16 17:26:57.512292,511
2026-09-16 17:26:57.528676,510
2026-09-16 17:26:57.549061,509
2026-09-16 17:26:57.569554,508
2026-09-16 17:26:57.594390,507
2026-09-16 17:26:57.622865,506
2026-09-16 17:26:57.672328,505
2026-09-16 17:26:57.758047,506
2026-09-16 17:26:57.794891,507
2026-09-16 17:26:57.819412,508
2026-09-16 17:26:57.844064,509
2026-09-16 17:26:57.864449,510
2026-09-16 17:26:57.884967,511
2026-09-16 17:26:57.905381,512
2026-09-16 17:26:57.922018,513
2026-09-16 17:26:57.942343,514
2026-09-16 17:26:57.962884,515
2026-09-16 17:26:57.987314,516
2026-09-16 17:26:58.011961,517
2026-09-16 17:26:58.040951,518
2026-09-16 17:26:58.090070,519
2026-09-16 17:26:58.184037,518
2026-09-16 17:26:58.220994,517
2026-09-16 17:26:58.249523,516
2026-09-16 17:26:58.274238,515
2026-09-16 17:26:58.298706,514
2026-09-16 17:26:58.319556,513
2026-09-16 17:26:58.343787,512
2026-09-16 17:26:58.364243,511
2026-09-16 17:26:58.384761,510
2026-09-16 17:26:58.409413,509
2026-09-16 17:26:58.438098,508
2026-09-16 17:26:58.478954,507
2026-09-16 17:26:58.577366,508
2026-09-16 17:26:58.634806,509
2026-09-16 17:26:58.667455,510
2026-09-16 17:26:58.696068,511
2026-09-16 17:26:58.720921,512
2026-09-16 17:26:58.749229,513
2026-09-16 17:26:58.773960,514
2026-09-16 17:26:58.798433,515
2026-09-16 17:26:58.827426,516
2026-09-16 17:26:58.856065,517
2026-09-16 17:26:58.896807,518
2026-09-16 17:26:59.003375,517
2026-09-16 17:26:59.064785,516
2026-09-16 17:26:59.101872,515
2026-09-16 17:26:59.134527,514
2026-09-16 17:26:59.163035,513
2026-09-16 17:26:59.191750,512
2026-09-16 17:26:59.220569,511
2026-09-16 17:26:59.249064,510
2026-09-16 17:26:59.290372,509
2026-09-16 17:26:59.343442,508
2026-09-16 17:26:59.470386,509
2026-09-16 17:26:59.519479,510
2026-09-16 17:26:59.556548,511
2026-09-16 17:26:59.589329,512
2026-09-16 17:26:59.621935,513
2026-09-16 17:26:59.658774,514
2026-09-16 17:26:59.699700,515
2026-09-16 17:26:59.761126,516
2026-09-16 17:26:59.900437,515
2026-09-16 17:26:59.953948,514
2026-09-16 17:26:59.998611,513
2026-09-16 17:27:00.040083,512
2026-09-16 17:27:00.080647,511
2026-09-16 17:27:00.133942,510
2026-09-16 17:27:00.293846,511
2026-09-16 17:27:00.371483,512
2026-09-16 17:27:00.424998,513
2026-09-16 17:27:00.477961,514
2026-09-16 17:27:00.539497,515
2026-09-16 17:27:00.724331,514
2026-09-16 17:27:00.818429,513
2026-09-16 17:27:00.892036,512
2026-09-16 17:27:00.982015,511
2026-09-16 17:27:01.236201,512
2026-09-16 17:27:01.367157,513
2026-09-16 17:27:01.789152,512
